sex,education,marital_status,region,employment_status,employment_type,h19_pers_income1,h19_pers_income2,h19_pers_income4,h19_cin,h19_din,debt_financial,debt_private,debt_card,debt_lease,debt_credit,debt_other,housing_debt_balance,housing_tenure,age,total_debt
1.0,7.0,5.0,3.0,9.0,1.0,3769.0,210.0,0.0,4170.0,3954.0,0.0,0.0,0.0,0.0,0.0,0.0,0.0,4.0,28.0,0.0
1.0,7.0,1.0,1.0,1.0,1.0,3804.0,1440.0,0.0,7128.0,6372.0,32500.0,0.0,0.0,0.0,0.0,0.0,30000.0,2.0,31.0,32500.0
1.0,6.0,5.0,3.0,9.0,1.0,3769.0,1440.0,668.0,2869.0,2693.8,0.0,0.0,0.0,0.0,0.0,0.0,0.0,3.0,23.0,0.0
1.0,6.0,5.0,2.0,2.0,1.0,3769.0,3120.0,0.0,4150.0,3850.0,0.0,0.0,0.0,0.0,0.0,0.0,0.0,3.0,35.0,0.0
2.0,7.0,5.0,2.0,1.0,1.0,4000.0,1440.0,0.0,18736.0,15328.0,34000.0,0.0,0.0,1800.0,0.0,0.0,10000.0,1.0,28.0,35800.0
1.0,6.0,1.0,3.0,1.0,1.0,6120.0,1440.0,0.0,11462.0,10130.0,0.0,0.0,200.0,0.0,0.0,0.0,0.0,1.0,33.0,200.0
1.0,7.0,1.0,3.0,1.0,1.0,5570.0,1440.0,0.0,6374.0,5558.0,5000.0,0.0,0.0,0.0,0.0,0.0,5000.0,2.0,32.0,5000.0
2.0,6.0,5.0,2.0,1.0,1.0,3864.0,1440.0,0.0,8669.0,8153.0,0.0,0.0,0.0,0.0,0.0,0.0,0.0,2.0,28.0,0.0
1.0,5.0,5.0,3.0,3.0,1.0,3769.0,678.0,0.0,2766.0,2730.0,0.0,0.0,0.0,0.0,0.0,0.0,0.0,4.0,35.0,0.0
1.0,5.0,5.0,5.0,1.0,1.0,3120.0,1440.0,0.0,9899.0,8939.0,8000.0,0.0,0.0,0.0,0.0,0.0,8000.0,2.0,31.0,8000.0
1.0,5.0,5.0,3.0,2.0,1.0,3769.0,3804.0,0.0,3864.0,3838.8,0.0,0.0,0.0,0.0,0.0,0.0,0.0,5.0,35.0,0.0
2.0,5.0,5.0,3.0,1.0,1.0,2813.0,1440.0,0.0,4993.0,4561.0,0.0,0.0,0.0,0.0,0.0,0.0,0.0,1.0,23.0,0.0
1.0,7.0,5.0,2.0,3.0,1.0,3769.0,875.0,0.0,5903.0,4079.0,2000.0,0.0,0.0,300.0,0.0,2016.0,0.0,6.0,23.0,4316.0
1.0,7.0,5.0,1.0,1.0,1.0,3216.0,1440.0,0.0,4236.0,3900.0,0.0,0.0,0.0,0.0,0.0,0.0,0.0,3.0,28.0,0.0
1.0,7.0,5.0,3.0,1.0,1.0,3140.0,1440.0,0.0,13292.0,10880.0,4600.0,0.0,1560.0,0.0,0.0,0.0,4600.0,1.0,26.0,6160.0
2.0,7.0,5.0,1.0,1.0,1.0,1844.0,1110.0,0.0,6252.0,5556.0,0.0,0.0,0.0,0.0,0.0,0.0,0.0,3.0,27.0,0.0
1.0,7.0,5.0,3.0,1.0,1.0,4404.0,1440.0,0.0,9001.0,8005.0,0.0,0.0,0.0,0.0,0.0,0.0,0.0,1.0,38.0,0.0
2.0,7.0,5.0,3.0,2.0,1.0,3769.0,2970.0,0.0,16896.0,15324.0,10640.0,0.0,0.0,9000.0,0.0,0.0,7640.0,1.0,24.0,19640.0
2.0,7.0,5.0,2.0,1.0,1.0,2635.0,1440.0,0.0,12341.0,11441.0,4000.0,0.0,150.0,0.0,0.0,0.0,4000.0,2.0,28.0,4150.0
2.0,5.0,5.0,3.0,1.0,1.0,5000.0,1440.0,0.0,9330.0,8550.0,15560.0,0.0,0.0,0.0,0.0,0.0,15560.0,1.0,31.0,15560.0
2.0,6.0,1.0,3.0,2.0,1.0,3769.0,2400.0,0.0,5700.0,5004.0,4000.0,0.0,960.0,0.0,0.0,0.0,0.0,6.0,32.0,4960.0
1.0,7.0,5.0,5.0,2.0,1.0,3769.0,3280.0,0.0,9458.0,8750.0,0.0,0.0,0.0,0.0,0.0,0.0,0.0,1.0,31.0,0.0
1.0,5.0,5.0,3.0,3.0,1.0,3769.0,1800.0,0.0,12165.0,11469.0,0.0,0.0,0.0,0.0,0.0,0.0,0.0,1.0,27.0,0.0
1.0,6.0,5.0,2.0,1.0,1.0,4320.0,1440.0,0.0,17300.0,15620.0,0.0,0.0,0.0,0.0,0.0,0.0,0.0,1.0,30.0,0.0
1.0,7.0,5.0,2.0,2.0,1.0,3769.0,198.0,0.0,4002.0,3910.8,4500.0,0.0,0.0,0.0,0.0,0.0,0.0,1.0,38.0,4500.0
2.0,6.0,5.0,1.0,1.0,1.0,5280.0,1440.0,0.0,10306.0,8446.0,0.0,0.0,0.0,0.0,0.0,0.0,0.0,3.0,35.0,0.0
2.0,6.0,5.0,3.0,1.0,1.0,3800.0,1440.0,0.0,4060.0,3652.0,0.0,0.0,0.0,0.0,0.0,0.0,0.0,2.0,30.0,0.0
1.0,7.0,1.0,3.0,1.0,1.0,3090.0,1440.0,0.0,5335.0,4927.0,2000.0,0.0,0.0,0.0,0.0,0.0,2000.0,2.0,33.0,2000.0
1.0,5.0,5.0,5.0,9.0,1.0,3769.0,324.0,0.0,5228.0,4700.0,0.0,0.0,0.0,0.0,0.0,0.0,0.0,5.0,20.0,0.0
2.0,7.0,5.0,3.0,9.0,1.0,3769.0,120.0,0.0,4378.0,4330.0,0.0,0.0,0.0,0.0,0.0,0.0,0.0,3.0,23.0,0.0
1.0,7.0,5.0,1.0,1.0,1.0,5974.0,1440.0,0.0,5974.0,5050.0,33800.0,0.0,0.0,0.0,0.0,0.0,33800.0,1.0,33.0,33800.0
2.0,6.0,5.0,4.0,2.0,1.0,3769.0,1488.0,0.0,7371.0,6975.0,0.0,0.0,0.0,0.0,0.0,0.0,0.0,2.0,21.0,0.0
2.0,5.0,5.0,2.0,2.0,1.0,3769.0,1920.0,0.0,3496.0,3344.8,0.0,0.0,0.0,0.0,0.0,0.0,0.0,5.0,34.0,0.0
2.0,7.0,5.0,4.0,2.0,1.0,3769.0,1148.0,0.0,4769.0,4673.0,600.0,0.0,0.0,0.0,0.0,0.0,0.0,5.0,38.0,600.0
1.0,5.0,5.0,2.0,2.0,1.0,3769.0,325.0,0.0,6023.0,5783.0,0.0,1000.0,0.0,0.0,0.0,0.0,0.0,3.0,31.0,1000.0
2.0,7.0,5.0,3.0,9.0,1.0,3769.0,400.0,0.0,10267.0,9163.0,0.0,0.0,0.0,0.0,0.0,0.0,0.0,1.0,20.0,0.0
1.0,6.0,5.0,3.0,1.0,1.0,4710.0,1440.0,0.0,8590.0,7594.0,0.0,0.0,0.0,0.0,0.0,0.0,0.0,3.0,29.0,0.0
2.0,7.0,1.0,2.0,1.0,1.0,4279.0,1440.0,0.0,7789.0,5281.0,41443.0,0.0,4000.0,0.0,0.0,0.0,41443.0,1.0,38.0,45443.0
1.0,6.0,1.0,3.0,3.0,1.0,3769.0,5100.0,0.0,7960.0,7336.0,0.0,0.0,0.0,0.0,0.0,0.0,0.0,3.0,35.0,0.0
2.0,7.0,1.0,2.0,1.0,1.0,3444.0,1440.0,0.0,7020.0,6072.0,10000.0,0.0,0.0,0.0,0.0,0.0,10000.0,2.0,33.0,10000.0
1.0,5.0,1.0,5.0,6.0,1.0,3769.0,1440.0,0.0,4940.0,4172.0,1000.0,0.0,0.0,0.0,0.0,0.0,0.0,3.0,31.0,1000.0
2.0,6.0,5.0,3.0,1.0,1.0,2660.0,1440.0,0.0,8003.0,7103.0,7000.0,0.0,0.0,0.0,0.0,0.0,0.0,3.0,31.0,7000.0
2.0,6.0,5.0,2.0,1.0,1.0,3233.0,1440.0,0.0,11210.0,10322.0,12425.0,0.0,220.0,0.0,0.0,0.0,12425.0,1.0,28.0,12645.0
2.0,7.0,5.0,3.0,3.0,1.0,3769.0,1050.0,0.0,49620.0,47244.0,20000.0,0.0,0.0,1000.0,0.0,0.0,10000.0,1.0,24.0,21000.0
2.0,7.0,5.0,2.0,9.0,1.0,3769.0,462.0,0.0,3342.0,3330.0,750.0,0.0,0.0,0.0,0.0,0.0,0.0,3.0,23.0,750.0
2.0,6.0,5.0,3.0,1.0,1.0,3120.0,1440.0,0.0,11484.0,9984.0,9000.0,0.0,0.0,0.0,0.0,0.0,9000.0,1.0,27.0,9000.0
1.0,7.0,5.0,2.0,9.0,1.0,3769.0,960.0,0.0,9768.0,9072.0,17265.0,5000.0,70.0,1000.0,0.0,0.0,11615.0,1.0,28.0,23335.0
1.0,5.0,5.0,1.0,2.0,1.0,1248.0,270.0,0.0,12104.0,11060.0,2400.0,4600.0,0.0,0.0,0.0,0.0,0.0,3.0,24.0,7000.0
2.0,7.0,1.0,3.0,1.0,1.0,2766.0,1440.0,0.0,8489.0,7397.0,21820.0,0.0,0.0,0.0,0.0,0.0,18320.0,1.0,36.0,21820.0
1.0,6.0,1.0,4.0,1.0,1.0,4724.0,1440.0,0.0,6300.0,5820.0,14766.0,0.0,0.0,0.0,0.0,0.0,14766.0,1.0,34.0,14766.0
2.0,7.0,1.0,3.0,1.0,1.0,4204.0,1440.0,0.0,10578.0,9198.0,19999.0,0.0,0.0,0.0,0.0,0.0,19999.0,1.0,34.0,19999.0
2.0,6.0,1.0,3.0,2.0,3.0,3769.0,1120.0,0.0,7425.0,7209.0,3365.0,0.0,0.0,0.0,0.0,0.0,3365.0,1.0,34.0,3365.0
2.0,7.0,1.0,4.0,6.0,1.0,3769.0,1440.0,0.0,3104.0,3068.0,0.0,0.0,0.0,0.0,0.0,0.0,0.0,1.0,25.0,0.0
1.0,5.0,5.0,2.0,9.0,1.0,3769.0,180.0,0.0,8420.0,8254.4,2200.0,0.0,150.0,0.0,0.0,0.0,2200.0,1.0,22.0,2350.0
2.0,7.0,5.0,2.0,1.0,1.0,3830.0,1440.0,0.0,3950.0,3542.0,0.0,0.0,0.0,0.0,0.0,0.0,0.0,3.0,33.0,0.0
1.0,7.0,5.0,2.0,9.0,1.0,3769.0,1080.0,0.0,14347.0,12631.0,3000.0,0.0,500.0,700.0,0.0,0.0,0.0,1.0,22.0,4200.0
1.0,7.0,5.0,3.0,9.0,1.0,3769.0,480.0,0.0,11098.0,8230.0,0.0,0.0,0.0,0.0,0.0,0.0,0.0,2.0,23.0,0.0
1.0,6.0,5.0,2.0,1.0,1.0,3120.0,1440.0,0.0,3170.0,2882.0,0.0,0.0,0.0,0.0,0.0,0.0,0.0,2.0,28.0,0.0
1.0,6.0,5.0,2.0,1.0,1.0,6280.0,1440.0,0.0,13224.0,12084.0,0.0,0.0,0.0,0.0,0.0,0.0,0.0,1.0,30.0,0.0
1.0,6.0,1.0,3.0,6.0,1.0,3769.0,1440.0,0.0,7820.0,7424.0,2882.0,0.0,0.0,3000.0,0.0,0.0,2882.0,1.0,37.0,5882.0
2.0,7.0,5.0,2.0,2.0,1.0,3769.0,1900.0,0.0,9035.0,7991.0,9161.0,3000.0,6041.0,0.0,0.0,0.0,9161.0,1.0,25.0,18202.0
1.0,7.0,5.0,1.0,1.0,1.0,4766.0,1440.0,0.0,12153.0,11361.0,0.0,0.0,0.0,2800.0,0.0,0.0,0.0,1.0,30.0,2800.0
1.0,5.0,5.0,1.0,1.0,1.0,2938.0,1440.0,0.0,3038.0,2762.0,150.0,0.0,0.0,0.0,0.0,0.0,0.0,3.0,30.0,150.0
1.0,5.0,5.0,2.0,2.0,1.0,3769.0,3000.0,0.0,8518.0,8218.0,4000.0,0.0,180.0,0.0,0.0,0.0,4000.0,1.0,27.0,4180.0
1.0,5.0,5.0,1.0,1.0,1.0,2838.0,1440.0,0.0,9487.0,8647.0,2000.0,0.0,0.0,0.0,0.0,0.0,0.0,2.0,32.0,2000.0
2.0,7.0,5.0,1.0,2.0,1.0,3769.0,320.0,0.0,11615.0,11087.0,2533.0,0.0,0.0,0.0,0.0,0.0,2500.0,3.0,26.0,2533.0
1.0,7.0,1.0,1.0,1.0,1.0,5739.0,1440.0,0.0,11669.0,10085.0,28000.0,0.0,0.0,0.0,0.0,0.0,28000.0,1.0,37.0,28000.0
1.0,6.0,5.0,3.0,1.0,1.0,4200.0,1440.0,0.0,8197.0,7393.0,0.0,0.0,0.0,0.0,0.0,0.0,0.0,1.0,26.0,0.0
1.0,5.0,5.0,2.0,1.0,1.0,3700.0,1440.0,0.0,13180.0,11680.0,0.0,0.0,1750.0,1000.0,0.0,0.0,0.0,1.0,37.0,2750.0
1.0,5.0,5.0,3.0,1.0,1.0,4625.0,1440.0,0.0,13680.0,12432.0,14875.0,0.0,5000.0,0.0,0.0,0.0,14292.0,1.0,25.0,19875.0
2.0,8.0,1.0,3.0,2.0,3.0,3769.0,2630.0,0.0,4727.0,4475.0,13500.0,0.0,0.0,0.0,0.0,0.0,13500.0,2.0,33.0,13500.0
2.0,7.0,5.0,1.0,2.0,1.0,3769.0,3080.0,0.0,47110.0,45646.0,0.0,0.0,0.0,0.0,0.0,0.0,0.0,1.0,25.0,0.0
1.0,5.0,5.0,3.0,2.0,2.0,3769.0,2389.0,0.0,2926.0,2770.0,0.0,0.0,0.0,0.0,0.0,0.0,0.0,3.0,36.0,0.0
1.0,7.0,1.0,2.0,1.0,1.0,3200.0,1440.0,0.0,6860.0,6464.0,8847.0,0.0,0.0,0.0,0.0,0.0,8847.0,1.0,36.0,8847.0
1.0,7.0,5.0,3.0,1.0,1.0,1320.0,1440.0,0.0,8719.0,8215.0,0.0,0.0,0.0,25000.0,0.0,0.0,0.0,1.0,26.0,25000.0
2.0,7.0,1.0,3.0,2.0,1.0,3769.0,2940.0,0.0,6912.0,6240.0,22400.0,0.0,0.0,0.0,0.0,0.0,14400.0,2.0,32.0,22400.0
1.0,6.0,5.0,2.0,2.0,2.0,3769.0,2941.0,0.0,5843.0,5267.0,0.0,0.0,100.0,2500.0,0.0,0.0,0.0,1.0,26.0,2600.0
2.0,5.0,5.0,2.0,1.0,1.0,2932.0,1440.0,0.0,32929.0,31609.0,552.0,0.0,0.0,0.0,0.0,0.0,552.0,1.0,21.0,552.0
2.0,7.0,1.0,2.0,1.0,1.0,1294.0,1440.0,0.0,8176.0,6940.0,5000.0,0.0,0.0,0.0,0.0,0.0,5000.0,1.0,36.0,5000.0
2.0,7.0,5.0,1.0,1.0,1.0,3328.0,1440.0,0.0,3400.0,3100.0,0.0,0.0,0.0,0.0,0.0,0.0,0.0,2.0,29.0,0.0
1.0,5.0,5.0,3.0,1.0,1.0,3510.0,1440.0,0.0,5526.0,5022.0,0.0,0.0,0.0,0.0,0.0,0.0,0.0,3.0,39.0,0.0
1.0,7.0,5.0,3.0,2.0,3.0,3769.0,4800.0,0.0,13880.0,13436.0,0.0,0.0,0.0,0.0,0.0,0.0,0.0,1.0,32.0,0.0
2.0,7.0,5.0,3.0,1.0,1.0,4412.0,1440.0,0.0,10126.0,8734.0,11453.0,0.0,0.0,0.0,0.0,0.0,9500.0,1.0,26.0,11453.0
1.0,7.0,1.0,2.0,1.0,1.0,6600.0,1440.0,0.0,8050.0,7210.0,39147.0,0.0,0.0,16000.0,0.0,0.0,39147.0,1.0,35.0,55147.0
2.0,7.0,5.0,2.0,3.0,1.0,3769.0,1200.0,0.0,11656.0,10924.0,14544.0,0.0,0.0,1000.0,0.0,0.0,14544.0,1.0,21.0,15544.0
2.0,7.0,5.0,2.0,1.0,1.0,1032.0,1440.0,0.0,10336.0,8320.0,13220.0,0.0,0.0,0.0,0.0,0.0,13220.0,1.0,24.0,13220.0
1.0,7.0,5.0,1.0,1.0,1.0,4264.0,1440.0,0.0,4652.0,4040.0,0.0,0.0,0.0,24500.0,0.0,0.0,0.0,1.0,36.0,24500.0
1.0,8.0,5.0,3.0,1.0,1.0,2062.0,420.0,100.0,3070.0,2686.0,11990.0,0.0,0.0,0.0,0.0,0.0,9000.0,1.0,34.0,11990.0
1.0,7.0,5.0,3.0,3.0,1.0,3769.0,1080.0,0.0,5109.0,4963.8,9000.0,0.0,0.0,0.0,0.0,0.0,9000.0,2.0,21.0,9000.0
2.0,5.0,1.0,3.0,2.0,1.0,3769.0,781.0,0.0,7882.0,7702.0,6050.0,0.0,1600.0,0.0,0.0,0.0,3400.0,1.0,25.0,7650.0
2.0,7.0,5.0,3.0,1.0,1.0,5436.0,1440.0,0.0,5556.0,4812.0,0.0,0.0,0.0,0.0,0.0,0.0,0.0,6.0,29.0,0.0
2.0,6.0,5.0,3.0,9.0,1.0,3769.0,858.0,0.0,3982.0,3742.0,0.0,0.0,0.0,0.0,0.0,0.0,0.0,1.0,29.0,0.0
1.0,7.0,5.0,2.0,2.0,1.0,3769.0,1200.0,0.0,10204.0,9784.0,0.0,0.0,230.0,0.0,0.0,0.0,0.0,1.0,24.0,230.0
1.0,7.0,5.0,1.0,1.0,1.0,4630.0,1440.0,0.0,8159.0,7511.0,8000.0,0.0,0.0,0.0,0.0,0.0,8000.0,1.0,32.0,8000.0
1.0,8.0,1.0,2.0,1.0,1.0,6637.0,1440.0,0.0,12481.0,10345.0,40000.0,0.0,0.0,0.0,0.0,0.0,40000.0,1.0,33.0,40000.0
1.0,5.0,5.0,3.0,9.0,1.0,3769.0,3647.0,0.0,11417.0,10169.0,1000.0,0.0,0.0,0.0,0.0,0.0,2350.0,1.0,35.0,1000.0
2.0,7.0,5.0,2.0,9.0,1.0,3769.0,120.0,0.0,8154.0,7170.0,25700.0,0.0,400.0,0.0,0.0,0.0,15000.0,1.0,20.0,26100.0
1.0,8.0,1.0,3.0,1.0,1.0,4440.0,1440.0,0.0,6381.0,6249.0,6800.0,0.0,0.0,0.0,0.0,0.0,6800.0,3.0,35.0,6800.0
2.0,7.0,1.0,2.0,2.0,3.0,3769.0,6106.0,0.0,10862.0,9914.0,16000.0,0.0,0.0,0.0,0.0,0.0,16000.0,2.0,38.0,16000.0
2.0,6.0,5.0,2.0,1.0,1.0,4650.0,1440.0,0.0,13086.0,10890.0,15000.0,0.0,0.0,0.0,0.0,0.0,15000.0,1.0,27.0,15000.0
1.0,7.0,5.0,3.0,2.0,1.0,3769.0,3600.0,0.0,3740.0,3680.0,0.0,0.0,0.0,0.0,0.0,0.0,0.0,3.0,36.0,0.0
2.0,5.0,5.0,3.0,3.0,1.0,3769.0,1368.0,0.0,3686.0,3470.0,0.0,0.0,0.0,0.0,0.0,0.0,0.0,1.0,30.0,0.0
1.0,9.0,1.0,3.0,1.0,1.0,10512.0,1440.0,0.0,23952.0,18492.0,0.0,0.0,0.0,6000.0,0.0,0.0,0.0,2.0,37.0,6000.0
2.0,7.0,1.0,2.0,1.0,1.0,750.0,1440.0,0.0,6664.0,6124.0,11600.0,0.0,0.0,0.0,0.0,0.0,11600.0,1.0,28.0,11600.0
1.0,5.0,5.0,2.0,6.0,1.0,3769.0,1440.0,0.0,15374.0,13994.0,3800.0,0.0,2700.0,0.0,0.0,0.0,3800.0,1.0,28.0,6500.0
2.0,7.0,5.0,2.0,1.0,1.0,5765.0,1440.0,0.0,15750.0,14478.0,7242.0,0.0,0.0,0.0,0.0,0.0,7242.0,1.0,29.0,7242.0
2.0,8.0,1.0,1.0,9.0,1.0,940.0,1440.0,0.0,11516.0,9836.0,0.0,0.0,0.0,50000.0,0.0,0.0,0.0,2.0,35.0,50000.0
2.0,6.0,5.0,1.0,3.0,1.0,3769.0,440.0,0.0,3840.0,3396.0,0.0,0.0,0.0,0.0,0.0,0.0,0.0,1.0,36.0,0.0
2.0,7.0,5.0,2.0,3.0,1.0,3769.0,600.0,0.0,4480.0,4060.0,0.0,0.0,0.0,0.0,0.0,0.0,0.0,2.0,21.0,0.0
1.0,7.0,1.0,3.0,1.0,1.0,4590.0,1440.0,0.0,13456.0,12748.0,14906.0,0.0,0.0,0.0,0.0,0.0,14906.0,1.0,36.0,14906.0
1.0,5.0,5.0,3.0,2.0,1.0,3769.0,2530.0,0.0,5074.0,4570.0,0.0,0.0,1471.0,0.0,0.0,0.0,0.0,3.0,25.0,1471.0
2.0,7.0,5.0,1.0,2.0,1.0,3769.0,2376.0,0.0,3684.0,3492.0,0.0,0.0,0.0,0.0,0.0,0.0,0.0,3.0,26.0,0.0
2.0,7.0,5.0,1.0,1.0,1.0,5616.0,1440.0,0.0,10720.0,9676.0,0.0,0.0,0.0,0.0,0.0,0.0,0.0,1.0,33.0,0.0
2.0,7.0,1.0,3.0,2.0,1.0,3769.0,2000.0,0.0,6430.0,5914.0,0.0,0.0,0.0,0.0,0.0,0.0,0.0,1.0,38.0,0.0
1.0,7.0,1.0,4.0,2.0,1.0,3769.0,4336.0,0.0,6834.0,6234.0,0.0,0.0,422.0,0.0,0.0,0.0,0.0,3.0,30.0,422.0
2.0,7.0,5.0,1.0,2.0,1.0,3769.0,3720.0,0.0,3720.0,3336.0,0.0,0.0,0.0,0.0,0.0,0.0,0.0,2.0,38.0,0.0
2.0,5.0,5.0,3.0,9.0,1.0,3769.0,150.0,0.0,10268.0,9560.0,0.0,0.0,0.0,4000.0,0.0,0.0,0.0,1.0,20.0,4000.0
1.0,6.0,5.0,2.0,2.0,1.0,3769.0,880.0,0.0,9788.0,8180.0,0.0,0.0,0.0,0.0,0.0,0.0,0.0,1.0,26.0,0.0
1.0,7.0,1.0,2.0,1.0,1.0,10040.0,1440.0,0.0,25905.0,22365.0,27740.0,0.0,0.0,0.0,0.0,0.0,19000.0,1.0,32.0,27740.0
1.0,5.0,5.0,3.0,3.0,1.0,3769.0,3840.0,0.0,15766.0,15022.0,3000.0,0.0,0.0,0.0,0.0,0.0,3000.0,1.0,23.0,3000.0
2.0,7.0,1.0,2.0,1.0,1.0,3112.0,1440.0,0.0,3787.0,3511.0,0.0,25000.0,0.0,0.0,0.0,0.0,0.0,3.0,29.0,25000.0
2.0,6.0,1.0,3.0,1.0,1.0,4140.0,1440.0,0.0,9220.0,8716.0,13500.0,0.0,0.0,0.0,0.0,0.0,13500.0,2.0,32.0,13500.0
2.0,6.0,5.0,3.0,2.0,3.0,3769.0,4320.0,0.0,18280.0,16120.0,0.0,0.0,0.0,0.0,0.0,0.0,0.0,1.0,32.0,0.0
2.0,7.0,5.0,2.0,8.0,1.0,660.0,300.0,0.0,1534.0,1414.0,0.0,0.0,0.0,0.0,0.0,0.0,0.0,3.0,30.0,0.0
2.0,5.0,3.0,3.0,2.0,1.0,3769.0,1440.0,0.0,9848.0,9284.0,700.0,0.0,0.0,0.0,0.0,0.0,0.0,1.0,31.0,700.0
2.0,7.0,5.0,4.0,1.0,1.0,2196.0,1440.0,0.0,2232.0,1956.0,0.0,0.0,0.0,0.0,0.0,0.0,0.0,6.0,28.0,0.0
2.0,7.0,1.0,1.0,1.0,1.0,6640.0,1440.0,0.0,18238.0,13954.0,53950.0,0.0,0.0,0.0,0.0,10000.0,49950.0,1.0,35.0,63950.0
2.0,5.0,5.0,3.0,6.0,1.0,3769.0,1440.0,0.0,5631.0,5475.0,0.0,0.0,0.0,0.0,0.0,0.0,0.0,1.0,37.0,0.0
1.0,7.0,1.0,3.0,1.0,2.0,3920.0,1440.0,0.0,9410.0,8570.0,16270.0,0.0,0.0,0.0,0.0,0.0,12270.0,1.0,32.0,16270.0
1.0,6.0,5.0,3.0,2.0,1.0,3769.0,4968.0,0.0,5048.0,4424.0,0.0,0.0,0.0,0.0,0.0,0.0,0.0,5.0,36.0,0.0
2.0,7.0,5.0,1.0,1.0,1.0,5559.0,1440.0,0.0,9032.0,8180.0,0.0,0.0,0.0,0.0,0.0,0.0,0.0,1.0,37.0,0.0
1.0,5.0,5.0,3.0,9.0,1.0,3769.0,350.0,0.0,5170.0,5026.0,3400.0,0.0,0.0,0.0,0.0,0.0,1900.0,1.0,25.0,3400.0
2.0,7.0,5.0,1.0,2.0,1.0,3769.0,2535.0,0.0,3687.0,3483.0,0.0,0.0,0.0,0.0,0.0,0.0,0.0,3.0,26.0,0.0
1.0,7.0,5.0,3.0,9.0,1.0,3769.0,512.0,0.0,7775.0,7019.0,1171.0,0.0,0.0,0.0,0.0,600.0,1171.0,1.0,23.0,1771.0
1.0,6.0,5.0,3.0,9.0,1.0,3769.0,682.0,0.0,2232.0,2178.0,10000.0,0.0,0.0,0.0,0.0,0.0,0.0,3.0,22.0,10000.0
1.0,5.0,5.0,1.0,2.0,1.0,3769.0,3975.0,0.0,5326.0,5038.0,0.0,0.0,0.0,0.0,0.0,0.0,0.0,5.0,30.0,0.0
1.0,6.0,5.0,2.0,1.0,1.0,10520.0,1440.0,0.0,17820.0,15204.0,50000.0,0.0,0.0,0.0,0.0,0.0,0.0,1.0,32.0,50000.0
1.0,6.0,5.0,3.0,8.0,1.0,3769.0,575.0,0.0,4292.0,3980.0,0.0,0.0,0.0,0.0,0.0,0.0,0.0,2.0,27.0,0.0
2.0,7.0,5.0,1.0,2.0,1.0,3769.0,787.0,0.0,3887.0,3825.8,18900.0,0.0,0.0,0.0,0.0,0.0,18900.0,2.0,26.0,18900.0
1.0,7.0,5.0,3.0,8.0,1.0,1091.0,400.0,0.0,2169.0,2063.4,0.0,0.0,0.0,0.0,0.0,0.0,0.0,3.0,29.0,0.0
1.0,6.0,5.0,2.0,2.0,1.0,3769.0,2775.0,0.0,2775.0,2595.0,0.0,0.0,0.0,0.0,0.0,0.0,0.0,3.0,26.0,0.0
1.0,7.0,5.0,2.0,2.0,1.0,3769.0,1400.0,0.0,11834.0,9950.0,30000.0,0.0,0.0,0.0,0.0,0.0,0.0,3.0,26.0,30000.0
2.0,5.0,1.0,3.0,9.0,1.0,3769.0,1596.0,0.0,3096.0,3046.8,5000.0,0.0,0.0,0.0,0.0,0.0,0.0,3.0,28.0,5000.0
1.0,7.0,5.0,1.0,1.0,1.0,5440.0,1440.0,0.0,5640.0,4860.0,0.0,0.0,0.0,0.0,0.0,0.0,0.0,3.0,34.0,0.0
1.0,5.0,5.0,2.0,2.0,1.0,3769.0,3035.0,0.0,11566.0,10270.0,2184.0,0.0,300.0,0.0,0.0,0.0,0.0,1.0,26.0,2484.0
1.0,5.0,5.0,3.0,1.0,1.0,3090.0,1440.0,0.0,3166.0,2830.0,0.0,0.0,0.0,0.0,0.0,0.0,0.0,3.0,28.0,0.0
1.0,7.0,5.0,3.0,9.0,1.0,3769.0,1440.0,716.0,3258.0,3102.0,7100.0,0.0,0.0,0.0,0.0,0.0,7100.0,2.0,26.0,7100.0
2.0,7.0,1.0,4.0,1.0,1.0,2400.0,1440.0,0.0,6920.0,6476.0,0.0,0.0,0.0,0.0,0.0,0.0,0.0,1.0,37.0,0.0
1.0,7.0,5.0,3.0,9.0,1.0,3769.0,1440.0,1179.0,10373.0,9305.0,9368.0,0.0,0.0,0.0,0.0,0.0,7068.0,1.0,22.0,9368.0
2.0,7.0,1.0,3.0,1.0,1.0,6820.0,1440.0,0.0,33732.0,32664.0,21600.0,0.0,200.0,0.0,0.0,0.0,16600.0,1.0,36.0,21800.0
1.0,7.0,1.0,3.0,2.0,1.0,3769.0,1050.0,0.0,33732.0,32664.0,21600.0,0.0,200.0,0.0,0.0,0.0,16600.0,1.0,36.0,21800.0
2.0,7.0,5.0,3.0,1.0,1.0,3334.0,1440.0,0.0,3784.0,3400.0,0.0,0.0,60.0,0.0,0.0,0.0,0.0,3.0,26.0,60.0
1.0,6.0,5.0,2.0,1.0,1.0,2040.0,1440.0,0.0,5187.0,4623.0,6000.0,1000.0,0.0,0.0,0.0,0.0,6000.0,1.0,28.0,7000.0
2.0,7.0,1.0,2.0,2.0,1.0,3769.0,972.0,0.0,9431.0,7775.0,6517.0,0.0,0.0,0.0,0.0,0.0,6517.0,1.0,36.0,6517.0
2.0,5.0,5.0,1.0,2.0,1.0,3769.0,1001.0,0.0,5229.0,4785.0,1390.0,0.0,0.0,0.0,0.0,0.0,0.0,3.0,21.0,1390.0
2.0,6.0,1.0,3.0,2.0,1.0,3769.0,4000.0,0.0,10467.0,9183.0,6000.0,0.0,0.0,0.0,0.0,0.0,0.0,3.0,39.0,6000.0
2.0,7.0,5.0,1.0,1.0,1.0,2000.0,1440.0,0.0,2844.0,2640.0,7000.0,0.0,0.0,0.0,0.0,0.0,0.0,3.0,28.0,7000.0
1.0,7.0,1.0,2.0,1.0,1.0,7750.0,1440.0,0.0,11762.0,10334.0,3000.0,0.0,0.0,0.0,0.0,0.0,0.0,2.0,39.0,3000.0
1.0,7.0,5.0,1.0,2.0,1.0,3769.0,13160.0,0.0,13160.0,12356.0,3000.0,0.0,0.0,0.0,0.0,0.0,0.0,3.0,33.0,3000.0
2.0,6.0,5.0,2.0,2.0,1.0,3769.0,4128.0,0.0,4481.0,3677.0,20000.0,0.0,0.0,0.0,0.0,2000.0,22000.0,1.0,33.0,22000.0
1.0,7.0,5.0,3.0,1.0,1.0,3720.0,1440.0,0.0,7577.0,6989.0,0.0,0.0,0.0,0.0,0.0,0.0,0.0,1.0,31.0,0.0
2.0,7.0,5.0,3.0,1.0,1.0,4900.0,1440.0,0.0,16004.0,14036.0,0.0,0.0,0.0,7000.0,0.0,0.0,0.0,1.0,37.0,7000.0
1.0,6.0,5.0,3.0,3.0,1.0,3769.0,1152.0,0.0,3215.0,3213.8,0.0,0.0,0.0,0.0,0.0,0.0,0.0,4.0,27.0,0.0
1.0,7.0,1.0,3.0,1.0,1.0,4500.0,1440.0,0.0,7778.0,6914.0,4000.0,0.0,0.0,0.0,0.0,0.0,4000.0,2.0,34.0,4000.0
1.0,5.0,5.0,3.0,1.0,1.0,3189.0,1440.0,0.0,15889.0,14725.0,0.0,0.0,0.0,0.0,0.0,0.0,0.0,1.0,28.0,0.0
1.0,7.0,5.0,2.0,9.0,1.0,3769.0,1440.0,753.0,3058.0,2938.0,3692.0,0.0,0.0,0.0,0.0,0.0,0.0,1.0,23.0,3692.0
2.0,6.0,5.0,3.0,9.0,1.0,3769.0,600.0,0.0,9646.0,8722.0,0.0,0.0,0.0,0.0,0.0,0.0,0.0,1.0,22.0,0.0
1.0,6.0,5.0,2.0,1.0,1.0,3136.0,1440.0,0.0,9208.0,8056.0,440.0,0.0,0.0,0.0,0.0,0.0,0.0,1.0,29.0,440.0
2.0,7.0,5.0,3.0,1.0,1.0,4150.0,1440.0,0.0,4359.0,3891.0,0.0,0.0,0.0,0.0,0.0,0.0,0.0,3.0,28.0,0.0
1.0,6.0,5.0,2.0,9.0,1.0,900.0,500.0,0.0,16740.0,13896.0,0.0,0.0,0.0,0.0,0.0,0.0,0.0,1.0,25.0,0.0
1.0,7.0,1.0,3.0,1.0,1.0,4100.0,1440.0,0.0,8821.0,8101.0,18000.0,0.0,0.0,0.0,0.0,0.0,10000.0,2.0,37.0,18000.0
2.0,5.0,5.0,2.0,1.0,1.0,1075.0,1440.0,0.0,6954.0,6762.0,10656.0,0.0,0.0,0.0,0.0,3150.0,13656.0,1.0,20.0,13806.0
2.0,5.0,5.0,5.0,1.0,1.0,2820.0,1440.0,0.0,6886.0,6058.0,14000.0,0.0,0.0,0.0,0.0,0.0,14000.0,1.0,27.0,14000.0
2.0,7.0,5.0,2.0,1.0,1.0,2353.0,1440.0,0.0,8233.0,6877.0,11110.0,0.0,0.0,0.0,0.0,0.0,10110.0,1.0,33.0,11110.0
2.0,7.0,1.0,2.0,1.0,1.0,6239.0,1440.0,0.0,11991.0,7767.0,29000.0,0.0,0.0,0.0,0.0,0.0,0.0,1.0,37.0,29000.0
2.0,7.0,5.0,1.0,2.0,1.0,3769.0,3000.0,0.0,10164.0,9276.0,0.0,0.0,0.0,0.0,0.0,0.0,0.0,3.0,26.0,0.0
1.0,7.0,1.0,3.0,1.0,1.0,3014.0,1440.0,0.0,4861.0,4357.0,34000.0,0.0,0.0,0.0,0.0,0.0,0.0,3.0,39.0,34000.0
1.0,7.0,5.0,3.0,6.0,1.0,3769.0,1440.0,0.0,8368.0,7060.0,0.0,0.0,0.0,0.0,0.0,0.0,0.0,1.0,29.0,0.0
2.0,5.0,5.0,1.0,3.0,1.0,3769.0,1560.0,0.0,2620.0,2596.0,1800.0,0.0,0.0,0.0,0.0,0.0,0.0,3.0,36.0,1800.0
2.0,7.0,5.0,3.0,1.0,1.0,2500.0,1440.0,0.0,4366.0,4078.0,0.0,0.0,0.0,0.0,0.0,0.0,0.0,1.0,35.0,0.0
2.0,5.0,5.0,4.0,2.0,1.0,3769.0,1140.0,0.0,6662.0,6386.0,0.0,0.0,1196.0,0.0,0.0,0.0,0.0,5.0,23.0,1196.0
1.0,6.0,5.0,3.0,9.0,1.0,3769.0,2578.0,0.0,2688.0,2686.8,0.0,0.0,0.0,0.0,0.0,0.0,0.0,3.0,26.0,0.0
2.0,5.0,1.0,1.0,3.0,1.0,3769.0,596.0,0.0,12549.0,11409.0,3000.0,0.0,0.0,29500.0,0.0,0.0,0.0,5.0,39.0,32500.0
1.0,6.0,1.0,2.0,6.0,1.0,3769.0,1440.0,0.0,6184.0,6178.0,9700.0,0.0,0.0,0.0,0.0,0.0,0.0,3.0,31.0,9700.0
1.0,5.0,5.0,1.0,9.0,1.0,3769.0,2528.0,0.0,7971.0,7623.0,1433.0,0.0,0.0,0.0,0.0,0.0,0.0,3.0,25.0,1433.0
1.0,7.0,5.0,2.0,1.0,1.0,3240.0,1440.0,0.0,9130.0,8410.0,25480.0,0.0,0.0,5000.0,0.0,0.0,0.0,1.0,29.0,30480.0
1.0,6.0,5.0,2.0,2.0,2.0,3769.0,6960.0,0.0,8064.0,7068.0,0.0,0.0,0.0,0.0,0.0,0.0,0.0,5.0,26.0,0.0
1.0,5.0,5.0,1.0,3.0,1.0,3769.0,3108.0,0.0,11515.0,10759.0,0.0,0.0,0.0,0.0,0.0,0.0,0.0,2.0,32.0,0.0
1.0,7.0,5.0,2.0,2.0,1.0,3769.0,1260.0,0.0,11544.0,11172.0,3000.0,0.0,0.0,0.0,0.0,0.0,0.0,5.0,24.0,3000.0
2.0,6.0,5.0,3.0,1.0,1.0,2926.0,1440.0,0.0,11064.0,10128.0,0.0,0.0,280.0,1500.0,0.0,0.0,0.0,1.0,25.0,1780.0
1.0,5.0,5.0,3.0,1.0,1.0,3150.0,1440.0,0.0,10717.0,9445.0,2983.0,0.0,0.0,0.0,0.0,0.0,2983.0,1.0,24.0,2983.0
2.0,7.0,5.0,1.0,9.0,1.0,3769.0,150.0,420.0,13163.0,11207.0,54336.0,0.0,0.0,10500.0,0.0,0.0,1094.0,1.0,21.0,64836.0
1.0,7.0,5.0,3.0,1.0,1.0,2042.0,1440.0,0.0,12481.0,10681.0,0.0,0.0,0.0,0.0,0.0,0.0,0.0,1.0,26.0,0.0
1.0,5.0,5.0,1.0,2.0,1.0,3769.0,3144.0,0.0,47110.0,45646.0,0.0,0.0,0.0,0.0,0.0,0.0,0.0,1.0,26.0,0.0
2.0,6.0,5.0,2.0,9.0,1.0,3769.0,525.0,0.0,2123.0,2097.8,1660.0,0.0,0.0,0.0,0.0,0.0,0.0,3.0,27.0,1660.0
1.0,7.0,1.0,2.0,1.0,1.0,3600.0,1440.0,0.0,7930.0,7294.0,4036.0,0.0,0.0,7000.0,0.0,0.0,0.0,3.0,38.0,11036.0
1.0,7.0,5.0,1.0,9.0,1.0,3769.0,20.0,0.0,4102.0,3718.0,60000.0,0.0,0.0,0.0,0.0,0.0,60000.0,1.0,37.0,60000.0
2.0,5.0,1.0,3.0,2.0,1.0,3769.0,1580.0,0.0,6170.0,5714.0,12930.0,0.0,0.0,0.0,0.0,0.0,12930.0,1.0,34.0,12930.0
2.0,7.0,5.0,3.0,1.0,1.0,3964.0,1440.0,0.0,7265.0,6365.0,6000.0,0.0,0.0,0.0,0.0,0.0,6000.0,2.0,29.0,6000.0
1.0,7.0,1.0,3.0,3.0,1.0,3769.0,3600.0,0.0,7862.0,7622.0,0.0,0.0,2480.0,0.0,0.0,0.0,0.0,5.0,36.0,2480.0
1.0,7.0,5.0,3.0,1.0,1.0,3020.0,1440.0,0.0,9620.0,8672.0,0.0,0.0,832.0,0.0,0.0,0.0,0.0,1.0,24.0,832.0
2.0,7.0,5.0,2.0,1.0,1.0,6110.0,1440.0,0.0,6290.0,5522.0,34000.0,0.0,0.0,0.0,0.0,0.0,0.0,4.0,33.0,34000.0
2.0,7.0,5.0,3.0,1.0,1.0,3080.0,1440.0,0.0,17108.0,15248.0,22989.0,0.0,0.0,15000.0,0.0,0.0,21989.0,1.0,27.0,37989.0
1.0,7.0,5.0,3.0,2.0,1.0,3769.0,480.0,0.0,20350.0,16558.0,21150.0,0.0,250.0,0.0,0.0,0.0,20000.0,3.0,27.0,21400.0
2.0,7.0,5.0,2.0,2.0,1.0,3769.0,2580.0,0.0,11494.0,11146.0,640.0,0.0,0.0,30500.0,0.0,0.0,0.0,1.0,35.0,31140.0
1.0,7.0,5.0,3.0,1.0,1.0,4530.0,1440.0,0.0,4560.0,3996.0,6500.0,0.0,1700.0,0.0,0.0,0.0,6500.0,2.0,38.0,8200.0
1.0,6.0,4.0,4.0,1.0,1.0,4544.0,1440.0,0.0,4544.0,3872.0,1000.0,0.0,0.0,0.0,0.0,0.0,0.0,1.0,34.0,1000.0
1.0,7.0,5.0,1.0,1.0,1.0,4343.0,1440.0,0.0,4393.0,3841.0,0.0,0.0,0.0,0.0,0.0,0.0,0.0,4.0,28.0,0.0
2.0,6.0,5.0,1.0,1.0,1.0,4000.0,1440.0,0.0,12153.0,11361.0,0.0,0.0,0.0,2800.0,0.0,0.0,0.0,1.0,32.0,2800.0
1.0,6.0,1.0,3.0,2.0,1.0,3769.0,1877.0,0.0,4727.0,4475.0,13500.0,0.0,0.0,0.0,0.0,0.0,13500.0,2.0,36.0,13500.0
2.0,6.0,5.0,4.0,1.0,1.0,2695.0,1440.0,0.0,9024.0,8220.0,6400.0,0.0,0.0,0.0,0.0,0.0,6000.0,1.0,24.0,6400.0
1.0,6.0,5.0,3.0,1.0,1.0,1620.0,270.0,0.0,11838.0,10938.0,26560.0,0.0,0.0,0.0,0.0,0.0,11560.0,1.0,29.0,26560.0
2.0,7.0,5.0,3.0,1.0,1.0,4220.0,1440.0,0.0,4470.0,3870.0,0.0,0.0,0.0,0.0,0.0,0.0,0.0,3.0,26.0,0.0
1.0,7.0,1.0,3.0,1.0,1.0,4990.0,1440.0,0.0,12356.0,10856.0,25000.0,0.0,3533.0,0.0,0.0,0.0,5000.0,1.0,36.0,28533.0
1.0,6.0,5.0,3.0,5.0,1.0,3769.0,1440.0,0.0,3200.0,2732.0,0.0,0.0,0.0,0.0,0.0,0.0,0.0,5.0,29.0,0.0
2.0,5.0,1.0,4.0,2.0,1.0,3769.0,1920.0,0.0,7239.0,6651.0,0.0,0.0,60.0,0.0,0.0,0.0,0.0,1.0,36.0,60.0
1.0,5.0,1.0,3.0,1.0,1.0,3600.0,1440.0,0.0,4812.0,4428.0,0.0,0.0,0.0,0.0,0.0,0.0,0.0,4.0,34.0,0.0
1.0,7.0,1.0,3.0,2.0,3.0,3769.0,4560.0,0.0,5340.0,4896.0,3000.0,0.0,538.0,0.0,0.0,0.0,0.0,5.0,33.0,3538.0
1.0,7.0,5.0,2.0,1.0,1.0,3000.0,1440.0,0.0,18729.0,15621.0,14800.0,0.0,0.0,1000.0,0.0,0.0,0.0,1.0,29.0,15800.0
1.0,6.0,1.0,3.0,1.0,1.0,6772.0,1440.0,0.0,9752.0,8852.0,38000.0,0.0,0.0,0.0,0.0,0.0,11000.0,2.0,36.0,38000.0
2.0,6.0,1.0,3.0,1.0,1.0,4192.0,1440.0,0.0,11462.0,10130.0,0.0,0.0,200.0,0.0,0.0,0.0,0.0,1.0,32.0,200.0
1.0,7.0,5.0,1.0,1.0,1.0,3130.0,1440.0,0.0,3140.0,2840.0,2770.0,0.0,0.0,0.0,0.0,0.0,0.0,3.0,36.0,2770.0
1.0,6.0,5.0,2.0,9.0,1.0,3769.0,1200.0,0.0,7250.0,6926.0,0.0,0.0,0.0,0.0,0.0,0.0,0.0,3.0,25.0,0.0
2.0,6.0,5.0,1.0,2.0,1.0,3769.0,3780.0,0.0,6995.0,6443.0,0.0,0.0,0.0,3000.0,0.0,0.0,0.0,3.0,34.0,3000.0
1.0,7.0,5.0,2.0,8.0,1.0,3312.0,1440.0,0.0,3450.0,3030.0,0.0,0.0,0.0,0.0,0.0,0.0,0.0,5.0,28.0,0.0
2.0,6.0,1.0,2.0,2.0,1.0,3769.0,2075.0,0.0,7675.0,7039.0,7529.0,0.0,288.0,0.0,0.0,0.0,7529.0,1.0,39.0,7817.0
2.0,5.0,5.0,1.0,2.0,1.0,3769.0,2436.0,0.0,2784.0,2556.0,0.0,0.0,0.0,0.0,0.0,0.0,0.0,6.0,20.0,0.0
2.0,7.0,5.0,3.0,9.0,1.0,1480.0,1440.0,0.0,1540.0,1300.0,7118.0,0.0,0.0,0.0,0.0,0.0,7000.0,3.0,27.0,7118.0
2.0,7.0,5.0,3.0,9.0,1.0,3769.0,135.0,0.0,7159.0,5839.0,1815.0,0.0,0.0,0.0,0.0,0.0,0.0,3.0,24.0,1815.0
1.0,7.0,1.0,3.0,1.0,1.0,3800.0,1440.0,0.0,7823.0,6959.0,6000.0,0.0,0.0,0.0,0.0,0.0,6000.0,2.0,34.0,6000.0
1.0,7.0,5.0,2.0,2.0,1.0,1786.0,700.0,0.0,12341.0,11441.0,4000.0,0.0,150.0,0.0,0.0,0.0,4000.0,2.0,31.0,4150.0
1.0,6.0,5.0,2.0,1.0,1.0,3450.0,1440.0,0.0,4338.0,3690.0,0.0,0.0,720.0,0.0,0.0,0.0,0.0,2.0,25.0,720.0
1.0,7.0,5.0,3.0,2.0,1.0,3769.0,3730.0,0.0,3780.0,3636.0,0.0,0.0,0.0,0.0,0.0,0.0,0.0,2.0,29.0,0.0
2.0,7.0,5.0,1.0,9.0,1.0,3769.0,240.0,0.0,8612.0,7376.0,0.0,4000.0,0.0,0.0,0.0,0.0,4000.0,1.0,24.0,4000.0
2.0,5.0,1.0,3.0,2.0,1.0,3769.0,1440.0,0.0,4980.0,4812.0,6000.0,0.0,0.0,0.0,0.0,0.0,6000.0,3.0,27.0,6000.0
1.0,7.0,5.0,3.0,1.0,1.0,1440.0,1440.0,0.0,14755.0,12475.0,0.0,0.0,0.0,42000.0,0.0,0.0,0.0,1.0,25.0,42000.0
1.0,9.0,5.0,3.0,2.0,1.0,3769.0,1560.0,0.0,8100.0,7692.0,0.0,0.0,396.0,0.0,0.0,0.0,0.0,6.0,33.0,396.0
2.0,7.0,5.0,3.0,2.0,1.0,3769.0,2692.0,0.0,12200.0,11216.0,3400.0,0.0,0.0,0.0,0.0,0.0,0.0,6.0,27.0,3400.0
1.0,6.0,1.0,2.0,1.0,1.0,3180.0,1440.0,0.0,5132.0,4652.0,16748.0,0.0,0.0,0.0,0.0,0.0,16748.0,1.0,30.0,16748.0
1.0,7.0,1.0,1.0,1.0,1.0,4470.0,1440.0,0.0,8519.0,7715.0,13000.0,0.0,0.0,0.0,0.0,0.0,13000.0,3.0,31.0,13000.0
1.0,6.0,5.0,1.0,2.0,1.0,3769.0,5040.0,0.0,5693.0,5141.0,1181.0,0.0,0.0,0.0,0.0,0.0,0.0,1.0,39.0,1181.0
2.0,6.0,1.0,3.0,1.0,1.0,4894.0,1440.0,0.0,11291.0,9923.0,11760.0,0.0,0.0,0.0,0.0,0.0,11760.0,1.0,39.0,11760.0
1.0,7.0,5.0,2.0,1.0,1.0,3756.0,1440.0,0.0,3898.0,3574.0,0.0,0.0,0.0,0.0,0.0,0.0,0.0,3.0,35.0,0.0
2.0,6.0,5.0,3.0,2.0,1.0,3769.0,1144.0,0.0,9624.0,9048.0,11760.0,0.0,0.0,0.0,0.0,0.0,11760.0,1.0,31.0,11760.0
1.0,6.0,1.0,1.0,2.0,1.0,3769.0,5330.0,0.0,7804.0,6796.0,0.0,0.0,0.0,0.0,0.0,0.0,0.0,2.0,39.0,0.0
2.0,7.0,5.0,3.0,1.0,1.0,2520.0,1440.0,0.0,2520.0,2280.0,300.0,0.0,0.0,0.0,0.0,0.0,0.0,3.0,26.0,300.0
2.0,8.0,5.0,2.0,1.0,1.0,336.0,514.0,0.0,4635.0,4359.0,6030.0,0.0,0.0,0.0,0.0,0.0,5500.0,3.0,28.0,6030.0
2.0,5.0,5.0,4.0,1.0,1.0,2316.0,1440.0,0.0,2340.0,2150.4,0.0,0.0,0.0,0.0,0.0,0.0,0.0,6.0,20.0,0.0
1.0,6.0,5.0,3.0,2.0,1.0,3769.0,2520.0,0.0,23308.0,20284.0,0.0,0.0,250.0,90000.0,0.0,0.0,0.0,2.0,26.0,90250.0
2.0,7.0,5.0,3.0,1.0,1.0,6280.0,1440.0,0.0,6280.0,4996.0,3000.0,0.0,0.0,32000.0,0.0,0.0,0.0,3.0,39.0,35000.0
2.0,5.0,5.0,3.0,2.0,1.0,3769.0,2402.0,0.0,4695.0,4407.0,0.0,0.0,0.0,0.0,0.0,0.0,0.0,3.0,24.0,0.0
2.0,6.0,1.0,2.0,1.0,1.0,2400.0,1440.0,0.0,14596.0,12844.0,0.0,0.0,290.0,44000.0,0.0,0.0,0.0,3.0,37.0,44290.0
1.0,7.0,5.0,3.0,1.0,1.0,9000.0,1440.0,0.0,14792.0,11732.0,15000.0,0.0,0.0,1000.0,0.0,0.0,15000.0,1.0,34.0,16000.0
2.0,6.0,5.0,1.0,1.0,1.0,2640.0,1440.0,0.0,10147.0,9115.0,8000.0,0.0,0.0,0.0,0.0,0.0,8000.0,2.0,29.0,8000.0
2.0,6.0,5.0,2.0,1.0,1.0,3200.0,1440.0,0.0,9433.0,8929.0,0.0,0.0,0.0,0.0,0.0,0.0,0.0,1.0,30.0,0.0
2.0,5.0,5.0,3.0,4.0,2.0,3769.0,2160.0,0.0,2925.0,2901.0,0.0,0.0,0.0,0.0,0.0,0.0,0.0,3.0,35.0,0.0
2.0,7.0,5.0,3.0,1.0,1.0,4180.0,1440.0,0.0,4352.0,3848.0,0.0,0.0,0.0,0.0,0.0,0.0,0.0,3.0,27.0,0.0
1.0,5.0,5.0,3.0,1.0,1.0,3790.0,1440.0,0.0,3838.0,3226.0,0.0,0.0,0.0,0.0,0.0,0.0,0.0,4.0,31.0,0.0
2.0,7.0,5.0,1.0,1.0,1.0,2860.0,1440.0,0.0,8814.0,8514.0,0.0,0.0,0.0,0.0,0.0,0.0,0.0,2.0,36.0,0.0
2.0,7.0,5.0,2.0,9.0,1.0,3769.0,200.0,0.0,6080.0,5912.0,500.0,0.0,0.0,0.0,0.0,0.0,0.0,1.0,23.0,500.0
2.0,5.0,5.0,2.0,2.0,1.0,3769.0,2114.0,0.0,11491.0,11167.0,14000.0,0.0,0.0,0.0,0.0,0.0,14000.0,1.0,30.0,14000.0
2.0,5.0,5.0,2.0,6.0,1.0,3769.0,1440.0,0.0,1800.0,1702.8,0.0,0.0,0.0,0.0,0.0,0.0,0.0,3.0,28.0,0.0
2.0,5.0,5.0,2.0,1.0,1.0,2580.0,1440.0,0.0,10530.0,9150.0,0.0,0.0,0.0,0.0,0.0,0.0,0.0,1.0,21.0,0.0
1.0,6.0,5.0,3.0,1.0,2.0,1620.0,1440.0,0.0,3680.0,3344.0,1300.0,0.0,0.0,0.0,0.0,0.0,0.0,3.0,25.0,1300.0
2.0,7.0,5.0,3.0,1.0,1.0,3236.0,1440.0,0.0,12921.0,11817.0,0.0,0.0,0.0,3000.0,0.0,0.0,0.0,1.0,37.0,3000.0
1.0,7.0,5.0,3.0,9.0,1.0,3769.0,131.0,0.0,8368.0,7060.0,0.0,0.0,0.0,0.0,0.0,0.0,0.0,1.0,22.0,0.0
1.0,7.0,5.0,4.0,6.0,1.0,3769.0,1440.0,0.0,5070.0,4858.8,17000.0,0.0,0.0,0.0,0.0,0.0,17000.0,1.0,36.0,17000.0
2.0,5.0,5.0,3.0,2.0,1.0,3769.0,1260.0,0.0,5660.0,5372.0,0.0,0.0,0.0,0.0,0.0,0.0,0.0,1.0,31.0,0.0
1.0,6.0,5.0,3.0,2.0,1.0,3769.0,7260.0,0.0,7428.0,6120.0,3000.0,0.0,0.0,0.0,0.0,0.0,0.0,4.0,33.0,3000.0
1.0,7.0,5.0,3.0,1.0,1.0,6231.0,1440.0,0.0,6671.0,5963.0,0.0,0.0,0.0,0.0,0.0,0.0,0.0,3.0,31.0,0.0
2.0,7.0,1.0,3.0,2.0,1.0,3769.0,1596.0,0.0,4503.0,3927.0,24000.0,0.0,0.0,0.0,0.0,0.0,24000.0,1.0,33.0,24000.0
1.0,7.0,5.0,3.0,9.0,1.0,3769.0,1440.0,290.0,7775.0,7019.0,1171.0,0.0,0.0,0.0,0.0,600.0,1171.0,1.0,25.0,1771.0
2.0,7.0,5.0,1.0,1.0,1.0,1040.0,1440.0,0.0,1640.0,1520.0,0.0,0.0,0.0,0.0,0.0,0.0,0.0,4.0,34.0,0.0
2.0,7.0,5.0,1.0,6.0,1.0,3769.0,1440.0,0.0,11535.0,10707.0,1000.0,0.0,0.0,0.0,0.0,0.0,1000.0,1.0,35.0,1000.0
1.0,6.0,1.0,3.0,1.0,1.0,7550.0,1440.0,0.0,13426.0,12190.0,18000.0,0.0,350.0,0.0,0.0,0.0,18000.0,2.0,35.0,18350.0
1.0,6.0,1.0,3.0,1.0,1.0,3840.0,1440.0,0.0,6240.0,5760.0,0.0,0.0,0.0,0.0,0.0,0.0,0.0,4.0,26.0,0.0
2.0,6.0,1.0,1.0,2.0,1.0,3769.0,2279.0,0.0,7804.0,6796.0,0.0,0.0,0.0,0.0,0.0,0.0,0.0,2.0,37.0,0.0
2.0,7.0,5.0,1.0,3.0,1.0,3769.0,380.0,0.0,4973.6,4793.6,5500.0,0.0,0.0,0.0,0.0,0.0,0.0,3.0,27.0,5500.0
2.0,7.0,1.0,3.0,1.0,1.0,3322.0,1440.0,0.0,11448.0,9108.0,10000.0,0.0,0.0,24000.0,0.0,0.0,0.0,1.0,37.0,34000.0
2.0,6.0,5.0,2.0,1.0,1.0,2616.0,1440.0,0.0,5212.0,4744.0,900.0,0.0,0.0,0.0,0.0,0.0,0.0,3.0,24.0,900.0
2.0,6.0,5.0,3.0,1.0,1.0,2160.0,1260.0,0.0,3470.0,3122.0,10000.0,0.0,0.0,0.0,0.0,0.0,10000.0,2.0,28.0,10000.0
2.0,7.0,5.0,3.0,2.0,1.0,3769.0,1350.0,0.0,6261.0,6225.0,10800.0,0.0,0.0,0.0,0.0,0.0,10800.0,1.0,24.0,10800.0
1.0,6.0,5.0,1.0,1.0,1.0,1592.0,1440.0,0.0,18623.0,17615.0,26135.0,0.0,0.0,0.0,0.0,0.0,19160.0,1.0,34.0,26135.0
1.0,8.0,5.0,4.0,2.0,1.0,3769.0,3188.0,0.0,13701.0,13545.0,0.0,0.0,50.0,0.0,0.0,0.0,0.0,1.0,28.0,50.0
2.0,7.0,5.0,3.0,2.0,1.0,3769.0,2570.0,0.0,2610.0,2370.0,0.0,0.0,0.0,0.0,0.0,0.0,0.0,3.0,30.0,0.0
2.0,6.0,5.0,3.0,2.0,1.0,3769.0,1200.0,240.0,11019.0,10299.0,11450.0,0.0,0.0,0.0,0.0,0.0,10800.0,1.0,25.0,11450.0
2.0,8.0,1.0,2.0,1.0,1.0,6144.0,1440.0,0.0,31544.0,28196.0,0.0,0.0,0.0,3000.0,0.0,0.0,0.0,1.0,35.0,3000.0
2.0,7.0,5.0,1.0,9.0,1.0,3769.0,100.0,0.0,22895.0,19991.0,0.0,0.0,0.0,22000.0,0.0,0.0,0.0,3.0,21.0,22000.0
2.0,3.0,1.0,1.0,2.0,1.0,3769.0,3120.0,0.0,8392.0,7960.0,1500.0,0.0,0.0,0.0,0.0,0.0,1500.0,1.0,39.0,1500.0
2.0,5.0,3.0,3.0,2.0,1.0,3769.0,2400.0,0.0,8240.0,7988.0,15000.0,0.0,0.0,0.0,0.0,0.0,5000.0,1.0,39.0,15000.0
1.0,6.0,1.0,3.0,2.0,1.0,3769.0,6000.0,0.0,7218.0,7050.0,6000.0,0.0,700.0,0.0,0.0,0.0,3000.0,1.0,35.0,6700.0
1.0,5.0,5.0,3.0,1.0,1.0,5000.0,1440.0,0.0,5170.0,4294.0,0.0,0.0,0.0,0.0,0.0,0.0,0.0,2.0,29.0,0.0
2.0,5.0,1.0,4.0,2.0,1.0,3769.0,1862.0,0.0,9685.0,9301.0,0.0,0.0,0.0,0.0,0.0,0.0,0.0,1.0,29.0,0.0
1.0,7.0,5.0,1.0,1.0,1.0,5630.0,1440.0,0.0,19495.0,17539.0,0.0,0.0,0.0,0.0,0.0,0.0,0.0,2.0,36.0,0.0
2.0,7.0,5.0,2.0,9.0,1.0,3769.0,600.0,0.0,8090.0,7526.0,6000.0,0.0,0.0,0.0,0.0,0.0,0.0,1.0,26.0,6000.0
2.0,7.0,5.0,1.0,1.0,1.0,3992.0,1440.0,0.0,4652.0,4292.0,0.0,0.0,0.0,0.0,0.0,0.0,0.0,3.0,31.0,0.0
2.0,6.0,1.0,3.0,2.0,3.0,3769.0,2000.0,0.0,8290.0,7570.0,0.0,0.0,1750.0,0.0,0.0,0.0,108.0,1.0,35.0,1750.0
2.0,7.0,5.0,3.0,9.0,1.0,3769.0,360.0,0.0,10578.0,8742.0,0.0,0.0,0.0,0.0,0.0,0.0,0.0,1.0,20.0,0.0
1.0,7.0,5.0,2.0,9.0,1.0,3769.0,552.0,0.0,5751.0,5613.0,5000.0,0.0,0.0,0.0,0.0,0.0,5000.0,1.0,23.0,5000.0
2.0,5.0,5.0,2.0,9.0,1.0,3769.0,720.0,0.0,14347.0,12631.0,3000.0,0.0,500.0,700.0,0.0,0.0,0.0,1.0,19.0,4200.0
1.0,7.0,1.0,3.0,1.0,1.0,9130.0,1440.0,0.0,10216.0,8668.0,0.0,0.0,0.0,0.0,0.0,0.0,0.0,2.0,36.0,0.0
1.0,7.0,5.0,4.0,1.0,1.0,3530.0,200.0,200.0,4440.0,4068.0,0.0,0.0,170.0,0.0,0.0,0.0,0.0,1.0,38.0,170.0
2.0,7.0,5.0,2.0,9.0,1.0,3769.0,294.0,0.0,3982.0,3670.0,12000.0,0.0,0.0,9000.0,0.0,0.0,12000.0,1.0,23.0,21000.0
2.0,7.0,5.0,2.0,1.0,1.0,1284.0,1440.0,0.0,10264.0,9544.0,5480.0,0.0,0.0,4500.0,0.0,0.0,5480.0,1.0,37.0,9980.0
1.0,6.0,5.0,1.0,9.0,1.0,3769.0,320.0,0.0,8163.0,7899.0,0.0,0.0,0.0,0.0,0.0,0.0,0.0,3.0,20.0,0.0
2.0,7.0,1.0,3.0,1.0,1.0,3315.0,1440.0,0.0,11391.0,9615.0,15000.0,0.0,0.0,0.0,0.0,0.0,15000.0,2.0,34.0,15000.0
1.0,7.0,1.0,3.0,1.0,1.0,4283.0,1440.0,0.0,8586.0,7170.0,24100.0,0.0,0.0,0.0,0.0,0.0,18500.0,2.0,39.0,24100.0
1.0,6.0,5.0,1.0,1.0,1.0,2310.0,1440.0,0.0,8030.0,7142.0,11994.0,0.0,2440.0,0.0,0.0,0.0,11994.0,1.0,29.0,14434.0
2.0,7.0,5.0,4.0,9.0,1.0,3769.0,495.0,0.0,3301.0,3205.0,6100.0,0.0,0.0,0.0,0.0,0.0,0.0,1.0,21.0,6100.0
2.0,8.0,5.0,1.0,1.0,1.0,3640.0,1440.0,0.0,10147.0,9115.0,8000.0,0.0,0.0,0.0,0.0,0.0,8000.0,2.0,35.0,8000.0
1.0,7.0,1.0,4.0,6.0,1.0,3769.0,1440.0,0.0,6845.0,6377.0,13800.0,0.0,0.0,0.0,0.0,0.0,6800.0,1.0,36.0,13800.0
1.0,7.0,1.0,2.0,1.0,1.0,3642.0,1440.0,0.0,5598.0,5142.0,9000.0,0.0,0.0,0.0,0.0,0.0,7000.0,2.0,39.0,9000.0
1.0,5.0,5.0,2.0,2.0,1.0,3769.0,2400.0,0.0,9480.6,8904.6,5000.0,0.0,0.0,0.0,0.0,0.0,5000.0,1.0,30.0,5000.0
1.0,8.0,1.0,2.0,1.0,1.0,14000.0,1440.0,0.0,17862.0,14142.0,22000.0,0.0,0.0,0.0,0.0,0.0,22000.0,1.0,39.0,22000.0
2.0,7.0,5.0,3.0,2.0,1.0,3769.0,3355.0,0.0,12659.0,11735.0,0.0,0.0,0.0,0.0,0.0,0.0,0.0,1.0,30.0,0.0
2.0,7.0,5.0,2.0,1.0,1.0,3420.0,1440.0,0.0,10921.0,9577.0,6356.0,0.0,0.0,0.0,0.0,0.0,6356.0,1.0,25.0,6356.0
1.0,6.0,5.0,1.0,2.0,1.0,3769.0,1208.0,0.0,3798.0,3390.0,9600.0,0.0,0.0,0.0,0.0,0.0,9600.0,1.0,25.0,9600.0
2.0,6.0,5.0,3.0,9.0,1.0,3769.0,320.0,0.0,20573.0,18197.0,11000.0,0.0,0.0,0.0,0.0,0.0,9000.0,1.0,21.0,11000.0
2.0,7.0,5.0,2.0,2.0,1.0,3769.0,1693.0,0.0,8451.0,7155.0,7955.0,0.0,0.0,0.0,0.0,0.0,7955.0,1.0,24.0,7955.0
1.0,6.0,5.0,3.0,1.0,1.0,3037.0,1440.0,0.0,13110.0,11754.0,0.0,0.0,350.0,10000.0,0.0,0.0,0.0,1.0,28.0,10350.0
2.0,7.0,1.0,3.0,1.0,1.0,2832.0,1440.0,0.0,2868.0,2544.0,0.0,0.0,0.0,0.0,0.0,0.0,0.0,3.0,31.0,0.0
1.0,6.0,5.0,2.0,1.0,1.0,3385.0,1440.0,0.0,10398.0,9522.0,0.0,0.0,0.0,0.0,0.0,0.0,0.0,1.0,33.0,0.0
2.0,7.0,5.0,3.0,1.0,1.0,4035.0,1440.0,0.0,10730.0,8990.0,0.0,0.0,0.0,0.0,0.0,0.0,0.0,1.0,28.0,0.0
2.0,6.0,5.0,1.0,8.0,1.0,3769.0,2220.0,0.0,12104.0,11060.0,2400.0,4600.0,0.0,0.0,0.0,0.0,0.0,3.0,29.0,7000.0
1.0,7.0,5.0,5.0,2.0,3.0,3769.0,6490.0,0.0,16490.0,13478.0,42600.0,0.0,0.0,0.0,0.0,0.0,12600.0,2.0,31.0,42600.0
1.0,7.0,5.0,3.0,2.0,1.0,3769.0,800.0,0.0,15286.0,14794.0,4825.0,0.0,0.0,0.0,0.0,0.0,1175.0,1.0,25.0,4825.0
2.0,5.0,1.0,3.0,5.0,1.0,3769.0,1440.0,0.0,9550.0,8734.0,20000.0,0.0,0.0,0.0,0.0,0.0,20000.0,1.0,39.0,20000.0
1.0,7.0,5.0,3.0,9.0,1.0,3769.0,624.0,0.0,17026.0,13546.0,35000.0,0.0,0.0,23000.0,0.0,0.0,0.0,2.0,25.0,58000.0
2.0,6.0,5.0,3.0,1.0,1.0,2316.0,1440.0,0.0,2424.0,2148.0,0.0,0.0,0.0,0.0,0.0,0.0,0.0,3.0,23.0,0.0
2.0,6.0,1.0,2.0,2.0,1.0,3769.0,360.0,0.0,6200.0,5360.0,0.0,0.0,0.0,0.0,0.0,0.0,9118.0,3.0,35.0,0.0
2.0,6.0,5.0,3.0,2.0,1.0,3769.0,2208.0,0.0,10493.0,9881.0,0.0,0.0,0.0,0.0,0.0,0.0,0.0,1.0,25.0,0.0
2.0,6.0,5.0,5.0,1.0,1.0,2500.0,1440.0,0.0,8933.0,8273.0,0.0,0.0,0.0,0.0,0.0,0.0,0.0,1.0,23.0,0.0
1.0,5.0,5.0,2.0,9.0,1.0,3769.0,1440.0,192.0,2598.0,2488.8,0.0,0.0,0.0,0.0,0.0,0.0,0.0,3.0,31.0,0.0
1.0,7.0,5.0,3.0,1.0,1.0,3120.0,1440.0,0.0,8212.0,7024.0,0.0,0.0,0.0,0.0,0.0,0.0,0.0,1.0,36.0,0.0
2.0,7.0,5.0,2.0,1.0,1.0,4080.0,1440.0,0.0,5080.0,4444.0,0.0,0.0,0.0,0.0,0.0,0.0,0.0,3.0,26.0,0.0
2.0,5.0,5.0,4.0,2.0,1.0,3769.0,696.0,0.0,2852.0,2850.8,0.0,0.0,0.0,0.0,0.0,0.0,0.0,4.0,37.0,0.0
1.0,6.0,1.0,3.0,1.0,1.0,7392.0,1440.0,0.0,11404.0,10360.0,5500.0,0.0,0.0,0.0,0.0,0.0,5500.0,3.0,30.0,5500.0
2.0,6.0,5.0,3.0,3.0,1.0,3769.0,2000.0,0.0,12318.0,10542.0,0.0,0.0,0.0,500.0,0.0,0.0,0.0,1.0,23.0,500.0
1.0,7.0,1.0,3.0,2.0,1.0,3769.0,6740.0,0.0,13309.0,11065.0,11887.0,0.0,0.0,0.0,0.0,0.0,11887.0,1.0,31.0,11887.0
2.0,7.0,5.0,1.0,1.0,1.0,3995.0,1440.0,0.0,12478.0,11134.0,0.0,0.0,0.0,0.0,0.0,0.0,0.0,1.0,27.0,0.0
1.0,6.0,5.0,5.0,1.0,1.0,3030.0,1440.0,0.0,5503.0,5095.0,0.0,0.0,0.0,0.0,0.0,0.0,0.0,5.0,35.0,0.0
1.0,6.0,5.0,3.0,2.0,1.0,3769.0,2160.0,0.0,10306.0,9946.0,0.0,0.0,0.0,0.0,0.0,0.0,0.0,3.0,33.0,0.0
2.0,7.0,5.0,1.0,2.0,1.0,805.0,201.0,0.0,6528.0,5772.0,12000.0,0.0,0.0,0.0,0.0,0.0,12000.0,2.0,33.0,12000.0
1.0,7.0,5.0,1.0,2.0,2.0,3769.0,1772.0,0.0,9363.0,8067.0,0.0,0.0,0.0,9000.0,0.0,0.0,0.0,1.0,26.0,9000.0
2.0,6.0,1.0,3.0,1.0,1.0,3660.0,1440.0,0.0,9716.0,9020.0,1920.0,0.0,0.0,0.0,0.0,0.0,0.0,3.0,37.0,1920.0
2.0,7.0,5.0,3.0,1.0,1.0,8300.0,1440.0,0.0,9130.0,7594.0,5000.0,0.0,0.0,500.0,0.0,0.0,5000.0,2.0,34.0,5500.0
1.0,6.0,5.0,3.0,1.0,1.0,3500.0,1440.0,0.0,3540.0,3192.0,0.0,0.0,0.0,0.0,0.0,0.0,0.0,3.0,28.0,0.0
2.0,7.0,1.0,2.0,2.0,1.0,3769.0,2670.0,0.0,11762.0,10334.0,3000.0,0.0,0.0,0.0,0.0,0.0,0.0,2.0,37.0,3000.0
2.0,7.0,5.0,3.0,1.0,1.0,3030.0,1440.0,0.0,3060.0,2604.0,0.0,0.0,0.0,0.0,0.0,0.0,0.0,3.0,27.0,0.0
2.0,5.0,1.0,3.0,1.0,1.0,3000.0,1440.0,0.0,14888.0,13496.0,16005.0,0.0,0.0,0.0,0.0,0.0,16005.0,1.0,34.0,16005.0
1.0,7.0,5.0,2.0,1.0,1.0,5515.0,1440.0,0.0,15006.0,12954.0,0.0,0.0,0.0,0.0,0.0,0.0,0.0,1.0,39.0,0.0
2.0,7.0,5.0,3.0,9.0,1.0,3769.0,1607.0,0.0,17494.0,14278.0,3000.0,0.0,0.0,0.0,0.0,0.0,3000.0,2.0,25.0,3000.0
1.0,7.0,5.0,2.0,2.0,1.0,3769.0,1650.0,0.0,6080.0,5912.0,500.0,0.0,0.0,0.0,0.0,0.0,0.0,1.0,26.0,500.0
2.0,7.0,1.0,2.0,1.0,1.0,1854.0,602.0,0.0,6556.0,5980.0,27932.0,0.0,0.0,0.0,0.0,0.0,27932.0,1.0,30.0,27932.0
2.0,6.0,1.0,2.0,1.0,1.0,1790.0,1440.0,0.0,6847.0,5395.0,37840.0,0.0,0.0,0.0,0.0,0.0,37840.0,1.0,36.0,37840.0
2.0,7.0,5.0,3.0,3.0,1.0,3769.0,480.0,0.0,19940.0,16448.0,9400.0,0.0,0.0,0.0,0.0,0.0,9400.0,1.0,20.0,9400.0
2.0,6.0,5.0,1.0,8.0,1.0,3400.0,1440.0,0.0,3506.0,3122.0,4500.0,0.0,0.0,0.0,0.0,0.0,4500.0,2.0,26.0,4500.0
1.0,7.0,1.0,3.0,9.0,1.0,3769.0,1500.0,0.0,3096.0,3046.8,5000.0,0.0,0.0,0.0,0.0,0.0,0.0,3.0,32.0,5000.0
1.0,7.0,5.0,2.0,1.0,1.0,1770.0,1440.0,0.0,8700.0,8064.0,0.0,0.0,0.0,0.0,0.0,0.0,0.0,1.0,29.0,0.0
1.0,5.0,5.0,2.0,2.0,1.0,3769.0,2355.0,0.0,2385.0,2073.0,0.0,0.0,0.0,0.0,0.0,0.0,0.0,3.0,27.0,0.0
1.0,5.0,5.0,1.0,3.0,1.0,3769.0,2408.0,0.0,4139.0,3971.0,0.0,0.0,1600.0,0.0,0.0,0.0,0.0,5.0,39.0,1600.0
2.0,7.0,5.0,3.0,2.0,1.0,3769.0,1764.0,0.0,2254.0,2170.0,2500.0,0.0,0.0,0.0,0.0,0.0,0.0,3.0,29.0,2500.0
2.0,6.0,5.0,2.0,2.0,1.0,3769.0,1800.0,0.0,2765.0,2765.0,0.0,0.0,0.0,0.0,0.0,0.0,0.0,3.0,33.0,0.0
2.0,6.0,5.0,2.0,2.0,3.0,3769.0,2400.0,0.0,7250.0,6926.0,0.0,0.0,0.0,0.0,0.0,0.0,0.0,3.0,23.0,0.0
1.0,7.0,5.0,1.0,1.0,1.0,7600.0,1440.0,0.0,16617.0,14865.0,0.0,0.0,0.0,0.0,0.0,0.0,0.0,1.0,36.0,0.0
1.0,6.0,1.0,1.0,1.0,1.0,6120.0,1440.0,0.0,7020.0,6216.0,0.0,0.0,0.0,0.0,0.0,0.0,0.0,5.0,35.0,0.0
2.0,5.0,5.0,3.0,9.0,1.0,820.0,1440.0,0.0,8531.0,7787.0,12484.0,0.0,0.0,0.0,0.0,0.0,8284.0,1.0,30.0,12484.0
1.0,8.0,5.0,1.0,2.0,1.0,3769.0,1155.0,0.0,8755.0,7831.0,0.0,0.0,0.0,0.0,0.0,0.0,0.0,2.0,26.0,0.0
2.0,7.0,1.0,3.0,1.0,1.0,4620.0,350.0,0.0,11012.0,9620.0,0.0,0.0,0.0,0.0,0.0,0.0,0.0,1.0,39.0,0.0
2.0,5.0,5.0,3.0,2.0,3.0,3769.0,5120.0,0.0,13238.0,12771.2,0.0,0.0,0.0,0.0,0.0,0.0,0.0,5.0,29.0,0.0
2.0,7.0,5.0,2.0,1.0,1.0,3050.0,1440.0,0.0,5486.0,4850.0,0.0,0.0,0.0,1000.0,0.0,0.0,0.0,1.0,32.0,1000.0
2.0,6.0,5.0,1.0,2.0,1.0,3769.0,4370.0,0.0,14614.0,13126.0,0.0,0.0,0.0,81000.0,0.0,0.0,0.0,1.0,29.0,81000.0
1.0,7.0,5.0,3.0,2.0,1.0,3769.0,2940.0,0.0,3340.0,3028.0,0.0,0.0,0.0,0.0,0.0,0.0,0.0,5.0,34.0,0.0
2.0,7.0,5.0,3.0,1.0,1.0,7050.0,1440.0,120.0,7267.0,6031.0,13600.0,0.0,0.0,0.0,0.0,0.0,13600.0,2.0,38.0,13600.0
1.0,7.0,5.0,3.0,1.0,1.0,2520.0,1440.0,0.0,12776.0,11024.0,0.0,0.0,0.0,1000.0,0.0,0.0,0.0,1.0,23.0,1000.0
2.0,7.0,5.0,3.0,2.0,1.0,3769.0,720.0,0.0,10512.0,9024.0,34500.0,0.0,0.0,0.0,0.0,0.0,23064.0,1.0,23.0,34500.0
2.0,7.0,5.0,1.0,2.0,1.0,3769.0,4500.0,0.0,40323.0,30807.0,0.0,0.0,0.0,1000.0,0.0,0.0,0.0,1.0,32.0,1000.0
2.0,5.0,1.0,3.0,2.0,1.0,3769.0,3000.0,0.0,7928.0,7244.0,5422.0,0.0,45.0,0.0,0.0,0.0,0.0,1.0,32.0,5467.0
2.0,5.0,1.0,3.0,2.0,1.0,3769.0,3616.0,0.0,9306.0,8550.0,17000.0,0.0,0.0,0.0,0.0,0.0,17000.0,2.0,38.0,17000.0
1.0,7.0,5.0,5.0,1.0,1.0,2120.0,1440.0,0.0,3028.0,2728.0,8480.0,0.0,0.0,0.0,0.0,0.0,8000.0,2.0,30.0,8480.0
1.0,7.0,5.0,3.0,9.0,1.0,3769.0,240.0,0.0,4175.0,3971.0,0.0,0.0,0.0,0.0,0.0,0.0,0.0,3.0,24.0,0.0
2.0,7.0,1.0,3.0,1.0,1.0,4520.0,1440.0,0.0,9475.0,8203.0,0.0,0.0,0.0,0.0,0.0,0.0,0.0,1.0,34.0,0.0
1.0,6.0,5.0,3.0,3.0,1.0,3769.0,1368.0,0.0,1598.0,1572.8,0.0,0.0,0.0,0.0,0.0,0.0,0.0,3.0,37.0,0.0
1.0,7.0,1.0,2.0,1.0,1.0,12800.0,1440.0,0.0,17747.0,12983.0,39800.0,0.0,0.0,20000.0,0.0,0.0,39800.0,1.0,38.0,59800.0
1.0,6.0,1.0,3.0,9.0,1.0,2600.0,1440.0,0.0,7104.0,6060.0,0.0,0.0,0.0,0.0,0.0,0.0,0.0,1.0,33.0,0.0
1.0,7.0,5.0,1.0,3.0,1.0,2160.0,410.0,0.0,2804.0,2564.0,7000.0,0.0,0.0,0.0,0.0,0.0,7000.0,2.0,29.0,7000.0
1.0,5.0,5.0,3.0,2.0,1.0,3769.0,2476.0,0.0,3584.0,3488.0,2650.0,0.0,1025.0,0.0,0.0,0.0,0.0,3.0,23.0,3675.0
2.0,7.0,5.0,2.0,1.0,1.0,2704.0,1440.0,0.0,4482.0,4194.0,1100.0,0.0,0.0,0.0,0.0,0.0,1100.0,1.0,35.0,1100.0
1.0,5.0,5.0,1.0,9.0,1.0,3769.0,1440.0,1288.0,7040.0,6572.0,7500.0,0.0,0.0,0.0,0.0,0.0,7500.0,2.0,24.0,7500.0
2.0,7.0,5.0,1.0,8.0,1.0,3769.0,2014.0,0.0,6200.0,5972.0,0.0,0.0,0.0,0.0,0.0,0.0,0.0,1.0,38.0,0.0
1.0,7.0,5.0,3.0,2.0,1.0,3769.0,1060.0,0.0,19445.0,18221.0,13540.0,0.0,600.0,0.0,0.0,0.0,13760.0,1.0,25.0,14140.0
2.0,7.0,5.0,1.0,1.0,1.0,3540.0,1440.0,0.0,10955.0,10343.0,0.0,0.0,0.0,0.0,0.0,0.0,0.0,2.0,31.0,0.0
1.0,5.0,1.0,3.0,1.0,1.0,4745.0,1440.0,0.0,9315.0,8139.0,23000.0,0.0,0.0,0.0,0.0,0.0,0.0,3.0,36.0,23000.0
2.0,7.0,5.0,3.0,8.0,1.0,3769.0,1200.0,0.0,13255.0,12331.0,654.0,0.0,0.0,0.0,0.0,0.0,654.0,1.0,26.0,654.0
2.0,7.0,5.0,3.0,1.0,1.0,4530.0,1440.0,0.0,4680.0,4140.0,0.0,0.0,0.0,0.0,0.0,0.0,0.0,3.0,30.0,0.0
2.0,7.0,5.0,2.0,1.0,1.0,4550.0,1440.0,0.0,13228.0,12280.0,0.0,0.0,0.0,0.0,0.0,0.0,0.0,1.0,33.0,0.0
2.0,7.0,5.0,3.0,1.0,1.0,4190.0,1440.0,0.0,9543.0,8427.0,0.0,0.0,0.0,0.0,0.0,0.0,0.0,1.0,35.0,0.0
1.0,5.0,5.0,4.0,9.0,1.0,3769.0,1198.0,0.0,18716.0,15800.0,0.0,0.0,0.0,0.0,0.0,0.0,0.0,1.0,20.0,0.0
2.0,7.0,1.0,3.0,1.0,1.0,7825.0,1440.0,0.0,18331.0,16015.0,30500.0,0.0,320.0,3000.0,0.0,0.0,14500.0,2.0,36.0,33820.0
2.0,6.0,1.0,3.0,1.0,1.0,3823.0,1440.0,0.0,7823.0,6959.0,6000.0,0.0,0.0,0.0,0.0,0.0,6000.0,2.0,34.0,6000.0
1.0,7.0,5.0,3.0,8.0,1.0,3769.0,4530.0,0.0,5000.0,4172.0,0.0,0.0,2600.0,0.0,0.0,0.0,0.0,3.0,26.0,2600.0
2.0,7.0,3.0,3.0,2.0,3.0,3769.0,1000.0,0.0,2080.0,1916.8,0.0,0.0,0.0,0.0,0.0,0.0,0.0,3.0,32.0,0.0
2.0,6.0,5.0,2.0,1.0,1.0,2100.0,1440.0,0.0,8620.0,7744.0,3882.0,0.0,0.0,0.0,0.0,0.0,2882.0,2.0,23.0,3882.0
2.0,6.0,5.0,3.0,2.0,1.0,3769.0,1610.0,0.0,13911.0,12567.0,0.0,0.0,220.0,0.0,0.0,0.0,0.0,1.0,27.0,220.0
2.0,6.0,5.0,3.0,1.0,1.0,4444.0,1440.0,0.0,4444.0,3748.0,0.0,0.0,0.0,0.0,0.0,0.0,0.0,3.0,27.0,0.0
2.0,7.0,5.0,1.0,1.0,1.0,2480.0,1440.0,0.0,16484.0,14360.0,0.0,0.0,0.0,20000.0,2200.0,0.0,0.0,2.0,28.0,22200.0
1.0,6.0,5.0,3.0,6.0,1.0,3769.0,1750.0,0.0,3335.0,3155.0,0.0,0.0,0.0,0.0,0.0,0.0,0.0,3.0,38.0,0.0
2.0,6.0,1.0,2.0,1.0,1.0,4873.0,1440.0,0.0,15218.0,12794.0,6300.0,0.0,0.0,0.0,0.0,0.0,3300.0,1.0,37.0,6300.0
1.0,7.0,5.0,1.0,2.0,1.0,3769.0,2890.0,0.0,10363.0,8755.0,3480.0,0.0,0.0,0.0,0.0,0.0,3400.0,1.0,33.0,3480.0
1.0,7.0,1.0,1.0,1.0,1.0,9370.0,1440.0,0.0,18238.0,13954.0,53950.0,0.0,0.0,0.0,0.0,10000.0,49950.0,1.0,35.0,63950.0
2.0,5.0,5.0,2.0,2.0,1.0,3769.0,4408.0,0.0,4408.0,3676.0,1600.0,0.0,0.0,0.0,0.0,0.0,0.0,4.0,28.0,1600.0
2.0,7.0,5.0,1.0,1.0,1.0,4356.0,1440.0,0.0,5784.0,5100.0,11655.0,0.0,0.0,1000.0,0.0,0.0,0.0,3.0,26.0,12655.0
1.0,5.0,5.0,3.0,2.0,1.0,3769.0,3976.0,0.0,13650.0,12102.0,0.0,0.0,0.0,0.0,0.0,0.0,0.0,1.0,24.0,0.0
2.0,6.0,1.0,3.0,9.0,1.0,3769.0,1440.0,0.0,6240.0,5760.0,0.0,0.0,0.0,0.0,0.0,0.0,0.0,4.0,27.0,0.0
1.0,7.0,1.0,3.0,1.0,1.0,7140.0,1440.0,0.0,9195.0,7875.0,16500.0,0.0,0.0,1000.0,0.0,0.0,16500.0,1.0,38.0,17500.0
1.0,6.0,1.0,3.0,1.0,1.0,6096.0,1440.0,0.0,8832.0,7812.0,31797.0,0.0,0.0,0.0,0.0,0.0,31797.0,1.0,33.0,31797.0
1.0,6.0,5.0,2.0,2.0,3.0,3769.0,4870.0,0.0,12187.0,11323.0,3435.0,0.0,0.0,0.0,0.0,0.0,3435.0,1.0,35.0,3435.0
1.0,6.0,1.0,3.0,1.0,1.0,11000.0,1440.0,0.0,12250.0,10078.0,0.0,0.0,0.0,0.0,0.0,0.0,0.0,1.0,36.0,0.0
1.0,6.0,1.0,3.0,6.0,1.0,3769.0,1440.0,0.0,9731.0,9419.0,17254.0,0.0,180.0,0.0,0.0,0.0,17254.0,1.0,29.0,17434.0
2.0,7.0,5.0,1.0,2.0,1.0,3769.0,2075.0,0.0,3300.0,3132.0,9940.0,0.0,0.0,0.0,0.0,0.0,9640.0,3.0,25.0,9940.0
1.0,7.0,1.0,3.0,1.0,1.0,1878.0,2100.0,0.0,4952.0,4748.0,9500.0,0.0,0.0,0.0,0.0,0.0,9500.0,2.0,31.0,9500.0
2.0,7.0,5.0,2.0,2.0,1.0,3769.0,1200.0,0.0,11376.0,10020.0,5723.0,0.0,330.0,9000.0,0.0,0.0,5723.0,1.0,24.0,15053.0
1.0,7.0,5.0,3.0,1.0,1.0,3480.0,1440.0,0.0,8963.0,8279.0,0.0,0.0,0.0,1800.0,0.0,0.0,0.0,1.0,33.0,1800.0
1.0,5.0,1.0,3.0,6.0,1.0,2912.0,1440.0,0.0,11422.0,9886.0,11000.0,0.0,0.0,0.0,0.0,0.0,11000.0,1.0,38.0,11000.0
1.0,6.0,5.0,1.0,1.0,1.0,3792.0,1440.0,0.0,10194.0,9510.0,0.0,0.0,0.0,0.0,0.0,0.0,0.0,1.0,36.0,0.0
2.0,6.0,5.0,3.0,1.0,1.0,3168.0,1440.0,0.0,12200.0,10724.0,0.0,0.0,0.0,0.0,0.0,0.0,0.0,1.0,27.0,0.0
2.0,6.0,1.0,1.0,2.0,1.0,3769.0,2290.0,0.0,7597.0,6829.0,16182.0,0.0,220.0,0.0,0.0,0.0,13182.0,1.0,34.0,16402.0
1.0,7.0,5.0,3.0,1.0,1.0,3500.0,1440.0,0.0,3500.0,3188.0,4500.0,0.0,0.0,0.0,0.0,0.0,4500.0,3.0,29.0,4500.0
1.0,5.0,5.0,3.0,1.0,1.0,3820.0,1440.0,0.0,8706.0,8046.0,16443.0,0.0,270.0,0.0,0.0,0.0,16443.0,1.0,36.0,16713.0
2.0,8.0,5.0,2.0,2.0,1.0,3769.0,850.0,0.0,8492.0,8096.0,3470.0,0.0,2724.0,0.0,0.0,0.0,3470.0,1.0,26.0,6194.0
2.0,5.0,5.0,3.0,9.0,1.0,3769.0,1440.0,300.0,5860.0,5858.8,0.0,0.0,0.0,0.0,0.0,0.0,0.0,3.0,38.0,0.0
2.0,6.0,5.0,3.0,2.0,1.0,3769.0,2400.0,0.0,2460.0,2220.0,6200.0,0.0,0.0,0.0,0.0,0.0,6200.0,1.0,30.0,6200.0
2.0,7.0,5.0,2.0,2.0,1.0,3769.0,4500.0,0.0,17370.0,14550.0,0.0,0.0,0.0,0.0,0.0,0.0,0.0,1.0,28.0,0.0
2.0,5.0,5.0,3.0,1.0,1.0,3720.0,1440.0,0.0,12619.0,11131.0,0.0,0.0,280.0,0.0,0.0,0.0,0.0,1.0,30.0,280.0
1.0,5.0,5.0,2.0,1.0,1.0,3959.0,1440.0,0.0,3959.0,3455.0,0.0,0.0,0.0,0.0,0.0,0.0,0.0,3.0,25.0,0.0
2.0,6.0,5.0,3.0,2.0,1.0,3769.0,2518.0,0.0,2616.0,2352.0,0.0,0.0,0.0,0.0,0.0,0.0,0.0,5.0,23.0,0.0
1.0,5.0,5.0,3.0,2.0,2.0,3769.0,4880.0,0.0,4880.0,4280.0,800.0,0.0,0.0,0.0,0.0,0.0,0.0,3.0,34.0,800.0
1.0,6.0,5.0,2.0,2.0,3.0,3769.0,5190.0,0.0,5251.0,5011.0,2300.0,0.0,1500.0,0.0,0.0,1000.0,0.0,3.0,28.0,4800.0
1.0,9.0,5.0,1.0,1.0,1.0,6066.0,1440.0,0.0,6360.0,5520.0,500.0,0.0,0.0,0.0,0.0,0.0,0.0,3.0,36.0,500.0
1.0,6.0,5.0,2.0,2.0,1.0,3769.0,2520.0,0.0,2835.0,2787.0,0.0,0.0,0.0,0.0,0.0,0.0,0.0,3.0,27.0,0.0
1.0,6.0,1.0,1.0,2.0,1.0,3769.0,3405.0,0.0,6232.0,5884.0,0.0,0.0,0.0,0.0,0.0,0.0,0.0,3.0,39.0,0.0
1.0,7.0,5.0,3.0,1.0,1.0,3192.0,1440.0,0.0,3680.4,3392.4,0.0,0.0,0.0,0.0,0.0,0.0,0.0,6.0,26.0,0.0
1.0,7.0,5.0,3.0,1.0,1.0,4420.0,1440.0,0.0,12659.0,11735.0,0.0,0.0,0.0,0.0,0.0,0.0,0.0,1.0,35.0,0.0
1.0,5.0,5.0,2.0,1.0,1.0,4020.0,1440.0,0.0,13840.0,12028.0,0.0,0.0,150.0,1500.0,0.0,0.0,0.0,1.0,32.0,1650.0
2.0,5.0,1.0,3.0,2.0,1.0,3769.0,2760.0,0.0,7960.0,7336.0,0.0,0.0,0.0,0.0,0.0,0.0,0.0,3.0,33.0,0.0
2.0,5.0,1.0,3.0,1.0,1.0,3620.0,1440.0,0.0,8800.0,7576.0,20816.0,0.0,0.0,0.0,0.0,0.0,20816.0,1.0,31.0,20816.0
2.0,7.0,5.0,3.0,1.0,1.0,2520.0,1440.0,0.0,10626.0,9798.0,0.0,0.0,0.0,0.0,0.0,0.0,0.0,1.0,27.0,0.0
1.0,6.0,1.0,3.0,1.0,1.0,4380.0,1440.0,0.0,11206.0,10186.0,0.0,0.0,0.0,5000.0,0.0,0.0,0.0,6.0,39.0,5000.0
1.0,7.0,5.0,2.0,2.0,1.0,3769.0,300.0,0.0,3986.0,3888.8,0.0,0.0,500.0,0.0,0.0,0.0,0.0,3.0,25.0,500.0
2.0,6.0,5.0,3.0,1.0,1.0,2220.0,156.0,0.0,5351.0,5099.0,0.0,0.0,1500.0,0.0,0.0,0.0,0.0,4.0,26.0,1500.0
2.0,7.0,1.0,2.0,1.0,1.0,2515.0,1440.0,0.0,6631.0,5359.0,14400.0,0.0,0.0,0.0,0.0,0.0,5000.0,3.0,35.0,14400.0
2.0,7.0,5.0,4.0,9.0,1.0,3769.0,461.0,0.0,13618.0,12682.0,0.0,0.0,30.0,2000.0,0.0,0.0,0.0,1.0,23.0,2030.0
1.0,8.0,5.0,3.0,2.0,1.0,3769.0,1608.0,0.0,2208.0,2130.0,0.0,0.0,0.0,0.0,0.0,0.0,0.0,3.0,27.0,0.0
2.0,6.0,5.0,3.0,2.0,1.0,3769.0,3000.0,0.0,14372.0,12320.0,0.0,0.0,0.0,0.0,0.0,0.0,0.0,1.0,27.0,0.0
1.0,5.0,5.0,1.0,9.0,1.0,2586.0,1440.0,0.0,2845.0,13.0,0.0,0.0,0.0,25168.0,0.0,0.0,0.0,5.0,30.0,25168.0
1.0,7.0,5.0,2.0,2.0,1.0,3769.0,3240.0,0.0,8031.0,7203.0,500.0,0.0,0.0,0.0,0.0,0.0,500.0,1.0,24.0,500.0
2.0,5.0,5.0,3.0,1.0,1.0,3915.0,1440.0,0.0,3949.0,3481.0,3200.0,0.0,0.0,0.0,0.0,0.0,3200.0,2.0,24.0,3200.0
2.0,6.0,5.0,3.0,9.0,1.0,3769.0,1800.0,0.0,12820.0,11476.0,200.0,0.0,0.0,0.0,0.0,0.0,0.0,1.0,35.0,200.0
2.0,7.0,5.0,3.0,1.0,1.0,2300.0,1440.0,0.0,10560.0,9744.0,0.0,0.0,0.0,0.0,0.0,0.0,0.0,1.0,34.0,0.0
2.0,5.0,5.0,3.0,1.0,1.0,1350.0,1440.0,0.0,8053.0,7465.0,0.0,0.0,0.0,6000.0,0.0,0.0,0.0,2.0,25.0,6000.0
1.0,5.0,1.0,3.0,1.0,1.0,3448.0,1440.0,0.0,3988.0,3652.0,9500.0,0.0,0.0,0.0,0.0,0.0,9500.0,2.0,29.0,9500.0
2.0,6.0,5.0,3.0,1.0,1.0,5656.0,1440.0,0.0,13911.0,12567.0,0.0,0.0,220.0,0.0,0.0,0.0,0.0,1.0,33.0,220.0
2.0,7.0,1.0,3.0,1.0,1.0,5960.0,1440.0,0.0,13379.0,11423.0,0.0,0.0,0.0,0.0,0.0,0.0,0.0,2.0,33.0,0.0
2.0,8.0,5.0,3.0,2.0,1.0,3769.0,4550.0,0.0,4550.0,3938.0,4132.0,0.0,0.0,0.0,0.0,0.0,2300.0,2.0,33.0,4132.0
1.0,7.0,5.0,2.0,1.0,1.0,4800.0,1440.0,0.0,8306.0,7538.0,0.0,0.0,780.0,3000.0,0.0,0.0,0.0,1.0,29.0,3780.0
2.0,7.0,5.0,4.0,9.0,1.0,3769.0,150.0,0.0,14485.0,13081.0,30000.0,0.0,0.0,0.0,0.0,0.0,5000.0,1.0,20.0,30000.0
2.0,6.0,5.0,1.0,8.0,1.0,3769.0,660.0,0.0,12354.0,9654.0,0.0,0.0,0.0,0.0,0.0,0.0,0.0,1.0,22.0,0.0
1.0,7.0,1.0,3.0,1.0,1.0,5818.0,1440.0,0.0,6873.0,5973.0,23500.0,0.0,0.0,0.0,0.0,0.0,23500.0,1.0,38.0,23500.0
1.0,7.0,1.0,3.0,1.0,1.0,8320.0,1440.0,0.0,9858.0,8478.0,15000.0,0.0,0.0,0.0,0.0,0.0,15000.0,1.0,32.0,15000.0
1.0,7.0,1.0,3.0,1.0,1.0,4630.0,1440.0,0.0,6916.0,6076.0,3133.0,0.0,0.0,0.0,0.0,0.0,2133.0,1.0,36.0,3133.0
1.0,5.0,5.0,3.0,9.0,1.0,1240.0,1440.0,0.0,4350.0,3810.0,3766.0,0.0,0.0,0.0,0.0,0.0,0.0,1.0,28.0,3766.0
2.0,6.0,1.0,2.0,1.0,1.0,2600.0,1440.0,0.0,8529.0,7857.0,10500.0,0.0,0.0,0.0,0.0,0.0,10000.0,2.0,32.0,10500.0
1.0,9.0,1.0,3.0,1.0,1.0,8108.0,1440.0,0.0,10490.0,8822.0,0.0,0.0,0.0,0.0,0.0,0.0,0.0,3.0,37.0,0.0
1.0,7.0,1.0,2.0,1.0,1.0,4350.0,1440.0,0.0,6445.0,5821.0,14000.0,0.0,0.0,0.0,0.0,0.0,0.0,2.0,35.0,14000.0
1.0,7.0,1.0,3.0,1.0,1.0,3021.0,1219.0,0.0,6484.0,6124.0,10450.0,0.0,0.0,0.0,0.0,0.0,9750.0,1.0,34.0,10450.0
1.0,7.0,1.0,3.0,1.0,1.0,5980.0,1440.0,0.0,9324.0,8256.0,5120.0,0.0,0.0,0.0,0.0,0.0,5120.0,3.0,35.0,5120.0
2.0,7.0,5.0,4.0,9.0,1.0,3769.0,600.0,0.0,14485.0,13081.0,30000.0,0.0,0.0,0.0,0.0,0.0,5000.0,1.0,22.0,30000.0
2.0,6.0,1.0,3.0,1.0,1.0,3380.0,1440.0,0.0,7607.0,6923.0,16753.0,0.0,0.0,0.0,0.0,0.0,16753.0,1.0,37.0,16753.0
2.0,5.0,5.0,3.0,1.0,1.0,1080.0,1440.0,0.0,1245.0,1195.8,0.0,0.0,0.0,0.0,0.0,0.0,0.0,3.0,25.0,0.0
2.0,7.0,5.0,2.0,2.0,1.0,3769.0,3514.0,0.0,3880.0,3472.0,0.0,0.0,0.0,0.0,0.0,7000.0,7000.0,2.0,30.0,7000.0
1.0,6.0,5.0,4.0,1.0,1.0,2700.0,1440.0,0.0,6165.8,5985.8,2000.0,0.0,0.0,0.0,0.0,0.0,2000.0,1.0,26.0,2000.0
2.0,6.0,5.0,4.0,9.0,1.0,3769.0,607.0,0.0,5170.0,4986.4,2000.0,0.0,1500.0,0.0,0.0,0.0,0.0,4.0,25.0,3500.0
2.0,5.0,1.0,4.0,9.0,1.0,3769.0,2420.0,0.0,6031.0,5683.0,1000.0,0.0,150.0,0.0,0.0,5000.0,6000.0,1.0,36.0,6150.0
1.0,6.0,1.0,3.0,1.0,1.0,4200.0,1440.0,0.0,10670.0,9626.0,20000.0,0.0,0.0,0.0,0.0,0.0,20000.0,1.0,38.0,20000.0
2.0,7.0,5.0,2.0,2.0,1.0,3769.0,3000.0,0.0,5338.0,4714.0,0.0,0.0,0.0,0.0,0.0,0.0,0.0,3.0,32.0,0.0
1.0,6.0,5.0,2.0,2.0,3.0,3769.0,2970.0,0.0,3360.0,3288.0,278.0,0.0,808.0,0.0,0.0,300.0,0.0,3.0,26.0,1386.0
1.0,6.0,1.0,2.0,1.0,1.0,8300.0,1440.0,0.0,9622.0,8434.0,56000.0,0.0,0.0,0.0,0.0,0.0,26000.0,1.0,37.0,56000.0
1.0,5.0,5.0,1.0,9.0,1.0,3769.0,1440.0,120.0,18238.0,16162.0,0.0,0.0,0.0,0.0,0.0,0.0,0.0,2.0,30.0,0.0
2.0,7.0,5.0,2.0,2.0,1.0,3769.0,1650.0,0.0,16208.0,14924.0,0.0,0.0,0.0,0.0,0.0,0.0,0.0,1.0,25.0,0.0
1.0,6.0,1.0,4.0,1.0,1.0,6202.0,1440.0,0.0,6302.0,5294.0,0.0,0.0,0.0,0.0,0.0,0.0,0.0,1.0,38.0,0.0
1.0,6.0,1.0,3.0,1.0,1.0,5556.0,1440.0,0.0,6563.0,5951.0,4600.0,0.0,0.0,0.0,0.0,0.0,4600.0,1.0,33.0,4600.0
1.0,5.0,5.0,1.0,2.0,1.0,3769.0,1344.0,0.0,5778.0,5394.0,0.0,0.0,0.0,0.0,0.0,0.0,0.0,1.0,28.0,0.0
1.0,5.0,5.0,3.0,2.0,1.0,3769.0,1600.0,0.0,2673.0,2536.2,0.0,0.0,0.0,0.0,0.0,0.0,0.0,5.0,25.0,0.0
2.0,7.0,5.0,4.0,9.0,1.0,3769.0,250.0,0.0,4204.0,3880.0,0.0,0.0,0.0,0.0,0.0,0.0,0.0,1.0,28.0,0.0
1.0,6.0,5.0,2.0,2.0,1.0,3769.0,1800.0,0.0,6760.0,6664.0,0.0,0.0,0.0,6000.0,0.0,0.0,0.0,1.0,36.0,6000.0
1.0,6.0,5.0,2.0,1.0,1.0,4680.0,1440.0,0.0,8220.0,7452.0,0.0,0.0,0.0,0.0,0.0,0.0,0.0,2.0,29.0,0.0
2.0,6.0,1.0,3.0,1.0,1.0,3240.0,1440.0,0.0,6279.0,5847.0,0.0,0.0,0.0,0.0,0.0,0.0,0.0,1.0,32.0,0.0
1.0,7.0,5.0,2.0,1.0,1.0,5515.0,1440.0,0.0,15006.0,12954.0,0.0,0.0,0.0,0.0,0.0,0.0,0.0,1.0,37.0,0.0
2.0,7.0,5.0,1.0,9.0,1.0,3769.0,450.0,0.0,14993.0,12857.0,0.0,0.0,0.0,53000.0,0.0,0.0,0.0,2.0,23.0,53000.0
2.0,7.0,1.0,3.0,1.0,1.0,3224.0,1440.0,0.0,9324.0,8256.0,5120.0,0.0,0.0,0.0,0.0,0.0,5120.0,3.0,35.0,5120.0
2.0,7.0,1.0,1.0,1.0,1.0,5840.0,1440.0,0.0,11669.0,10085.0,28000.0,0.0,0.0,0.0,0.0,0.0,28000.0,1.0,39.0,28000.0
1.0,6.0,5.0,3.0,9.0,1.0,3769.0,840.0,0.0,3982.0,3742.0,0.0,0.0,0.0,0.0,0.0,0.0,0.0,1.0,27.0,0.0
1.0,6.0,5.0,2.0,2.0,1.0,3769.0,3000.0,0.0,6418.0,5950.0,0.0,0.0,0.0,0.0,0.0,0.0,0.0,1.0,30.0,0.0
1.0,7.0,1.0,2.0,1.0,1.0,5520.0,1440.0,0.0,11088.0,9696.0,2000.0,0.0,0.0,0.0,0.0,0.0,2000.0,2.0,32.0,2000.0
1.0,7.0,1.0,3.0,1.0,1.0,3940.0,1440.0,0.0,7607.0,6923.0,16753.0,0.0,0.0,0.0,0.0,0.0,16753.0,1.0,37.0,16753.0
2.0,6.0,5.0,1.0,2.0,1.0,3769.0,3084.0,0.0,3084.0,2808.0,0.0,0.0,0.0,0.0,0.0,0.0,0.0,3.0,21.0,0.0
1.0,7.0,5.0,2.0,8.0,1.0,3769.0,826.0,0.0,3010.0,2968.0,230.0,0.0,0.0,3000.0,0.0,0.0,0.0,1.0,32.0,3230.0
2.0,7.0,5.0,2.0,9.0,1.0,3769.0,1840.0,0.0,14950.0,13666.0,35500.0,0.0,0.0,6000.0,0.0,0.0,0.0,1.0,39.0,41500.0
1.0,5.0,5.0,3.0,2.0,1.0,3769.0,636.0,0.0,4065.0,4027.8,0.0,0.0,0.0,0.0,0.0,0.0,0.0,3.0,33.0,0.0
2.0,7.0,5.0,2.0,1.0,1.0,3764.0,1440.0,0.0,21954.0,20526.0,0.0,0.0,0.0,500.0,0.0,0.0,0.0,1.0,27.0,500.0
2.0,7.0,5.0,3.0,2.0,1.0,3769.0,2652.0,0.0,5538.0,5106.0,0.0,0.0,0.0,0.0,0.0,0.0,0.0,3.0,26.0,0.0
2.0,5.0,5.0,2.0,9.0,1.0,3769.0,118.0,0.0,6411.0,5823.0,350.0,0.0,0.0,0.0,0.0,0.0,0.0,3.0,19.0,350.0
1.0,6.0,1.0,2.0,1.0,1.0,4300.0,1440.0,0.0,10862.0,9914.0,16000.0,0.0,0.0,0.0,0.0,0.0,16000.0,2.0,39.0,16000.0
2.0,6.0,1.0,3.0,1.0,1.0,3808.0,1440.0,0.0,7104.0,6060.0,0.0,0.0,0.0,0.0,0.0,0.0,0.0,1.0,33.0,0.0
2.0,6.0,5.0,2.0,1.0,1.0,3500.0,1440.0,0.0,21254.0,17918.0,0.0,0.0,0.0,40000.0,0.0,0.0,0.0,5.0,29.0,40000.0
2.0,7.0,5.0,3.0,1.0,1.0,3528.0,1440.0,0.0,7072.0,6568.0,5800.0,0.0,1600.0,0.0,0.0,250.0,5800.0,2.0,29.0,7650.0
1.0,5.0,5.0,3.0,3.0,1.0,3769.0,5085.0,0.0,19843.0,18367.0,0.0,0.0,0.0,0.0,0.0,0.0,0.0,1.0,29.0,0.0
1.0,6.0,5.0,3.0,2.0,1.0,3769.0,2760.0,0.0,10112.0,9560.0,70000.0,0.0,0.0,2000.0,0.0,0.0,15000.0,1.0,27.0,72000.0
1.0,6.0,5.0,3.0,2.0,1.0,3769.0,2400.0,0.0,10595.0,9671.0,17500.0,0.0,0.0,0.0,0.0,0.0,15000.0,1.0,28.0,17500.0
2.0,8.0,5.0,3.0,1.0,1.0,3790.0,1440.0,0.0,3860.0,3488.0,6500.0,0.0,0.0,0.0,0.0,0.0,6500.0,2.0,32.0,6500.0
1.0,6.0,5.0,3.0,1.0,1.0,3698.0,1440.0,0.0,14951.0,13211.0,6107.0,0.0,0.0,0.0,0.0,0.0,5607.0,1.0,29.0,6107.0
1.0,6.0,5.0,3.0,9.0,1.0,3769.0,950.0,0.0,7271.0,6897.8,0.0,3000.0,0.0,0.0,0.0,0.0,3000.0,2.0,26.0,3000.0
1.0,5.0,1.0,3.0,1.0,1.0,4644.0,1440.0,0.0,6925.0,6169.0,8000.0,0.0,0.0,0.0,0.0,0.0,8000.0,1.0,29.0,8000.0
2.0,9.0,1.0,4.0,1.0,1.0,4769.0,1440.0,0.0,8977.0,7933.0,14400.0,0.0,0.0,0.0,0.0,0.0,0.0,3.0,34.0,14400.0
2.0,7.0,1.0,3.0,1.0,1.0,3900.0,1440.0,0.0,10022.0,8582.0,20000.0,0.0,0.0,0.0,0.0,0.0,20000.0,2.0,35.0,20000.0
1.0,5.0,1.0,5.0,3.0,2.0,3769.0,3888.0,0.0,7372.0,6412.0,8000.0,0.0,0.0,0.0,0.0,0.0,8000.0,1.0,34.0,8000.0
1.0,6.0,5.0,3.0,1.0,1.0,2406.0,1440.0,0.0,14136.0,12780.0,5120.0,0.0,0.0,0.0,0.0,0.0,5120.0,1.0,26.0,5120.0
1.0,6.0,5.0,2.0,9.0,1.0,3769.0,50.0,0.0,6900.0,6468.0,0.0,0.0,0.0,0.0,0.0,0.0,0.0,5.0,21.0,0.0
2.0,6.0,5.0,1.0,8.0,1.0,2036.0,1440.0,0.0,9487.0,8647.0,2000.0,0.0,0.0,0.0,0.0,0.0,0.0,2.0,31.0,2000.0
2.0,5.0,5.0,2.0,1.0,1.0,3320.0,360.0,0.0,11200.0,9616.0,8800.0,1500.0,0.0,20000.0,0.0,0.0,4000.0,3.0,21.0,30300.0
2.0,7.0,1.0,3.0,3.0,1.0,3769.0,384.0,0.0,22565.0,22085.0,0.0,0.0,0.0,0.0,0.0,0.0,0.0,1.0,39.0,0.0
1.0,7.0,5.0,4.0,2.0,1.0,3769.0,480.0,0.0,7078.0,6944.8,0.0,0.0,0.0,0.0,0.0,0.0,0.0,6.0,24.0,0.0
2.0,6.0,1.0,3.0,1.0,1.0,689.0,1440.0,0.0,4861.0,4357.0,34000.0,0.0,0.0,0.0,0.0,0.0,0.0,3.0,33.0,34000.0
2.0,7.0,1.0,2.0,2.0,1.0,3769.0,2937.0,0.0,6913.0,5905.0,15912.0,0.0,2500.0,0.0,0.0,0.0,15000.0,2.0,32.0,18412.0
2.0,7.0,5.0,3.0,9.0,1.0,3769.0,1040.0,0.0,8570.0,7334.0,0.0,0.0,0.0,0.0,0.0,0.0,0.0,2.0,32.0,0.0
2.0,7.0,5.0,2.0,9.0,1.0,3769.0,92.0,0.0,1640.0,1520.0,5888.0,0.0,0.0,0.0,0.0,0.0,4788.0,1.0,21.0,5888.0
2.0,6.0,5.0,3.0,1.0,1.0,4248.0,1440.0,0.0,20266.0,16882.0,1300.0,0.0,0.0,0.0,0.0,0.0,1300.0,1.0,29.0,1300.0
1.0,7.0,5.0,2.0,9.0,1.0,3769.0,800.0,0.0,4002.0,3910.8,4500.0,0.0,0.0,0.0,0.0,0.0,0.0,1.0,38.0,4500.0
1.0,5.0,5.0,3.0,1.0,1.0,3600.0,1440.0,0.0,6970.0,6418.0,600.0,0.0,220.0,0.0,0.0,0.0,600.0,3.0,36.0,820.0
1.0,7.0,5.0,3.0,1.0,1.0,2971.0,1440.0,0.0,4103.0,3863.0,40.0,0.0,0.0,0.0,0.0,0.0,0.0,4.0,29.0,40.0
1.0,8.0,5.0,1.0,9.0,1.0,3769.0,1200.0,0.0,14753.0,13433.0,4305.0,0.0,0.0,20000.0,0.0,0.0,0.0,2.0,22.0,24305.0
2.0,7.0,1.0,3.0,2.0,1.0,3769.0,1344.0,0.0,10490.0,8822.0,0.0,0.0,0.0,0.0,0.0,0.0,0.0,3.0,37.0,0.0
1.0,7.0,1.0,3.0,1.0,1.0,4013.0,1440.0,0.0,4047.0,3183.0,0.0,0.0,0.0,0.0,0.0,0.0,0.0,1.0,33.0,0.0
2.0,5.0,5.0,3.0,1.0,1.0,2820.0,1440.0,0.0,10375.0,9283.0,8025.0,0.0,0.0,0.0,0.0,0.0,4725.0,1.0,25.0,8025.0
1.0,7.0,5.0,2.0,1.0,1.0,2880.0,1440.0,0.0,9480.6,8904.6,5000.0,0.0,0.0,0.0,0.0,0.0,5000.0,1.0,27.0,5000.0
1.0,6.0,5.0,3.0,2.0,1.0,3769.0,2902.0,0.0,13292.0,10880.0,4600.0,0.0,1560.0,0.0,0.0,0.0,4600.0,1.0,29.0,6160.0
1.0,6.0,1.0,2.0,2.0,3.0,3769.0,4200.0,0.0,4300.0,3952.0,0.0,0.0,0.0,0.0,0.0,0.0,0.0,5.0,33.0,0.0
2.0,6.0,5.0,3.0,1.0,1.0,3705.0,1440.0,0.0,9282.0,8022.0,3000.0,0.0,0.0,0.0,0.0,0.0,3000.0,3.0,30.0,3000.0
1.0,6.0,1.0,5.0,1.0,1.0,4760.0,1440.0,0.0,6794.0,5822.0,0.0,0.0,0.0,0.0,0.0,0.0,0.0,5.0,36.0,0.0
1.0,5.0,5.0,2.0,6.0,1.0,3769.0,1440.0,0.0,3000.0,2856.0,3200.0,0.0,0.0,0.0,0.0,0.0,0.0,3.0,34.0,3200.0
1.0,7.0,1.0,3.0,1.0,1.0,4900.0,1440.0,0.0,8230.0,6874.0,9000.0,0.0,0.0,0.0,0.0,0.0,7000.0,2.0,35.0,9000.0
1.0,7.0,5.0,2.0,2.0,1.0,3769.0,1154.0,0.0,6184.0,6076.0,0.0,0.0,1920.0,0.0,0.0,0.0,0.0,3.0,23.0,1920.0
1.0,7.0,5.0,3.0,1.0,1.0,2544.0,1440.0,0.0,2712.0,2424.0,0.0,0.0,0.0,0.0,0.0,0.0,0.0,3.0,39.0,0.0
1.0,5.0,5.0,1.0,4.0,1.0,3769.0,1752.0,0.0,2034.0,1958.4,0.0,0.0,0.0,0.0,0.0,0.0,0.0,3.0,27.0,0.0
1.0,6.0,5.0,2.0,2.0,3.0,3769.0,1560.0,0.0,5072.0,4712.0,0.0,0.0,0.0,0.0,0.0,0.0,0.0,1.0,35.0,0.0
1.0,5.0,3.0,3.0,2.0,1.0,3769.0,4320.0,0.0,5554.0,4738.0,0.0,0.0,0.0,0.0,0.0,0.0,0.0,1.0,32.0,0.0
2.0,6.0,5.0,2.0,1.0,1.0,2820.0,1440.0,0.0,12876.0,11880.0,0.0,0.0,0.0,6600.0,0.0,0.0,0.0,1.0,36.0,6600.0
2.0,7.0,1.0,4.0,1.0,1.0,4040.0,1440.0,0.0,10930.0,9478.0,14178.0,0.0,0.0,0.0,0.0,0.0,14178.0,1.0,29.0,14178.0
2.0,7.0,5.0,3.0,1.0,1.0,3310.0,1440.0,0.0,5840.0,5444.0,18000.0,0.0,960.0,0.0,0.0,2000.0,0.0,3.0,29.0,20960.0
1.0,7.0,5.0,2.0,2.0,1.0,3769.0,1000.0,0.0,4355.0,3911.0,0.0,0.0,1000.0,0.0,0.0,0.0,0.0,3.0,28.0,1000.0
2.0,7.0,1.0,3.0,1.0,1.0,2019.0,1440.0,0.0,11019.0,10299.0,11450.0,0.0,0.0,0.0,0.0,0.0,10800.0,1.0,34.0,11450.0
2.0,5.0,1.0,3.0,2.0,2.0,3769.0,1500.0,0.0,5748.0,5412.0,0.0,0.0,0.0,0.0,0.0,0.0,0.0,3.0,39.0,0.0
2.0,5.0,5.0,3.0,2.0,1.0,3769.0,3240.0,0.0,3360.0,3036.0,2700.0,0.0,0.0,0.0,0.0,0.0,2700.0,3.0,21.0,2700.0
2.0,7.0,1.0,1.0,1.0,1.0,6714.0,1440.0,0.0,20724.0,18372.0,0.0,0.0,0.0,35000.0,0.0,0.0,0.0,3.0,37.0,35000.0
1.0,5.0,5.0,3.0,1.0,1.0,4704.0,1440.0,0.0,15258.0,13458.0,0.0,0.0,0.0,0.0,0.0,0.0,0.0,1.0,30.0,0.0
2.0,6.0,5.0,3.0,9.0,1.0,3769.0,168.0,0.0,9968.0,9296.0,1520.0,0.0,0.0,0.0,0.0,0.0,0.0,1.0,23.0,1520.0
1.0,5.0,1.0,2.0,2.0,3.0,3769.0,6010.0,0.0,9485.0,8621.0,2530.0,0.0,0.0,0.0,0.0,0.0,0.0,3.0,39.0,2530.0
2.0,6.0,5.0,3.0,9.0,1.0,3769.0,589.0,0.0,10458.0,9678.0,0.0,0.0,0.0,0.0,0.0,0.0,0.0,1.0,24.0,0.0
1.0,7.0,5.0,3.0,1.0,1.0,576.0,1440.0,0.0,7636.0,7216.0,0.0,0.0,0.0,0.0,0.0,0.0,0.0,1.0,32.0,0.0
1.0,6.0,5.0,2.0,1.0,1.0,4080.0,1440.0,0.0,12876.0,11880.0,0.0,0.0,0.0,6600.0,0.0,0.0,0.0,1.0,38.0,6600.0
2.0,6.0,5.0,3.0,3.0,1.0,3769.0,500.0,0.0,6810.0,5610.0,8790.0,0.0,0.0,0.0,0.0,0.0,0.0,3.0,21.0,8790.0
2.0,7.0,5.0,2.0,2.0,3.0,3769.0,1500.0,0.0,4254.0,3894.0,0.0,0.0,0.0,20000.0,0.0,0.0,0.0,1.0,27.0,20000.0
1.0,5.0,5.0,3.0,1.0,1.0,3229.0,1440.0,0.0,11801.0,10997.0,0.0,0.0,0.0,0.0,0.0,0.0,0.0,2.0,22.0,0.0
1.0,7.0,5.0,2.0,3.0,2.0,3769.0,709.0,0.0,3681.0,3597.0,0.0,0.0,0.0,0.0,0.0,0.0,0.0,3.0,34.0,0.0
1.0,7.0,5.0,3.0,3.0,1.0,3769.0,360.0,0.0,7658.0,7034.0,8668.0,0.0,1133.0,0.0,0.0,0.0,8668.0,3.0,20.0,9801.0
1.0,7.0,5.0,2.0,6.0,1.0,3769.0,1440.0,0.0,16585.0,14773.0,0.0,0.0,0.0,0.0,0.0,0.0,0.0,1.0,27.0,0.0
2.0,6.0,5.0,5.0,9.0,1.0,3769.0,560.0,0.0,10713.0,9945.0,2050.0,0.0,0.0,0.0,0.0,0.0,2050.0,1.0,34.0,2050.0
2.0,7.0,5.0,2.0,2.0,1.0,3769.0,1200.0,0.0,10540.0,8200.0,0.0,0.0,0.0,3000.0,0.0,0.0,0.0,1.0,25.0,3000.0
2.0,6.0,5.0,2.0,2.0,1.0,3769.0,2520.0,0.0,5648.0,5108.0,26500.0,0.0,0.0,0.0,0.0,0.0,26500.0,1.0,26.0,26500.0
1.0,6.0,5.0,3.0,9.0,1.0,3769.0,800.0,0.0,7978.0,7534.0,6705.0,0.0,0.0,0.0,0.0,0.0,6705.0,1.0,20.0,6705.0
1.0,7.0,1.0,3.0,1.0,1.0,4520.0,1440.0,0.0,6030.0,5454.0,32000.0,0.0,0.0,0.0,0.0,0.0,18000.0,2.0,35.0,32000.0
1.0,7.0,1.0,2.0,1.0,1.0,3900.0,1440.0,0.0,9516.0,8388.0,1400.0,0.0,0.0,0.0,0.0,0.0,700.0,3.0,32.0,1400.0
2.0,7.0,5.0,3.0,2.0,1.0,3769.0,516.0,0.0,972.0,968.4,0.0,0.0,0.0,0.0,0.0,0.0,0.0,4.0,24.0,0.0
1.0,6.0,1.0,2.0,1.0,1.0,4350.0,1440.0,0.0,7566.0,7038.0,0.0,0.0,0.0,0.0,0.0,0.0,0.0,1.0,39.0,0.0
1.0,5.0,5.0,1.0,8.0,1.0,1952.0,1440.0,0.0,5960.0,5432.0,2500.0,0.0,0.0,0.0,0.0,0.0,2500.0,3.0,29.0,2500.0
2.0,7.0,5.0,2.0,2.0,1.0,3769.0,1200.0,0.0,8731.0,8311.0,0.0,0.0,0.0,2000.0,0.0,0.0,0.0,1.0,28.0,2000.0
1.0,6.0,5.0,2.0,2.0,1.0,3769.0,2880.0,0.0,9064.0,8488.0,4700.0,0.0,0.0,0.0,0.0,0.0,4700.0,1.0,31.0,4700.0
1.0,7.0,5.0,3.0,1.0,1.0,3342.0,1440.0,0.0,11314.0,10210.0,100.0,0.0,0.0,0.0,0.0,0.0,0.0,3.0,27.0,100.0
1.0,6.0,5.0,3.0,2.0,1.0,3769.0,3144.0,0.0,12904.0,12316.0,0.0,0.0,0.0,0.0,0.0,0.0,0.0,1.0,22.0,0.0
2.0,6.0,3.0,3.0,6.0,1.0,3769.0,1440.0,0.0,2376.0,2148.0,1550.0,0.0,0.0,0.0,0.0,0.0,0.0,3.0,32.0,1550.0
2.0,7.0,5.0,4.0,1.0,1.0,2304.0,1440.0,0.0,2520.0,2184.0,0.0,0.0,0.0,0.0,0.0,0.0,0.0,3.0,26.0,0.0
2.0,7.0,5.0,1.0,1.0,1.0,5080.0,1440.0,0.0,5120.0,4376.0,0.0,0.0,0.0,0.0,0.0,0.0,0.0,3.0,35.0,0.0
2.0,7.0,5.0,3.0,1.0,1.0,4040.0,1440.0,0.0,20060.0,17216.0,0.0,0.0,0.0,5000.0,0.0,0.0,0.0,1.0,25.0,5000.0
1.0,7.0,5.0,1.0,8.0,1.0,3769.0,2826.0,0.0,7276.0,6988.0,0.0,0.0,0.0,0.0,0.0,0.0,0.0,3.0,30.0,0.0
1.0,6.0,5.0,2.0,9.0,1.0,3769.0,3443.0,0.0,5921.0,5369.0,0.0,0.0,0.0,0.0,0.0,0.0,0.0,1.0,27.0,0.0
2.0,5.0,1.0,3.0,1.0,1.0,603.0,1440.0,0.0,9067.0,8731.0,1253.0,0.0,0.0,0.0,0.0,0.0,0.0,3.0,29.0,1253.0
2.0,7.0,1.0,2.0,2.0,3.0,3769.0,480.0,0.0,9456.0,8244.0,12258.0,0.0,0.0,0.0,0.0,0.0,12258.0,1.0,39.0,12258.0
2.0,7.0,5.0,3.0,1.0,1.0,3600.0,1440.0,0.0,3685.0,3313.0,0.0,0.0,0.0,0.0,0.0,0.0,0.0,6.0,27.0,0.0
1.0,7.0,1.0,2.0,1.0,1.0,5652.0,1440.0,0.0,8635.0,8059.0,14000.0,0.0,0.0,0.0,0.0,0.0,14000.0,1.0,38.0,14000.0
2.0,7.0,5.0,3.0,3.0,1.0,3769.0,234.0,0.0,8872.0,8020.0,8500.0,0.0,0.0,0.0,0.0,0.0,8500.0,1.0,20.0,8500.0
1.0,5.0,5.0,3.0,9.0,1.0,3769.0,1440.0,15.0,2152.0,2147.2,0.0,0.0,0.0,0.0,0.0,0.0,0.0,1.0,20.0,0.0
2.0,7.0,1.0,2.0,1.0,1.0,4130.0,1440.0,0.0,4191.0,3735.0,15000.0,0.0,0.0,0.0,0.0,0.0,15000.0,2.0,34.0,15000.0
1.0,7.0,5.0,2.0,9.0,1.0,3769.0,1440.0,1044.0,2126.0,2124.8,0.0,0.0,0.0,0.0,0.0,0.0,0.0,5.0,23.0,0.0
1.0,5.0,5.0,2.0,9.0,1.0,3769.0,1320.0,0.0,7184.0,6776.0,300.0,0.0,0.0,0.0,0.0,0.0,0.0,3.0,29.0,300.0
1.0,7.0,5.0,2.0,1.0,1.0,3870.0,1440.0,0.0,11308.0,10456.0,19272.0,0.0,0.0,12000.0,0.0,0.0,19272.0,1.0,36.0,31272.0
2.0,7.0,5.0,2.0,3.0,1.0,3769.0,270.0,0.0,590.0,362.0,1800.0,0.0,0.0,0.0,0.0,0.0,1800.0,3.0,29.0,1800.0
1.0,7.0,5.0,2.0,1.0,1.0,4440.0,1440.0,0.0,7957.0,7654.6,4840.0,0.0,0.0,0.0,0.0,0.0,0.0,3.0,32.0,4840.0
1.0,7.0,1.0,3.0,1.0,1.0,16618.0,1440.0,0.0,22521.0,21081.0,54000.0,0.0,0.0,0.0,0.0,0.0,30000.0,2.0,34.0,54000.0
1.0,6.0,1.0,3.0,1.0,1.0,4600.0,1440.0,0.0,6550.0,6058.0,6700.0,0.0,0.0,0.0,0.0,0.0,5000.0,2.0,38.0,6700.0
1.0,5.0,5.0,3.0,5.0,1.0,3769.0,1440.0,0.0,7139.0,6863.0,5250.0,0.0,0.0,0.0,0.0,0.0,4000.0,2.0,29.0,5250.0
2.0,7.0,5.0,3.0,9.0,1.0,1750.0,1440.0,0.0,8780.0,8108.0,19000.0,0.0,0.0,0.0,0.0,0.0,13000.0,2.0,29.0,19000.0
1.0,6.0,5.0,3.0,1.0,1.0,3503.0,1440.0,0.0,3991.0,3619.0,22326.0,0.0,0.0,0.0,0.0,0.0,22326.0,1.0,35.0,22326.0
2.0,7.0,5.0,2.0,1.0,1.0,4960.0,1440.0,0.0,10638.0,9474.0,10000.0,0.0,0.0,0.0,0.0,0.0,0.0,1.0,32.0,10000.0
2.0,9.0,1.0,3.0,1.0,1.0,13212.0,1440.0,0.0,23952.0,18492.0,0.0,0.0,0.0,6000.0,0.0,0.0,0.0,2.0,36.0,6000.0
2.0,6.0,5.0,3.0,1.0,1.0,3135.0,1440.0,0.0,3155.0,2831.0,0.0,0.0,0.0,0.0,0.0,0.0,0.0,3.0,29.0,0.0
1.0,7.0,5.0,4.0,1.0,1.0,2786.0,1440.0,0.0,8757.0,7857.0,0.0,0.0,1700.0,0.0,0.0,0.0,0.0,1.0,36.0,1700.0
1.0,7.0,5.0,3.0,9.0,1.0,3769.0,300.0,0.0,6458.0,5990.0,1000.0,0.0,2000.0,0.0,0.0,0.0,0.0,3.0,27.0,3000.0
2.0,7.0,5.0,1.0,1.0,1.0,6478.0,1440.0,0.0,24699.0,20511.0,0.0,0.0,0.0,0.0,0.0,0.0,0.0,1.0,29.0,0.0
2.0,6.0,5.0,2.0,9.0,1.0,3769.0,420.0,0.0,8018.0,7382.0,20000.0,0.0,0.0,0.0,0.0,0.0,20000.0,1.0,26.0,20000.0
1.0,6.0,1.0,3.0,3.0,2.0,3769.0,4032.0,0.0,5402.0,5294.0,0.0,0.0,0.0,0.0,0.0,0.0,0.0,2.0,39.0,0.0
2.0,7.0,1.0,5.0,2.0,1.0,3769.0,880.0,0.0,6806.0,6074.0,15000.0,0.0,0.0,0.0,0.0,0.0,15000.0,1.0,37.0,15000.0
2.0,7.0,5.0,3.0,1.0,1.0,4180.0,1440.0,0.0,5038.0,4462.0,2500.0,0.0,0.0,0.0,0.0,0.0,2500.0,3.0,34.0,2500.0
1.0,6.0,5.0,3.0,9.0,1.0,3769.0,480.0,0.0,3802.0,3538.0,9660.0,0.0,0.0,0.0,0.0,0.0,0.0,1.0,23.0,9660.0
1.0,7.0,1.0,3.0,1.0,1.0,7120.0,1440.0,0.0,11830.0,9958.0,14280.0,0.0,0.0,30000.0,0.0,0.0,0.0,2.0,38.0,44280.0
2.0,5.0,5.0,3.0,9.0,1.0,3769.0,120.0,0.0,2670.0,2557.2,10000.0,0.0,0.0,0.0,0.0,0.0,13000.0,2.0,21.0,10000.0
1.0,7.0,5.0,2.0,1.0,1.0,4500.0,1440.0,0.0,23981.0,7409.0,16000.0,0.0,0.0,0.0,0.0,0.0,0.0,1.0,26.0,16000.0
1.0,7.0,5.0,3.0,6.0,1.0,3769.0,1440.0,0.0,6402.0,5766.0,7776.0,0.0,0.0,0.0,0.0,0.0,4776.0,1.0,27.0,7776.0
1.0,5.0,5.0,3.0,9.0,1.0,3769.0,103.0,0.0,1790.0,1754.0,0.0,0.0,0.0,0.0,0.0,0.0,0.0,2.0,29.0,0.0
1.0,7.0,5.0,3.0,6.0,1.0,3769.0,1440.0,0.0,10474.0,9346.0,3000.0,0.0,0.0,0.0,0.0,0.0,3000.0,1.0,32.0,3000.0
1.0,6.0,5.0,1.0,2.0,1.0,3769.0,2520.0,0.0,10158.0,9210.0,3000.0,0.0,0.0,0.0,0.0,2572.0,0.0,3.0,30.0,5572.0
1.0,7.0,5.0,3.0,2.0,1.0,3769.0,1320.0,0.0,1620.0,1500.0,0.0,0.0,0.0,0.0,0.0,0.0,0.0,2.0,30.0,0.0
1.0,5.0,5.0,3.0,2.0,1.0,3769.0,2085.0,0.0,12357.0,11241.0,19760.0,0.0,0.0,29000.0,0.0,0.0,0.0,1.0,26.0,48760.0
1.0,8.0,1.0,2.0,1.0,1.0,4850.0,1440.0,0.0,10990.0,9310.0,28000.0,0.0,0.0,0.0,0.0,0.0,0.0,2.0,34.0,28000.0
2.0,6.0,5.0,4.0,1.0,1.0,2640.0,1440.0,0.0,2776.0,2500.0,360.0,0.0,0.0,0.0,0.0,0.0,0.0,3.0,26.0,360.0
1.0,6.0,5.0,4.0,1.0,1.0,4845.0,1440.0,0.0,8549.0,7949.0,0.0,0.0,0.0,0.0,0.0,0.0,0.0,1.0,39.0,0.0
2.0,5.0,5.0,2.0,2.0,1.0,3769.0,1260.0,0.0,2660.0,2634.8,13000.0,0.0,0.0,0.0,0.0,0.0,0.0,3.0,23.0,13000.0
2.0,7.0,1.0,3.0,2.0,1.0,3769.0,6390.0,0.0,13309.0,11065.0,11887.0,0.0,0.0,0.0,0.0,0.0,11887.0,1.0,30.0,11887.0
2.0,8.0,5.0,3.0,6.0,1.0,3769.0,1440.0,0.0,8474.0,7166.0,20000.0,0.0,0.0,0.0,0.0,0.0,20000.0,1.0,29.0,20000.0
2.0,7.0,1.0,3.0,1.0,1.0,4553.0,1440.0,0.0,11699.0,10247.0,16200.0,0.0,0.0,0.0,0.0,0.0,15300.0,2.0,33.0,16200.0
2.0,7.0,1.0,5.0,1.0,1.0,2250.0,1440.0,0.0,7410.0,6750.0,7000.0,0.0,0.0,0.0,0.0,0.0,7000.0,1.0,35.0,7000.0
2.0,5.0,5.0,3.0,2.0,1.0,3769.0,3200.0,0.0,3200.0,2876.0,0.0,0.0,0.0,0.0,0.0,0.0,0.0,3.0,30.0,0.0
1.0,8.0,5.0,3.0,9.0,1.0,3769.0,560.0,0.0,3802.0,3538.0,9660.0,0.0,0.0,0.0,0.0,0.0,0.0,1.0,27.0,9660.0
1.0,6.0,5.0,4.0,1.0,1.0,3750.0,1440.0,0.0,12403.0,11779.0,0.0,0.0,0.0,500.0,0.0,0.0,0.0,1.0,38.0,500.0
1.0,7.0,1.0,3.0,1.0,1.0,5150.0,1440.0,0.0,7078.0,6238.0,13923.0,0.0,0.0,0.0,0.0,3000.0,12942.0,1.0,36.0,16923.0
2.0,7.0,5.0,3.0,1.0,1.0,5220.0,1440.0,0.0,5420.0,4544.0,1700.0,0.0,0.0,0.0,0.0,0.0,1700.0,3.0,28.0,1700.0
1.0,7.0,5.0,3.0,2.0,1.0,3769.0,2880.0,0.0,2880.0,2532.0,0.0,0.0,0.0,0.0,0.0,0.0,0.0,5.0,31.0,0.0
1.0,5.0,5.0,1.0,9.0,1.0,3769.0,1440.0,1404.0,10171.0,9667.0,0.0,0.0,0.0,0.0,0.0,0.0,0.0,2.0,24.0,0.0
1.0,6.0,3.0,1.0,1.0,1.0,3965.0,1440.0,0.0,8055.0,7383.0,3000.0,0.0,0.0,0.0,0.0,0.0,3000.0,1.0,39.0,3000.0
2.0,7.0,5.0,2.0,2.0,1.0,3769.0,3000.0,0.0,8018.0,7382.0,20000.0,0.0,0.0,0.0,0.0,0.0,20000.0,1.0,30.0,20000.0
2.0,7.0,5.0,3.0,9.0,1.0,3769.0,800.0,0.0,22218.0,16650.0,0.0,0.0,0.0,0.0,0.0,0.0,0.0,1.0,28.0,0.0
1.0,7.0,5.0,2.0,9.0,1.0,3769.0,700.0,0.0,3335.0,3297.8,0.0,0.0,0.0,0.0,0.0,0.0,0.0,3.0,28.0,0.0
2.0,7.0,5.0,3.0,1.0,1.0,3300.0,1440.0,0.0,14054.0,12818.0,0.0,0.0,0.0,0.0,0.0,0.0,0.0,1.0,31.0,0.0
1.0,7.0,5.0,5.0,2.0,1.0,3769.0,3658.0,0.0,3764.0,3404.0,0.0,0.0,0.0,0.0,0.0,0.0,0.0,6.0,28.0,0.0
1.0,7.0,5.0,4.0,6.0,1.0,3769.0,1440.0,0.0,7198.0,6358.0,25000.0,0.0,0.0,31000.0,0.0,0.0,0.0,1.0,36.0,56000.0
1.0,6.0,5.0,1.0,1.0,1.0,4120.0,1440.0,0.0,8204.0,7688.0,10000.0,0.0,0.0,0.0,0.0,0.0,10000.0,1.0,38.0,10000.0
2.0,7.0,1.0,2.0,1.0,1.0,6860.0,1440.0,0.0,23660.0,19652.0,2958.0,0.0,0.0,35000.0,0.0,0.0,0.0,1.0,39.0,37958.0
2.0,7.0,5.0,3.0,9.0,1.0,3769.0,623.0,0.0,4087.0,3919.0,0.0,0.0,0.0,0.0,0.0,0.0,0.0,1.0,22.0,0.0
1.0,5.0,5.0,3.0,9.0,1.0,3769.0,1800.0,0.0,12446.0,11762.0,11000.0,0.0,1636.0,0.0,0.0,0.0,0.0,3.0,31.0,12636.0
2.0,6.0,5.0,1.0,2.0,1.0,3769.0,3018.0,0.0,5591.0,5295.8,860.0,0.0,0.0,0.0,0.0,8400.0,0.0,3.0,32.0,9260.0
1.0,7.0,1.0,3.0,1.0,1.0,8736.0,1440.0,0.0,15924.0,13740.0,22000.0,0.0,220.0,0.0,0.0,0.0,22000.0,2.0,33.0,22220.0
2.0,5.0,5.0,1.0,1.0,1.0,3740.0,1440.0,0.0,14444.0,12188.0,0.0,0.0,0.0,0.0,0.0,0.0,0.0,1.0,26.0,0.0
1.0,5.0,5.0,3.0,9.0,1.0,3769.0,1500.0,0.0,7419.0,6927.0,6770.0,0.0,0.0,0.0,0.0,0.0,5670.0,3.0,36.0,6770.0
2.0,6.0,5.0,3.0,2.0,1.0,3769.0,2194.0,0.0,2201.0,2009.0,900.0,0.0,0.0,0.0,0.0,0.0,0.0,3.0,25.0,900.0
2.0,6.0,5.0,3.0,1.0,1.0,2470.0,1440.0,0.0,2490.0,2262.0,290.0,0.0,0.0,0.0,0.0,0.0,0.0,3.0,28.0,290.0
1.0,5.0,1.0,3.0,1.0,1.0,7100.0,1440.0,0.0,7649.0,6461.0,16772.0,0.0,0.0,0.0,0.0,0.0,16772.0,1.0,39.0,16772.0
1.0,7.0,5.0,2.0,2.0,1.0,3769.0,3160.0,0.0,3160.0,2800.0,0.0,0.0,0.0,0.0,0.0,0.0,0.0,3.0,34.0,0.0
1.0,7.0,5.0,2.0,1.0,1.0,3842.0,1440.0,0.0,17516.0,14900.0,3778.0,0.0,0.0,19000.0,0.0,0.0,0.0,1.0,28.0,22778.0
1.0,7.0,5.0,3.0,1.0,1.0,2975.0,1440.0,0.0,16557.0,15225.0,1120.0,0.0,0.0,1150.0,0.0,0.0,0.0,1.0,33.0,2270.0
1.0,5.0,5.0,3.0,9.0,1.0,3769.0,180.0,0.0,1564.0,1534.0,0.0,0.0,0.0,0.0,0.0,0.0,0.0,1.0,28.0,0.0
2.0,5.0,1.0,2.0,2.0,1.0,586.0,1260.0,0.0,5132.0,4652.0,16748.0,0.0,0.0,0.0,0.0,0.0,16748.0,1.0,30.0,16748.0
2.0,8.0,1.0,4.0,1.0,1.0,3752.0,1440.0,0.0,14454.0,12066.0,10000.0,0.0,4720.0,0.0,720.0,0.0,0.0,2.0,34.0,15440.0
2.0,6.0,5.0,3.0,6.0,1.0,3769.0,1440.0,0.0,3320.0,3128.0,0.0,0.0,0.0,0.0,0.0,0.0,0.0,1.0,39.0,0.0
2.0,6.0,5.0,2.0,1.0,1.0,2750.0,1440.0,0.0,8219.0,7355.0,3559.0,0.0,0.0,0.0,0.0,0.0,3559.0,1.0,23.0,3559.0
1.0,7.0,5.0,3.0,1.0,1.0,4536.0,1440.0,0.0,4584.0,4068.0,0.0,0.0,0.0,0.0,0.0,0.0,0.0,4.0,33.0,0.0
2.0,6.0,5.0,3.0,2.0,1.0,3769.0,2880.0,0.0,15766.0,15022.0,3000.0,0.0,0.0,0.0,0.0,0.0,3000.0,1.0,26.0,3000.0
2.0,6.0,5.0,2.0,2.0,1.0,3769.0,929.0,0.0,7773.0,7497.0,0.0,0.0,140.0,0.0,0.0,0.0,0.0,4.0,20.0,140.0
1.0,7.0,5.0,2.0,9.0,1.0,3769.0,575.0,0.0,9768.0,9072.0,17265.0,5000.0,70.0,1000.0,0.0,0.0,11615.0,1.0,24.0,23335.0
2.0,7.0,1.0,2.0,1.0,1.0,4356.0,1440.0,0.0,11088.0,9696.0,2000.0,0.0,0.0,0.0,0.0,0.0,2000.0,2.0,32.0,2000.0
2.0,7.0,1.0,5.0,1.0,1.0,4800.0,1440.0,0.0,9750.0,7938.0,25900.0,0.0,0.0,0.0,0.0,0.0,25900.0,1.0,34.0,25900.0
1.0,6.0,5.0,3.0,9.0,1.0,3769.0,1520.0,0.0,10091.0,9311.0,0.0,0.0,0.0,0.0,0.0,0.0,0.0,2.0,25.0,0.0
2.0,6.0,5.0,1.0,1.0,1.0,3152.0,1440.0,0.0,12750.0,11754.0,0.0,0.0,0.0,2000.0,0.0,0.0,0.0,5.0,23.0,2000.0
2.0,7.0,5.0,2.0,1.0,1.0,3970.0,1440.0,0.0,17729.0,16397.0,0.0,0.0,280.0,0.0,0.0,0.0,0.0,1.0,26.0,280.0
1.0,6.0,5.0,2.0,9.0,1.0,3769.0,600.0,0.0,8090.0,7526.0,6000.0,0.0,0.0,0.0,0.0,0.0,0.0,1.0,24.0,6000.0
2.0,5.0,1.0,3.0,2.0,1.0,3769.0,2304.0,0.0,8359.0,8153.8,600.0,0.0,0.0,0.0,0.0,3807.0,3807.0,3.0,36.0,4407.0
2.0,7.0,5.0,3.0,1.0,1.0,2910.0,1440.0,0.0,12414.0,11406.0,0.0,0.0,0.0,0.0,0.0,0.0,0.0,1.0,35.0,0.0
1.0,7.0,5.0,3.0,9.0,1.0,3769.0,2300.0,0.0,5170.0,5026.0,3400.0,0.0,0.0,0.0,0.0,0.0,1900.0,1.0,27.0,3400.0
2.0,7.0,5.0,3.0,1.0,1.0,4707.0,1440.0,0.0,4812.0,4200.0,0.0,0.0,0.0,0.0,0.0,3000.0,0.0,3.0,27.0,3000.0
1.0,7.0,5.0,3.0,9.0,1.0,3769.0,1440.0,1116.0,10458.0,9678.0,0.0,0.0,0.0,0.0,0.0,0.0,0.0,1.0,23.0,0.0
1.0,7.0,1.0,4.0,1.0,1.0,3576.0,1440.0,0.0,9685.0,9301.0,0.0,0.0,0.0,0.0,0.0,0.0,0.0,1.0,39.0,0.0
2.0,5.0,1.0,3.0,2.0,1.0,3769.0,2935.0,0.0,9909.0,9009.0,2000.0,0.0,0.0,0.0,0.0,0.0,2000.0,1.0,39.0,2000.0
1.0,7.0,1.0,1.0,1.0,1.0,6645.0,1440.0,0.0,12117.0,10353.0,19920.0,3000.0,0.0,0.0,0.0,0.0,11000.0,2.0,35.0,22920.0
1.0,7.0,1.0,3.0,1.0,1.0,5100.0,1440.0,0.0,14402.0,13262.0,14000.0,0.0,0.0,2000.0,0.0,0.0,14000.0,1.0,36.0,16000.0
1.0,7.0,5.0,2.0,9.0,1.0,3769.0,1440.0,1000.0,17729.0,16397.0,0.0,0.0,280.0,0.0,0.0,0.0,0.0,1.0,23.0,280.0
2.0,5.0,5.0,2.0,2.0,1.0,3769.0,750.0,0.0,3561.0,3552.6,0.0,0.0,0.0,0.0,0.0,0.0,0.0,5.0,21.0,0.0
1.0,7.0,5.0,3.0,1.0,1.0,6020.0,1440.0,0.0,6040.0,5092.0,18000.0,0.0,0.0,0.0,0.0,0.0,18000.0,2.0,33.0,18000.0
2.0,7.0,5.0,3.0,1.0,1.0,4550.0,1440.0,0.0,14400.0,13464.0,0.0,0.0,0.0,0.0,0.0,0.0,0.0,1.0,37.0,0.0
1.0,7.0,1.0,3.0,1.0,1.0,9120.0,1440.0,0.0,11220.0,9720.0,32000.0,0.0,0.0,0.0,0.0,0.0,22000.0,2.0,31.0,32000.0
1.0,5.0,5.0,3.0,2.0,1.0,3769.0,1800.0,0.0,9244.0,9218.8,2800.0,0.0,0.0,0.0,0.0,0.0,0.0,3.0,20.0,2800.0
2.0,5.0,5.0,3.0,9.0,1.0,3769.0,231.0,0.0,1321.0,1321.0,0.0,0.0,0.0,0.0,0.0,400.0,0.0,3.0,29.0,400.0
1.0,6.0,5.0,1.0,9.0,1.0,3769.0,1440.0,1580.0,8163.0,7899.0,0.0,0.0,0.0,0.0,0.0,0.0,0.0,3.0,22.0,0.0
1.0,5.0,1.0,2.0,1.0,1.0,7158.0,1440.0,0.0,7458.0,6378.0,9700.0,0.0,0.0,0.0,0.0,0.0,8800.0,1.0,38.0,9700.0
1.0,6.0,1.0,1.0,1.0,1.0,4365.0,1440.0,0.0,4883.0,4427.0,5200.0,0.0,0.0,0.0,0.0,0.0,5200.0,3.0,31.0,5200.0
1.0,7.0,5.0,3.0,2.0,1.0,3769.0,2784.0,0.0,8808.0,7872.0,2371.0,0.0,0.0,30.0,0.0,0.0,0.0,1.0,32.0,2401.0
2.0,7.0,1.0,1.0,1.0,1.0,5620.0,1440.0,0.0,10965.0,9741.0,20000.0,0.0,0.0,0.0,0.0,0.0,20000.0,1.0,39.0,20000.0
2.0,6.0,5.0,1.0,1.0,1.0,2630.0,1440.0,0.0,8163.0,7899.0,0.0,0.0,0.0,0.0,0.0,0.0,0.0,3.0,24.0,0.0
1.0,5.0,5.0,4.0,1.0,1.0,4000.0,1440.0,0.0,8740.0,8212.0,0.0,0.0,0.0,0.0,0.0,0.0,0.0,1.0,38.0,0.0
2.0,7.0,5.0,1.0,1.0,1.0,4550.0,1500.0,0.0,6090.0,5538.0,7000.0,0.0,0.0,0.0,0.0,0.0,7000.0,3.0,31.0,7000.0
2.0,7.0,1.0,3.0,1.0,1.0,4571.0,1440.0,0.0,8935.0,7399.0,9700.0,0.0,0.0,0.0,0.0,0.0,9700.0,1.0,39.0,9700.0
2.0,5.0,5.0,2.0,3.0,1.0,3769.0,1200.0,0.0,3960.0,3720.0,3500.0,0.0,0.0,0.0,0.0,0.0,3500.0,1.0,26.0,3500.0
2.0,7.0,5.0,4.0,1.0,1.0,4088.0,1440.0,0.0,4268.0,3692.0,0.0,0.0,0.0,0.0,0.0,0.0,0.0,6.0,25.0,0.0
1.0,7.0,5.0,3.0,6.0,1.0,3769.0,1440.0,0.0,3841.0,3517.0,2000.0,0.0,0.0,3300.0,0.0,0.0,0.0,1.0,38.0,5300.0
2.0,7.0,5.0,3.0,1.0,1.0,3168.0,1440.0,0.0,6266.0,5618.0,0.0,0.0,0.0,0.0,0.0,0.0,0.0,1.0,27.0,0.0
2.0,8.0,1.0,3.0,1.0,1.0,3276.0,1440.0,0.0,6275.0,5987.0,1000.0,0.0,0.0,0.0,0.0,0.0,0.0,6.0,39.0,1000.0
1.0,6.0,1.0,3.0,2.0,3.0,3769.0,3100.0,0.0,5273.0,5105.0,2000.0,0.0,0.0,0.0,0.0,0.0,0.0,6.0,36.0,2000.0
2.0,7.0,5.0,3.0,1.0,1.0,2943.0,1440.0,0.0,3386.0,3086.0,0.0,0.0,0.0,0.0,0.0,0.0,0.0,3.0,30.0,0.0
1.0,7.0,1.0,2.0,1.0,1.0,3655.0,1440.0,0.0,6109.0,5329.0,12664.0,0.0,0.0,0.0,0.0,0.0,12664.0,1.0,33.0,12664.0
1.0,6.0,5.0,3.0,9.0,1.0,3769.0,1041.0,0.0,1359.0,1282.2,0.0,0.0,0.0,0.0,0.0,0.0,0.0,3.0,26.0,0.0
2.0,8.0,5.0,1.0,5.0,1.0,3769.0,1440.0,0.0,15276.0,14100.0,26000.0,0.0,0.0,0.0,0.0,0.0,26000.0,2.0,37.0,26000.0
1.0,7.0,5.0,3.0,2.0,1.0,3769.0,3600.0,0.0,13810.0,12814.0,0.0,0.0,0.0,0.0,0.0,0.0,0.0,1.0,34.0,0.0
2.0,6.0,5.0,2.0,1.0,1.0,2640.0,1440.0,0.0,11204.0,10316.0,11569.0,0.0,0.0,0.0,0.0,4000.0,11569.0,1.0,27.0,15569.0
1.0,6.0,1.0,3.0,3.0,1.0,3769.0,4932.0,0.0,8616.0,8280.0,20000.0,0.0,0.0,0.0,0.0,0.0,20000.0,2.0,37.0,20000.0
1.0,7.0,5.0,3.0,1.0,1.0,4080.0,1440.0,0.0,20266.0,16882.0,1300.0,0.0,0.0,0.0,0.0,0.0,1300.0,1.0,26.0,1300.0
2.0,7.0,5.0,1.0,1.0,1.0,1152.0,1896.0,0.0,3576.0,3288.0,0.0,0.0,0.0,0.0,0.0,0.0,0.0,4.0,28.0,0.0
2.0,5.0,5.0,1.0,1.0,1.0,3263.0,1440.0,0.0,6141.0,5793.0,300.0,0.0,0.0,0.0,0.0,0.0,0.0,2.0,25.0,300.0
1.0,5.0,5.0,3.0,2.0,1.0,3769.0,1610.0,0.0,9492.0,9180.0,0.0,0.0,0.0,0.0,0.0,0.0,0.0,1.0,29.0,0.0
1.0,5.0,5.0,3.0,9.0,1.0,3769.0,400.0,0.0,12346.0,11098.0,24530.0,0.0,0.0,0.0,0.0,0.0,24530.0,1.0,19.0,24530.0
1.0,6.0,5.0,4.0,1.0,1.0,4200.0,1440.0,0.0,6468.0,5940.0,0.0,0.0,0.0,0.0,0.0,0.0,0.0,1.0,34.0,0.0
2.0,7.0,5.0,3.0,9.0,1.0,3769.0,540.0,0.0,22393.0,22153.0,0.0,0.0,0.0,0.0,0.0,0.0,0.0,1.0,21.0,0.0
1.0,8.0,5.0,2.0,6.0,1.0,3769.0,1440.0,0.0,17597.0,15173.0,15700.0,0.0,0.0,0.0,0.0,0.0,12000.0,1.0,28.0,15700.0
2.0,7.0,5.0,3.0,9.0,1.0,3769.0,130.0,0.0,6459.0,5979.0,5000.0,0.0,0.0,0.0,0.0,0.0,5000.0,2.0,22.0,5000.0
2.0,7.0,5.0,4.0,9.0,1.0,3769.0,210.0,0.0,13701.0,13545.0,0.0,0.0,50.0,0.0,0.0,0.0,0.0,1.0,23.0,50.0
2.0,6.0,1.0,5.0,1.0,1.0,2100.0,1440.0,0.0,8350.0,7414.0,9000.0,0.0,0.0,0.0,0.0,0.0,3500.0,3.0,38.0,9000.0
2.0,5.0,5.0,2.0,2.0,1.0,3769.0,2307.0,0.0,3470.0,3266.0,0.0,0.0,0.0,0.0,0.0,0.0,0.0,5.0,28.0,0.0
2.0,7.0,5.0,1.0,1.0,1.0,3050.0,1440.0,0.0,7001.0,6665.0,10875.0,0.0,0.0,0.0,0.0,0.0,6175.0,1.0,39.0,10875.0
1.0,7.0,1.0,3.0,1.0,1.0,5664.0,1440.0,0.0,10578.0,9198.0,19999.0,0.0,0.0,0.0,0.0,0.0,19999.0,1.0,33.0,19999.0
1.0,5.0,5.0,1.0,2.0,1.0,3769.0,1800.0,0.0,9230.0,8558.0,0.0,0.0,0.0,0.0,0.0,0.0,0.0,3.0,22.0,0.0
1.0,5.0,5.0,3.0,1.0,1.0,2654.0,413.0,0.0,8966.0,8210.0,800.0,0.0,0.0,6500.0,0.0,0.0,0.0,1.0,20.0,7300.0
1.0,6.0,5.0,3.0,6.0,1.0,3769.0,1440.0,0.0,11630.0,10538.0,47000.0,0.0,0.0,0.0,0.0,0.0,45000.0,1.0,37.0,47000.0
2.0,5.0,1.0,2.0,2.0,1.0,3769.0,684.0,0.0,4743.0,4347.0,0.0,0.0,0.0,0.0,0.0,0.0,0.0,1.0,31.0,0.0
2.0,6.0,5.0,3.0,1.0,1.0,2255.0,1440.0,0.0,15958.0,14698.0,8378.0,0.0,0.0,41200.0,0.0,7800.0,8000.0,2.0,25.0,57378.0
1.0,7.0,5.0,2.0,2.0,1.0,3769.0,1890.0,0.0,8306.0,7538.0,0.0,0.0,780.0,3000.0,0.0,0.0,0.0,1.0,31.0,3780.0
2.0,7.0,5.0,2.0,1.0,1.0,5748.0,1440.0,0.0,5768.0,4880.0,2000.0,0.0,0.0,0.0,0.0,0.0,2000.0,3.0,30.0,2000.0
1.0,6.0,5.0,2.0,9.0,1.0,1840.0,1440.0,0.0,9339.0,8343.0,920.0,0.0,0.0,0.0,0.0,0.0,0.0,3.0,24.0,920.0
2.0,7.0,1.0,3.0,1.0,1.0,7120.0,1440.0,0.0,17230.0,14554.0,8000.0,0.0,0.0,0.0,0.0,5000.0,12000.0,1.0,37.0,13000.0
2.0,6.0,1.0,3.0,9.0,1.0,2400.0,1440.0,0.0,10310.0,9014.0,0.0,0.0,0.0,0.0,0.0,0.0,0.0,1.0,36.0,0.0
1.0,7.0,5.0,2.0,2.0,1.0,3769.0,1200.0,0.0,9125.0,8237.0,4000.0,0.0,0.0,0.0,0.0,0.0,0.0,5.0,25.0,4000.0
1.0,7.0,5.0,3.0,1.0,1.0,4387.0,1440.0,0.0,8757.0,7521.0,0.0,0.0,0.0,0.0,0.0,0.0,0.0,1.0,30.0,0.0
1.0,5.0,5.0,4.0,2.0,1.0,3769.0,2400.0,0.0,4866.0,4446.0,200.0,0.0,0.0,0.0,0.0,0.0,0.0,5.0,35.0,200.0
1.0,5.0,5.0,3.0,9.0,1.0,3769.0,1440.0,1320.0,16063.0,14479.0,10000.0,0.0,370.0,0.0,0.0,0.0,10000.0,1.0,21.0,10370.0
1.0,5.0,1.0,3.0,1.0,1.0,4720.0,1440.0,0.0,9475.0,8203.0,0.0,0.0,0.0,0.0,0.0,0.0,0.0,1.0,36.0,0.0
1.0,5.0,1.0,3.0,2.0,1.0,3769.0,5020.0,0.0,8605.0,7933.0,4500.0,0.0,150.0,1000.0,0.0,0.0,4500.0,2.0,32.0,5650.0
2.0,6.0,5.0,2.0,9.0,1.0,3769.0,140.0,0.0,62220.0,60804.0,19000.0,0.0,3084.0,0.0,0.0,0.0,19000.0,1.0,21.0,22084.0
2.0,6.0,1.0,3.0,9.0,1.0,492.0,1440.0,0.0,6336.0,5784.0,0.0,0.0,0.0,0.0,0.0,0.0,0.0,1.0,36.0,0.0
2.0,7.0,1.0,1.0,1.0,1.0,11196.0,1440.0,0.0,22140.0,17700.0,27000.0,0.0,0.0,0.0,0.0,0.0,27000.0,2.0,33.0,27000.0
2.0,7.0,5.0,1.0,1.0,1.0,4845.0,1440.0,0.0,20345.0,17717.0,0.0,0.0,0.0,0.0,0.0,0.0,0.0,1.0,29.0,0.0
1.0,7.0,1.0,2.0,2.0,3.0,3769.0,6000.0,0.0,9841.0,9481.0,10500.0,0.0,0.0,1000.0,0.0,0.0,0.0,4.0,38.0,11500.0
2.0,7.0,5.0,3.0,9.0,1.0,3769.0,369.0,0.0,16080.0,13212.0,5172.0,0.0,0.0,0.0,0.0,0.0,0.0,5.0,22.0,5172.0
2.0,5.0,5.0,3.0,1.0,1.0,2988.0,1440.0,0.0,5436.0,4956.0,15000.0,0.0,0.0,0.0,0.0,0.0,15000.0,2.0,27.0,15000.0
2.0,7.0,5.0,1.0,1.0,1.0,4550.0,1440.0,0.0,7630.0,6754.0,9800.0,0.0,0.0,0.0,0.0,0.0,9800.0,3.0,30.0,9800.0
2.0,6.0,5.0,1.0,1.0,1.0,3420.0,1440.0,0.0,9284.0,8804.0,2100.0,0.0,0.0,0.0,0.0,0.0,0.0,3.0,31.0,2100.0
1.0,5.0,1.0,3.0,1.0,1.0,2400.0,1440.0,0.0,9550.0,8734.0,20000.0,0.0,0.0,0.0,0.0,0.0,20000.0,1.0,39.0,20000.0
1.0,7.0,5.0,3.0,3.0,1.0,3769.0,1280.0,0.0,11516.0,10148.0,0.0,0.0,0.0,500.0,0.0,0.0,0.0,1.0,28.0,500.0
1.0,6.0,5.0,3.0,2.0,1.0,3769.0,2940.0,0.0,11400.0,10536.0,2450.0,0.0,0.0,0.0,0.0,0.0,0.0,1.0,35.0,2450.0
2.0,7.0,5.0,3.0,5.0,1.0,1260.0,1440.0,0.0,11630.0,10538.0,47000.0,0.0,0.0,0.0,0.0,0.0,45000.0,1.0,29.0,47000.0
2.0,7.0,5.0,3.0,1.0,1.0,3300.0,1440.0,0.0,3500.0,3164.0,0.0,0.0,0.0,0.0,0.0,0.0,0.0,3.0,26.0,0.0
2.0,7.0,5.0,4.0,1.0,1.0,3660.0,1440.0,0.0,6820.0,5980.0,0.0,0.0,0.0,0.0,0.0,0.0,0.0,3.0,30.0,0.0
1.0,7.0,1.0,3.0,1.0,1.0,4880.0,1440.0,0.0,9421.0,7957.0,19800.0,0.0,0.0,0.0,0.0,0.0,19800.0,1.0,33.0,19800.0
1.0,7.0,5.0,3.0,9.0,1.0,2520.0,1440.0,0.0,24873.0,21417.0,0.0,0.0,500.0,7000.0,0.0,0.0,0.0,1.0,29.0,7500.0
2.0,5.0,5.0,3.0,1.0,1.0,4090.0,1440.0,0.0,4750.0,4138.0,35740.0,0.0,0.0,51000.0,0.0,0.0,28000.0,2.0,30.0,86740.0
2.0,5.0,5.0,3.0,2.0,1.0,3769.0,1920.0,0.0,10320.0,9756.0,29000.0,0.0,0.0,0.0,0.0,0.0,8000.0,1.0,22.0,29000.0
2.0,7.0,5.0,1.0,2.0,1.0,3769.0,2880.0,0.0,14510.0,13706.0,0.0,0.0,0.0,0.0,0.0,0.0,0.0,1.0,24.0,0.0
2.0,5.0,1.0,2.0,2.0,1.0,3769.0,744.0,0.0,4546.0,4546.0,0.0,0.0,0.0,0.0,0.0,0.0,0.0,3.0,31.0,0.0
2.0,7.0,2.0,3.0,1.0,1.0,2640.0,1440.0,0.0,8166.0,7698.0,5900.0,0.0,0.0,0.0,0.0,0.0,4500.0,2.0,30.0,5900.0
2.0,7.0,1.0,2.0,1.0,1.0,4100.0,1440.0,0.0,25905.0,22365.0,27740.0,0.0,0.0,0.0,0.0,0.0,19000.0,1.0,32.0,27740.0
1.0,5.0,5.0,3.0,9.0,1.0,3769.0,300.0,0.0,8063.0,7271.0,0.0,0.0,0.0,0.0,0.0,0.0,0.0,1.0,19.0,0.0
2.0,7.0,5.0,3.0,2.0,1.0,3769.0,720.0,0.0,18004.0,17068.0,15120.0,0.0,0.0,0.0,0.0,0.0,0.0,1.0,21.0,15120.0
1.0,6.0,5.0,3.0,9.0,1.0,3769.0,679.0,0.0,11041.0,10021.0,0.0,0.0,0.0,0.0,0.0,0.0,0.0,1.0,20.0,0.0
1.0,5.0,1.0,2.0,5.0,1.0,3769.0,1440.0,0.0,5206.0,4594.0,8000.0,0.0,0.0,0.0,0.0,0.0,8000.0,1.0,34.0,8000.0
1.0,6.0,3.0,3.0,1.0,1.0,3600.0,1440.0,0.0,12165.0,11469.0,0.0,0.0,0.0,0.0,0.0,0.0,0.0,1.0,35.0,0.0
1.0,7.0,5.0,2.0,9.0,1.0,3769.0,1045.0,0.0,20153.0,17717.0,0.0,0.0,0.0,0.0,0.0,0.0,0.0,1.0,19.0,0.0
1.0,7.0,5.0,3.0,7.0,1.0,3769.0,720.0,0.0,24300.0,22404.0,0.0,0.0,0.0,0.0,0.0,0.0,0.0,1.0,25.0,0.0
1.0,6.0,5.0,2.0,2.0,1.0,3769.0,3265.0,0.0,9252.0,8400.0,841.0,0.0,0.0,0.0,0.0,0.0,841.0,1.0,22.0,841.0
2.0,7.0,1.0,2.0,2.0,1.0,3769.0,3700.0,0.0,7930.0,7294.0,4036.0,0.0,0.0,7000.0,0.0,0.0,0.0,3.0,38.0,11036.0
2.0,7.0,5.0,3.0,1.0,1.0,3572.0,1440.0,0.0,9613.0,9217.0,0.0,0.0,0.0,0.0,0.0,0.0,0.0,1.0,37.0,0.0
2.0,7.0,5.0,4.0,1.0,1.0,1024.0,1440.0,0.0,8454.0,7950.0,0.0,0.0,0.0,0.0,0.0,0.0,0.0,1.0,29.0,0.0
2.0,5.0,5.0,1.0,1.0,1.0,4492.0,1440.0,0.0,8970.0,8574.0,0.0,0.0,0.0,0.0,0.0,0.0,0.0,1.0,36.0,0.0
2.0,6.0,5.0,3.0,1.0,1.0,3238.0,1440.0,0.0,3278.0,2870.0,1800.0,0.0,0.0,0.0,0.0,0.0,0.0,6.0,25.0,1800.0
2.0,5.0,1.0,4.0,9.0,1.0,3769.0,1250.0,0.0,5431.0,5011.0,8894.0,0.0,0.0,0.0,0.0,0.0,7094.0,1.0,34.0,8894.0
1.0,7.0,5.0,3.0,1.0,1.0,7390.0,1440.0,0.0,14399.0,13091.0,0.0,0.0,0.0,200.0,0.0,0.0,0.0,1.0,25.0,200.0
1.0,6.0,5.0,3.0,2.0,1.0,3769.0,2446.0,0.0,14973.0,13173.0,0.0,0.0,0.0,200.0,0.0,0.0,0.0,1.0,24.0,200.0
2.0,6.0,5.0,1.0,2.0,1.0,3769.0,2930.0,0.0,11513.0,10229.0,6110.0,0.0,0.0,13000.0,0.0,0.0,0.0,3.0,27.0,19110.0
1.0,6.0,5.0,3.0,2.0,1.0,3769.0,3000.0,0.0,6187.0,5923.0,0.0,0.0,0.0,0.0,0.0,2000.0,0.0,5.0,26.0,2000.0
1.0,6.0,5.0,2.0,6.0,1.0,3769.0,1440.0,0.0,11068.0,10276.0,8800.0,0.0,0.0,0.0,0.0,0.0,0.0,1.0,30.0,8800.0
1.0,7.0,5.0,3.0,1.0,1.0,7756.0,1440.0,0.0,7906.0,6802.0,7000.0,0.0,0.0,0.0,0.0,0.0,7000.0,2.0,32.0,7000.0
1.0,6.0,5.0,1.0,2.0,1.0,3769.0,3852.0,0.0,15565.0,14161.0,84980.0,0.0,0.0,60900.0,0.0,0.0,0.0,1.0,35.0,145880.0
2.0,7.0,1.0,3.0,1.0,1.0,4720.0,1440.0,0.0,10460.0,9272.0,0.0,0.0,0.0,0.0,0.0,0.0,0.0,3.0,29.0,0.0
2.0,5.0,5.0,2.0,9.0,1.0,3769.0,600.0,0.0,1240.0,1240.0,10500.0,0.0,0.0,0.0,0.0,0.0,0.0,2.0,25.0,10500.0
2.0,7.0,5.0,3.0,9.0,1.0,3769.0,177.0,0.0,12607.0,10699.0,9067.0,0.0,0.0,24000.0,0.0,0.0,9067.0,1.0,24.0,33067.0
1.0,7.0,1.0,3.0,1.0,1.0,2903.0,1440.0,0.0,8367.0,7071.0,12711.0,0.0,0.0,0.0,0.0,0.0,12711.0,1.0,38.0,12711.0
1.0,6.0,5.0,3.0,1.0,1.0,7120.0,1440.0,0.0,13807.0,11839.0,828.0,0.0,0.0,19800.0,0.0,0.0,0.0,1.0,26.0,20628.0
1.0,5.0,5.0,2.0,9.0,1.0,750.0,1440.0,0.0,13126.0,11950.0,0.0,0.0,0.0,0.0,0.0,0.0,0.0,1.0,31.0,0.0
1.0,7.0,5.0,3.0,9.0,1.0,3769.0,100.0,0.0,12453.0,10737.0,0.0,0.0,0.0,19000.0,0.0,0.0,0.0,1.0,24.0,19000.0
1.0,7.0,5.0,2.0,1.0,1.0,1690.0,1440.0,0.0,7323.0,6879.0,3300.0,0.0,0.0,0.0,0.0,0.0,1300.0,1.0,33.0,3300.0
2.0,6.0,5.0,3.0,2.0,1.0,3769.0,2183.0,0.0,15889.0,14725.0,0.0,0.0,0.0,0.0,0.0,0.0,0.0,1.0,22.0,0.0
1.0,7.0,1.0,2.0,1.0,1.0,3780.0,1440.0,0.0,4068.0,3708.0,14900.0,0.0,90.0,0.0,0.0,0.0,14900.0,2.0,32.0,14990.0
2.0,7.0,5.0,3.0,1.0,1.0,3120.0,1440.0,0.0,24300.0,22404.0,0.0,0.0,0.0,0.0,0.0,0.0,0.0,1.0,27.0,0.0
1.0,7.0,1.0,2.0,1.0,1.0,6644.0,1440.0,0.0,7939.0,6619.0,13000.0,0.0,0.0,0.0,0.0,0.0,13000.0,1.0,38.0,13000.0
2.0,5.0,5.0,3.0,2.0,1.0,3769.0,5170.0,0.0,5230.0,5170.0,900.0,0.0,0.0,0.0,0.0,0.0,0.0,3.0,29.0,900.0
1.0,7.0,5.0,4.0,1.0,1.0,3727.0,1440.0,0.0,6316.0,5548.0,0.0,0.0,0.0,0.0,0.0,0.0,0.0,1.0,21.0,0.0
1.0,6.0,5.0,3.0,1.0,1.0,3100.0,1440.0,0.0,4400.0,4100.0,2750.0,0.0,0.0,0.0,0.0,0.0,2750.0,1.0,35.0,2750.0
2.0,7.0,5.0,2.0,1.0,1.0,1298.0,1440.0,0.0,2838.0,2454.0,0.0,0.0,0.0,0.0,0.0,0.0,0.0,1.0,31.0,0.0
2.0,7.0,5.0,1.0,1.0,1.0,840.0,1440.0,0.0,5730.0,4938.0,2000.0,0.0,0.0,0.0,0.0,0.0,0.0,3.0,25.0,2000.0
1.0,9.0,1.0,1.0,1.0,1.0,6665.0,1440.0,0.0,7877.0,6881.0,29000.0,0.0,1500.0,0.0,0.0,0.0,24000.0,2.0,33.0,30500.0
1.0,7.0,5.0,4.0,1.0,1.0,2780.0,1440.0,0.0,7371.0,6975.0,0.0,0.0,0.0,0.0,0.0,0.0,0.0,2.0,28.0,0.0
1.0,6.0,5.0,2.0,1.0,1.0,3700.0,1440.0,0.0,8790.0,8382.0,10000.0,0.0,0.0,0.0,0.0,0.0,10000.0,2.0,34.0,10000.0
2.0,7.0,5.0,3.0,2.0,1.0,3769.0,2400.0,0.0,7880.0,6956.0,10000.0,0.0,0.0,30000.0,0.0,0.0,10000.0,1.0,31.0,40000.0
2.0,7.0,5.0,1.0,1.0,1.0,4180.0,1440.0,0.0,4280.0,3764.0,2200.0,0.0,0.0,0.0,0.0,0.0,2200.0,3.0,31.0,2200.0
1.0,6.0,5.0,3.0,1.0,1.0,4140.0,1440.0,0.0,10560.0,9744.0,0.0,0.0,0.0,0.0,0.0,0.0,0.0,1.0,31.0,0.0
2.0,6.0,5.0,1.0,8.0,1.0,3769.0,400.0,0.0,13375.0,12787.0,5520.0,0.0,0.0,0.0,0.0,10000.0,5520.0,1.0,23.0,15520.0
2.0,7.0,5.0,3.0,9.0,1.0,3769.0,240.0,0.0,4620.0,4356.0,0.0,0.0,0.0,0.0,0.0,0.0,0.0,3.0,22.0,0.0
1.0,5.0,5.0,3.0,1.0,1.0,3820.0,1440.0,0.0,4020.0,3576.0,150.0,0.0,0.0,0.0,0.0,0.0,0.0,6.0,26.0,150.0
2.0,5.0,5.0,3.0,8.0,1.0,3769.0,1890.0,0.0,4195.0,3979.0,0.0,0.0,0.0,0.0,0.0,0.0,0.0,1.0,36.0,0.0
1.0,8.0,5.0,3.0,1.0,1.0,4368.0,1440.0,0.0,9543.0,8427.0,0.0,0.0,0.0,0.0,0.0,0.0,0.0,1.0,31.0,0.0
2.0,6.0,1.0,3.0,1.0,1.0,3100.0,1440.0,0.0,12172.0,10468.0,0.0,0.0,0.0,0.0,0.0,0.0,0.0,1.0,39.0,0.0
1.0,6.0,1.0,4.0,1.0,1.0,3956.0,1440.0,0.0,7004.0,6284.0,2384.0,0.0,0.0,0.0,0.0,0.0,0.0,5.0,27.0,2384.0
1.0,7.0,1.0,3.0,1.0,1.0,5184.0,1440.0,0.0,9306.0,8550.0,17000.0,0.0,0.0,0.0,0.0,0.0,17000.0,2.0,37.0,17000.0
2.0,4.0,5.0,1.0,2.0,1.0,3769.0,240.0,0.0,2737.0,2728.6,0.0,0.0,0.0,0.0,0.0,0.0,0.0,3.0,32.0,0.0
2.0,7.0,1.0,1.0,1.0,1.0,4080.0,1440.0,0.0,9060.0,7968.0,8000.0,0.0,50.0,0.0,0.0,0.0,8000.0,2.0,35.0,8050.0
1.0,6.0,5.0,3.0,9.0,1.0,3769.0,560.0,0.0,13208.0,9248.0,19530.0,0.0,0.0,30000.0,0.0,0.0,11290.0,1.0,20.0,49530.0
1.0,7.0,1.0,3.0,2.0,1.0,3769.0,3450.0,0.0,11019.0,10299.0,11450.0,0.0,0.0,0.0,0.0,0.0,10800.0,1.0,36.0,11450.0
2.0,6.0,5.0,3.0,2.0,1.0,3769.0,800.0,0.0,6600.0,6384.0,0.0,0.0,0.0,0.0,0.0,0.0,0.0,3.0,29.0,0.0
2.0,7.0,1.0,3.0,8.0,1.0,3769.0,1968.0,0.0,7692.0,6972.0,20000.0,0.0,0.0,0.0,0.0,0.0,20000.0,2.0,29.0,20000.0
1.0,7.0,1.0,3.0,1.0,1.0,6000.0,1440.0,0.0,6486.0,5646.0,0.0,0.0,0.0,0.0,0.0,0.0,0.0,3.0,37.0,0.0
2.0,5.0,5.0,3.0,2.0,1.0,3769.0,2688.0,0.0,5213.0,4949.0,0.0,0.0,0.0,0.0,0.0,0.0,0.0,6.0,20.0,0.0
1.0,7.0,1.0,1.0,2.0,1.0,3769.0,6830.0,0.0,6830.0,4670.0,51926.0,0.0,0.0,0.0,0.0,0.0,51926.0,1.0,33.0,51926.0
2.0,5.0,5.0,3.0,1.0,1.0,3060.0,1440.0,0.0,3732.0,3384.0,0.0,0.0,0.0,0.0,0.0,0.0,0.0,4.0,21.0,0.0
1.0,6.0,5.0,1.0,1.0,1.0,3352.0,1440.0,0.0,7374.0,6774.0,17500.0,0.0,0.0,0.0,0.0,0.0,16000.0,2.0,31.0,17500.0
1.0,5.0,5.0,2.0,3.0,1.0,3769.0,2838.0,0.0,10994.0,10454.0,3836.0,0.0,0.0,0.0,0.0,0.0,3836.0,1.0,29.0,3836.0
2.0,5.0,5.0,1.0,1.0,1.0,3840.0,1440.0,0.0,4000.0,3616.0,0.0,0.0,0.0,0.0,0.0,0.0,0.0,3.0,29.0,0.0
1.0,6.0,5.0,1.0,9.0,1.0,3769.0,100.0,0.0,8917.0,8269.0,9000.0,0.0,0.0,133500.0,0.0,0.0,7000.0,1.0,22.0,142500.0
2.0,6.0,1.0,2.0,1.0,1.0,3194.0,1440.0,0.0,7214.0,6482.0,0.0,0.0,0.0,0.0,0.0,0.0,0.0,2.0,29.0,0.0
1.0,7.0,5.0,3.0,1.0,1.0,4430.0,1440.0,0.0,15145.0,12961.0,3000.0,0.0,0.0,0.0,0.0,0.0,3000.0,1.0,29.0,3000.0
1.0,7.0,5.0,3.0,1.0,1.0,4823.0,2000.0,0.0,6943.0,5899.0,0.0,0.0,0.0,0.0,0.0,0.0,0.0,3.0,34.0,0.0
1.0,7.0,1.0,1.0,3.0,1.0,3769.0,3420.0,0.0,3895.0,3847.0,9600.0,0.0,0.0,0.0,0.0,0.0,9600.0,2.0,35.0,9600.0
2.0,7.0,5.0,2.0,1.0,1.0,2400.0,1440.0,0.0,11300.0,10784.0,0.0,0.0,0.0,0.0,0.0,0.0,0.0,1.0,33.0,0.0
2.0,7.0,1.0,2.0,1.0,1.0,5316.0,1440.0,0.0,9516.0,8388.0,1400.0,0.0,0.0,0.0,0.0,0.0,700.0,3.0,27.0,1400.0
1.0,6.0,5.0,3.0,3.0,1.0,3769.0,1708.0,0.0,2149.0,1972.6,2000.0,0.0,0.0,0.0,0.0,0.0,0.0,1.0,30.0,2000.0
2.0,6.0,1.0,2.0,1.0,1.0,3600.0,1440.0,0.0,6860.0,6464.0,8847.0,0.0,0.0,0.0,0.0,0.0,8847.0,1.0,36.0,8847.0
1.0,7.0,5.0,3.0,2.0,2.0,3769.0,4135.0,0.0,9748.0,8668.0,0.0,0.0,0.0,0.0,0.0,0.0,0.0,1.0,33.0,0.0
1.0,5.0,5.0,2.0,2.0,1.0,3769.0,3144.0,0.0,10688.0,9296.0,0.0,0.0,0.0,0.0,0.0,1044.0,0.0,6.0,28.0,1044.0
2.0,7.0,5.0,2.0,1.0,1.0,2720.0,1440.0,0.0,4824.0,4596.0,0.0,0.0,0.0,4000.0,0.0,0.0,0.0,1.0,33.0,4000.0
2.0,7.0,1.0,3.0,1.0,1.0,4496.0,1440.0,0.0,9421.0,7957.0,19800.0,0.0,0.0,0.0,0.0,0.0,19800.0,1.0,30.0,19800.0
1.0,7.0,1.0,3.0,1.0,1.0,6092.0,1440.0,0.0,7534.0,6154.0,0.0,0.0,0.0,0.0,0.0,0.0,0.0,2.0,36.0,0.0
2.0,7.0,5.0,2.0,2.0,1.0,3769.0,4693.0,0.0,11282.0,10370.0,4800.0,0.0,0.0,500.0,0.0,0.0,3200.0,1.0,38.0,5300.0
1.0,7.0,5.0,3.0,9.0,1.0,3769.0,1440.0,0.0,6716.0,6356.0,8000.0,0.0,2500.0,0.0,0.0,0.0,8000.0,1.0,32.0,10500.0
1.0,6.0,5.0,1.0,1.0,1.0,3744.0,1440.0,0.0,8487.0,7839.0,8782.0,0.0,0.0,0.0,0.0,0.0,8782.0,1.0,31.0,8782.0
2.0,7.0,5.0,1.0,1.0,1.0,3630.0,1440.0,0.0,5730.0,4938.0,2000.0,0.0,0.0,0.0,0.0,0.0,0.0,3.0,26.0,2000.0
2.0,6.0,1.0,3.0,1.0,1.0,2582.0,200.0,0.0,9202.0,8806.0,0.0,0.0,0.0,9200.0,0.0,0.0,9200.0,2.0,38.0,9200.0
2.0,7.0,5.0,3.0,1.0,1.0,5559.0,1440.0,0.0,18969.0,17241.0,0.0,0.0,0.0,10000.0,0.0,0.0,0.0,2.0,27.0,10000.0
1.0,7.0,5.0,4.0,6.0,1.0,3769.0,1440.0,0.0,3730.0,3682.0,3200.0,0.0,0.0,0.0,0.0,0.0,3200.0,1.0,36.0,3200.0
1.0,7.0,5.0,2.0,1.0,1.0,4464.0,1440.0,0.0,4512.0,4032.0,0.0,0.0,0.0,0.0,0.0,0.0,0.0,6.0,35.0,0.0
1.0,7.0,1.0,1.0,6.0,1.0,3769.0,1440.0,0.0,4500.0,4104.0,2000.0,0.0,0.0,0.0,0.0,114.0,2000.0,2.0,39.0,2114.0
2.0,6.0,5.0,5.0,2.0,1.0,3769.0,840.0,0.0,15063.0,14115.0,0.0,0.0,0.0,2500.0,0.0,0.0,0.0,1.0,29.0,2500.0
2.0,6.0,5.0,3.0,1.0,1.0,4082.0,1440.0,0.0,10713.0,10089.0,0.0,0.0,180.0,0.0,0.0,0.0,0.0,1.0,23.0,180.0
1.0,6.0,5.0,1.0,1.0,1.0,2821.0,1440.0,0.0,7705.0,7369.0,2000.0,0.0,0.0,0.0,0.0,0.0,0.0,1.0,37.0,2000.0
2.0,7.0,5.0,2.0,1.0,1.0,6500.0,1440.0,0.0,11133.0,9909.0,0.0,0.0,0.0,0.0,0.0,0.0,0.0,1.0,31.0,0.0
2.0,7.0,1.0,3.0,1.0,1.0,3920.0,1440.0,0.0,11830.0,9958.0,14280.0,0.0,0.0,30000.0,0.0,0.0,0.0,2.0,38.0,44280.0
2.0,6.0,1.0,3.0,1.0,1.0,2796.0,1440.0,0.0,2796.0,2412.0,18000.0,0.0,0.0,0.0,0.0,0.0,18000.0,1.0,31.0,18000.0
2.0,6.0,5.0,2.0,1.0,1.0,3148.0,1440.0,0.0,4532.0,4256.0,0.0,0.0,0.0,0.0,0.0,2000.0,2000.0,3.0,26.0,2000.0
2.0,4.0,1.0,3.0,1.0,1.0,2520.0,1440.0,0.0,9316.0,8356.0,6390.0,0.0,0.0,0.0,0.0,0.0,0.0,3.0,30.0,6390.0
2.0,7.0,5.0,1.0,1.0,1.0,5352.0,1440.0,0.0,5620.8,4900.8,6500.0,0.0,120.0,0.0,0.0,0.0,3000.0,2.0,34.0,6620.0
1.0,8.0,1.0,2.0,2.0,1.0,3769.0,3219.0,0.0,7419.0,7023.0,0.0,0.0,0.0,0.0,0.0,0.0,0.0,5.0,28.0,0.0
1.0,7.0,5.0,3.0,1.0,1.0,4582.0,1440.0,0.0,4682.0,4010.0,0.0,0.0,0.0,0.0,0.0,0.0,0.0,3.0,35.0,0.0
2.0,5.0,5.0,3.0,9.0,1.0,3769.0,336.0,0.0,5351.0,5099.0,0.0,0.0,1500.0,0.0,0.0,0.0,0.0,4.0,21.0,1500.0
1.0,7.0,5.0,3.0,1.0,1.0,2772.0,1440.0,0.0,13305.0,10989.0,0.0,0.0,0.0,0.0,0.0,0.0,0.0,1.0,27.0,0.0
1.0,5.0,1.0,3.0,8.0,1.0,3769.0,1440.0,0.0,4228.0,3832.0,5000.0,0.0,3267.0,0.0,0.0,0.0,0.0,3.0,37.0,8267.0
1.0,5.0,5.0,1.0,1.0,1.0,2991.0,1440.0,0.0,9487.0,8647.0,2000.0,0.0,0.0,0.0,0.0,0.0,0.0,2.0,27.0,2000.0
2.0,6.0,1.0,3.0,8.0,1.0,2040.0,1440.0,0.0,8050.0,6910.0,7500.0,0.0,0.0,0.0,0.0,0.0,7500.0,1.0,27.0,7500.0
1.0,6.0,5.0,1.0,2.0,2.0,3769.0,2640.0,0.0,7402.0,6814.0,0.0,0.0,0.0,15000.0,0.0,0.0,0.0,1.0,26.0,15000.0
2.0,7.0,1.0,3.0,9.0,1.0,3769.0,210.0,0.0,5340.0,4896.0,3000.0,0.0,538.0,0.0,0.0,0.0,0.0,5.0,31.0,3538.0
2.0,7.0,1.0,3.0,1.0,1.0,3026.0,1440.0,0.0,9071.0,8003.0,10827.0,0.0,0.0,0.0,0.0,0.0,10692.0,1.0,36.0,10827.0
2.0,7.0,5.0,1.0,1.0,1.0,5077.0,1440.0,0.0,5817.0,5013.0,0.0,0.0,0.0,0.0,0.0,0.0,0.0,2.0,34.0,0.0
2.0,6.0,5.0,1.0,1.0,1.0,3006.0,1440.0,0.0,10306.0,8446.0,0.0,0.0,0.0,0.0,0.0,0.0,0.0,3.0,33.0,0.0
2.0,7.0,5.0,3.0,9.0,1.0,3769.0,240.0,0.0,9416.0,8936.0,0.0,0.0,0.0,0.0,0.0,0.0,0.0,1.0,21.0,0.0
1.0,8.0,5.0,2.0,1.0,1.0,3096.0,1440.0,0.0,7523.0,7115.0,9500.0,0.0,0.0,0.0,0.0,0.0,0.0,1.0,30.0,9500.0
1.0,5.0,5.0,4.0,2.0,1.0,3769.0,3744.0,0.0,15664.0,12556.0,0.0,0.0,0.0,0.0,0.0,0.0,0.0,1.0,28.0,0.0
2.0,7.0,5.0,4.0,1.0,1.0,4100.0,1440.0,0.0,4100.0,3608.0,0.0,0.0,0.0,0.0,0.0,0.0,0.0,5.0,25.0,0.0
2.0,3.0,1.0,3.0,1.0,1.0,3284.0,245.0,0.0,4281.0,3909.0,0.0,0.0,0.0,0.0,0.0,0.0,0.0,2.0,38.0,0.0
2.0,6.0,1.0,3.0,2.0,1.0,3769.0,2856.0,0.0,6863.0,5759.0,2460.0,0.0,0.0,0.0,234.0,0.0,4260.0,1.0,38.0,2694.0
1.0,7.0,5.0,2.0,2.0,1.0,3769.0,2532.0,0.0,2568.0,2340.0,0.0,0.0,0.0,0.0,0.0,0.0,0.0,3.0,26.0,0.0
2.0,6.0,5.0,2.0,2.0,1.0,3769.0,3220.0,0.0,4886.0,4598.0,0.0,0.0,0.0,0.0,0.0,0.0,0.0,1.0,26.0,0.0
2.0,7.0,5.0,3.0,1.0,1.0,1260.0,1440.0,0.0,16080.0,13212.0,5172.0,0.0,0.0,0.0,0.0,0.0,0.0,5.0,24.0,5172.0
2.0,7.0,1.0,3.0,1.0,1.0,3300.0,1440.0,0.0,10380.0,9312.0,23852.0,0.0,0.0,0.0,0.0,0.0,14000.0,2.0,32.0,23852.0
1.0,7.0,5.0,3.0,2.0,3.0,3769.0,4200.0,0.0,4250.0,3926.0,3400.0,0.0,0.0,0.0,0.0,0.0,0.0,3.0,30.0,3400.0
2.0,7.0,1.0,3.0,1.0,1.0,3300.0,1440.0,0.0,8230.0,6874.0,9000.0,0.0,0.0,0.0,0.0,0.0,7000.0,2.0,34.0,9000.0
1.0,7.0,5.0,2.0,1.0,1.0,4370.0,1440.0,0.0,12352.0,10924.0,0.0,0.0,0.0,0.0,0.0,0.0,0.0,1.0,35.0,0.0
1.0,7.0,5.0,3.0,1.0,1.0,8520.0,1440.0,0.0,13366.0,11110.0,0.0,0.0,0.0,0.0,0.0,0.0,0.0,5.0,30.0,0.0
1.0,6.0,5.0,3.0,2.0,1.0,3769.0,2200.0,0.0,9034.0,8398.0,4400.0,0.0,0.0,0.0,0.0,0.0,4400.0,1.0,20.0,4400.0
1.0,5.0,5.0,4.0,1.0,1.0,2736.0,1440.0,0.0,3072.0,2844.0,0.0,0.0,0.0,0.0,0.0,0.0,0.0,2.0,25.0,0.0
1.0,5.0,5.0,3.0,1.0,1.0,575.0,2486.0,0.0,10588.0,9760.0,0.0,0.0,0.0,3500.0,0.0,0.0,0.0,4.0,26.0,3500.0
2.0,6.0,1.0,3.0,2.0,1.0,3769.0,2720.0,0.0,11416.0,9808.0,1000.0,0.0,0.0,0.0,0.0,0.0,0.0,3.0,33.0,1000.0
2.0,6.0,5.0,3.0,1.0,1.0,2825.0,1440.0,0.0,13335.0,12099.0,0.0,0.0,105.0,0.0,0.0,0.0,0.0,3.0,26.0,105.0
2.0,7.0,1.0,3.0,1.0,1.0,5200.0,1440.0,0.0,10824.0,8592.0,5000.0,0.0,0.0,0.0,0.0,0.0,5000.0,2.0,39.0,5000.0
1.0,7.0,5.0,4.0,1.0,1.0,3300.0,1440.0,0.0,15664.0,12556.0,0.0,0.0,0.0,0.0,0.0,0.0,0.0,1.0,25.0,0.0
1.0,7.0,5.0,2.0,6.0,1.0,3769.0,1440.0,0.0,5242.0,5050.0,0.0,0.0,0.0,0.0,0.0,0.0,0.0,6.0,31.0,0.0
2.0,5.0,5.0,1.0,2.0,3.0,3769.0,3600.0,0.0,6427.0,5851.0,0.0,0.0,0.0,0.0,0.0,0.0,0.0,3.0,38.0,0.0
2.0,7.0,1.0,3.0,5.0,1.0,3769.0,1440.0,0.0,11750.0,8906.0,41500.0,0.0,0.0,0.0,0.0,0.0,13500.0,1.0,33.0,41500.0
1.0,7.0,5.0,3.0,9.0,1.0,3769.0,1440.0,0.0,31127.0,-3061.0,0.0,0.0,0.0,30000.0,0.0,0.0,0.0,1.0,25.0,30000.0
1.0,7.0,5.0,3.0,9.0,1.0,3769.0,1440.0,0.0,14755.0,12475.0,0.0,0.0,0.0,42000.0,0.0,0.0,0.0,1.0,28.0,42000.0
1.0,7.0,1.0,3.0,1.0,1.0,9180.0,1440.0,0.0,14776.0,12508.0,17000.0,0.0,0.0,0.0,0.0,0.0,17000.0,1.0,38.0,17000.0
1.0,7.0,1.0,3.0,2.0,3.0,3769.0,10000.0,0.0,10350.0,10170.0,19200.0,0.0,0.0,0.0,0.0,0.0,19200.0,2.0,37.0,19200.0
2.0,6.0,5.0,2.0,2.0,1.0,3769.0,1896.0,0.0,8244.0,7656.0,0.0,0.0,0.0,0.0,0.0,0.0,0.0,3.0,27.0,0.0
1.0,7.0,1.0,3.0,1.0,1.0,9940.0,1440.0,0.0,11480.0,8444.0,20000.0,0.0,0.0,0.0,0.0,0.0,20000.0,1.0,32.0,20000.0
1.0,5.0,5.0,3.0,2.0,1.0,3769.0,2000.0,0.0,10095.0,9015.0,7644.0,0.0,0.0,0.0,0.0,0.0,6200.0,1.0,20.0,7644.0
1.0,6.0,1.0,2.0,1.0,1.0,2700.0,1440.0,0.0,6847.0,5395.0,37840.0,0.0,0.0,0.0,0.0,0.0,37840.0,1.0,37.0,37840.0
1.0,6.0,5.0,3.0,1.0,1.0,3700.0,1440.0,0.0,14838.0,13902.0,0.0,0.0,0.0,0.0,0.0,0.0,0.0,1.0,28.0,0.0
1.0,7.0,5.0,2.0,2.0,1.0,3769.0,2520.0,0.0,13580.0,12296.0,7154.0,0.0,0.0,0.0,0.0,0.0,6572.0,1.0,24.0,7154.0
1.0,7.0,1.0,4.0,1.0,1.0,8280.0,1440.0,0.0,12168.0,10776.0,0.0,0.0,0.0,4000.0,0.0,3500.0,0.0,6.0,36.0,7500.0
1.0,5.0,5.0,1.0,2.0,1.0,3769.0,600.0,0.0,6141.0,5793.0,300.0,0.0,0.0,0.0,0.0,0.0,0.0,2.0,29.0,300.0
1.0,5.0,5.0,3.0,2.0,1.0,3769.0,1940.0,0.0,3432.0,3390.0,0.0,0.0,0.0,0.0,0.0,0.0,0.0,5.0,27.0,0.0
1.0,7.0,5.0,1.0,1.0,1.0,4394.0,1440.0,0.0,4674.0,4278.0,8900.0,0.0,0.0,0.0,0.0,0.0,8900.0,3.0,30.0,8900.0
1.0,5.0,5.0,1.0,2.0,1.0,3769.0,800.0,0.0,7760.0,7340.0,1325.0,0.0,0.0,0.0,0.0,0.0,0.0,3.0,29.0,1325.0
1.0,7.0,5.0,4.0,9.0,1.0,3769.0,70.0,0.0,6728.0,6356.0,1700.0,0.0,0.0,0.0,0.0,324.0,1700.0,1.0,37.0,2024.0
2.0,7.0,5.0,3.0,2.0,1.0,3769.0,2880.0,0.0,3648.0,3396.0,300.0,0.0,0.0,0.0,0.0,0.0,300.0,3.0,23.0,300.0
2.0,7.0,5.0,2.0,9.0,1.0,3769.0,92.0,0.0,8392.0,7972.0,0.0,0.0,0.0,0.0,0.0,324.0,0.0,1.0,20.0,324.0
1.0,7.0,5.0,3.0,1.0,1.0,6600.0,1440.0,0.0,6648.0,5472.0,0.0,0.0,0.0,0.0,0.0,0.0,0.0,5.0,29.0,0.0
1.0,5.0,5.0,2.0,2.0,1.0,3769.0,2099.0,0.0,15504.0,13260.0,5000.0,0.0,0.0,13300.0,0.0,0.0,0.0,1.0,26.0,18300.0
1.0,6.0,5.0,2.0,1.0,1.0,276.0,1440.0,0.0,2940.0,2508.0,0.0,0.0,0.0,0.0,0.0,0.0,0.0,3.0,33.0,0.0
1.0,5.0,5.0,2.0,1.0,1.0,4032.0,1440.0,0.0,4068.0,3672.0,3000.0,0.0,0.0,0.0,0.0,0.0,0.0,3.0,28.0,3000.0
1.0,7.0,1.0,2.0,1.0,1.0,5410.0,1440.0,0.0,12107.0,10727.0,6500.0,0.0,0.0,0.0,0.0,0.0,6500.0,2.0,37.0,6500.0
1.0,7.0,5.0,1.0,2.0,1.0,3769.0,3000.0,0.0,15276.0,14100.0,26000.0,0.0,0.0,0.0,0.0,0.0,26000.0,2.0,34.0,26000.0
1.0,5.0,5.0,2.0,5.0,1.0,3769.0,1440.0,0.0,7360.0,6616.0,0.0,0.0,0.0,0.0,0.0,0.0,0.0,3.0,28.0,0.0
2.0,6.0,5.0,3.0,1.0,1.0,2700.0,1440.0,0.0,4350.0,3810.0,3766.0,0.0,0.0,0.0,0.0,0.0,0.0,1.0,30.0,3766.0
1.0,7.0,1.0,3.0,1.0,1.0,6640.0,1440.0,0.0,10750.0,9286.0,7000.0,0.0,0.0,0.0,0.0,0.0,7000.0,2.0,31.0,7000.0
2.0,5.0,5.0,1.0,1.0,1.0,3172.0,1440.0,0.0,5874.0,5418.0,0.0,0.0,0.0,7000.0,0.0,0.0,0.0,1.0,27.0,7000.0
1.0,7.0,5.0,2.0,3.0,1.0,3769.0,1131.0,0.0,10794.0,10326.0,37000.0,0.0,600.0,0.0,0.0,0.0,25000.0,1.0,20.0,37600.0
1.0,7.0,5.0,3.0,9.0,1.0,3769.0,450.0,0.0,18061.0,13957.0,16422.0,0.0,0.0,0.0,0.0,0.0,6075.0,1.0,24.0,16422.0
2.0,5.0,1.0,3.0,2.0,1.0,3769.0,1800.0,0.0,7419.0,6783.0,20000.0,0.0,0.0,0.0,0.0,0.0,20000.0,1.0,28.0,20000.0
1.0,7.0,1.0,3.0,1.0,1.0,4800.0,1440.0,0.0,5671.0,5011.0,6607.0,0.0,0.0,0.0,0.0,0.0,6607.0,1.0,32.0,6607.0
2.0,7.0,5.0,3.0,1.0,1.0,4541.0,1440.0,0.0,4591.0,4015.0,0.0,0.0,0.0,0.0,0.0,0.0,0.0,4.0,32.0,0.0
2.0,7.0,1.0,3.0,9.0,1.0,460.0,1440.0,0.0,4386.0,3954.0,3000.0,0.0,886.0,0.0,0.0,0.0,3000.0,3.0,28.0,3886.0
1.0,7.0,1.0,2.0,1.0,1.0,4320.0,1440.0,0.0,5875.0,5287.0,0.0,0.0,550.0,0.0,0.0,0.0,0.0,2.0,34.0,550.0
2.0,6.0,1.0,3.0,6.0,1.0,3769.0,1440.0,0.0,6217.0,5761.0,0.0,0.0,0.0,0.0,0.0,0.0,0.0,3.0,32.0,0.0
2.0,7.0,5.0,2.0,2.0,1.0,3769.0,500.0,0.0,5271.0,5211.0,0.0,1300.0,0.0,0.0,0.0,0.0,0.0,3.0,24.0,1300.0
1.0,7.0,1.0,4.0,1.0,1.0,3142.0,1440.0,0.0,6728.0,6356.0,1700.0,0.0,0.0,0.0,0.0,324.0,1700.0,1.0,39.0,2024.0
1.0,7.0,1.0,4.0,5.0,1.0,3769.0,1440.0,0.0,5965.0,5293.0,0.0,0.0,0.0,0.0,0.0,0.0,0.0,5.0,36.0,0.0
1.0,6.0,5.0,2.0,1.0,1.0,3204.0,1440.0,0.0,14595.0,12087.0,21238.0,0.0,0.0,0.0,2008.0,0.0,13538.0,1.0,27.0,23246.0
1.0,7.0,5.0,2.0,1.0,1.0,5520.0,1440.0,0.0,5600.0,4592.0,0.0,0.0,160.0,0.0,0.0,0.0,0.0,2.0,34.0,160.0
1.0,6.0,1.0,3.0,1.0,1.0,5553.0,1440.0,0.0,8441.0,7385.0,31323.0,0.0,0.0,0.0,0.0,0.0,24323.0,1.0,38.0,31323.0
2.0,7.0,1.0,3.0,9.0,1.0,3769.0,240.0,0.0,6030.0,5454.0,32000.0,0.0,0.0,0.0,0.0,0.0,18000.0,2.0,32.0,32000.0
1.0,7.0,1.0,4.0,1.0,1.0,6710.0,1440.0,0.0,10930.0,9478.0,14178.0,0.0,0.0,0.0,0.0,0.0,14178.0,1.0,30.0,14178.0
1.0,5.0,5.0,3.0,1.0,1.0,651.0,1440.0,0.0,8197.0,7393.0,0.0,0.0,0.0,0.0,0.0,0.0,0.0,1.0,28.0,0.0
2.0,7.0,5.0,3.0,1.0,1.0,3021.0,1440.0,0.0,6244.0,5764.0,0.0,0.0,0.0,0.0,0.0,0.0,0.0,1.0,30.0,0.0
2.0,5.0,5.0,3.0,1.0,1.0,1040.0,2480.0,0.0,3604.0,3482.8,0.0,0.0,0.0,0.0,0.0,0.0,0.0,3.0,38.0,0.0
2.0,6.0,5.0,3.0,1.0,1.0,2400.0,1440.0,0.0,2400.0,2148.0,0.0,0.0,0.0,0.0,0.0,0.0,0.0,3.0,35.0,0.0
2.0,5.0,5.0,2.0,1.0,1.0,2760.0,1440.0,0.0,11204.0,10316.0,11569.0,0.0,0.0,0.0,0.0,4000.0,11569.0,1.0,22.0,15569.0
1.0,7.0,5.0,3.0,9.0,1.0,3769.0,640.0,0.0,7114.0,6838.0,1160.0,0.0,0.0,0.0,0.0,0.0,0.0,3.0,25.0,1160.0
2.0,7.0,1.0,3.0,1.0,1.0,1896.0,1440.0,0.0,3490.0,2434.0,3000.0,0.0,0.0,2000.0,0.0,0.0,0.0,3.0,33.0,5000.0
1.0,7.0,5.0,1.0,1.0,1.0,3763.0,1440.0,0.0,4003.0,3595.0,9500.0,0.0,0.0,0.0,0.0,0.0,9500.0,2.0,32.0,9500.0
1.0,5.0,1.0,1.0,1.0,1.0,3384.0,1440.0,0.0,8558.0,7730.0,0.0,0.0,2666.0,0.0,0.0,0.0,0.0,1.0,36.0,2666.0
1.0,5.0,5.0,1.0,1.0,1.0,3145.0,1440.0,0.0,9155.0,7463.0,6000.0,0.0,0.0,27000.0,0.0,0.0,0.0,1.0,27.0,33000.0
1.0,6.0,5.0,2.0,1.0,1.0,3270.0,1440.0,0.0,4451.0,4127.0,0.0,0.0,0.0,0.0,0.0,0.0,0.0,1.0,29.0,0.0
2.0,6.0,5.0,3.0,1.0,1.0,3120.0,1440.0,0.0,3410.0,3062.0,0.0,0.0,0.0,0.0,0.0,0.0,0.0,4.0,32.0,0.0
1.0,6.0,1.0,1.0,1.0,1.0,4498.0,1440.0,0.0,5058.0,4686.0,11000.0,0.0,0.0,0.0,0.0,0.0,10000.0,1.0,38.0,11000.0
1.0,5.0,5.0,4.0,2.0,1.0,3769.0,550.0,0.0,4936.0,4228.0,0.0,0.0,0.0,0.0,0.0,0.0,0.0,3.0,32.0,0.0
1.0,7.0,5.0,3.0,9.0,1.0,3769.0,314.0,0.0,11547.0,10731.0,16727.0,0.0,0.0,1300.0,0.0,0.0,0.0,1.0,33.0,18027.0
2.0,5.0,5.0,5.0,9.0,1.0,3769.0,900.0,0.0,6148.0,5596.0,5300.0,0.0,0.0,0.0,0.0,0.0,0.0,1.0,21.0,5300.0
1.0,6.0,5.0,2.0,2.0,1.0,3769.0,6600.0,0.0,8522.0,7430.0,0.0,0.0,0.0,0.0,0.0,0.0,0.0,1.0,37.0,0.0
2.0,7.0,5.0,2.0,9.0,1.0,3769.0,530.0,0.0,5261.0,5009.0,0.0,0.0,0.0,0.0,0.0,0.0,0.0,3.0,30.0,0.0
1.0,7.0,1.0,5.0,1.0,1.0,4800.0,1440.0,0.0,9750.0,7938.0,25900.0,0.0,0.0,0.0,0.0,0.0,25900.0,1.0,35.0,25900.0
1.0,7.0,5.0,4.0,2.0,1.0,3769.0,2784.0,0.0,12772.0,11116.0,32948.0,0.0,0.0,0.0,0.0,0.0,11000.0,2.0,23.0,32948.0
1.0,7.0,5.0,5.0,9.0,1.0,3769.0,1080.0,0.0,3352.0,3148.0,0.0,0.0,240.0,0.0,0.0,0.0,0.0,3.0,25.0,240.0
2.0,7.0,1.0,1.0,1.0,1.0,6924.0,1440.0,0.0,20129.0,16253.0,26000.0,0.0,0.0,0.0,0.0,0.0,18000.0,1.0,37.0,26000.0
1.0,6.0,5.0,1.0,1.0,1.0,3100.0,1440.0,0.0,3220.0,2896.0,5600.0,0.0,0.0,0.0,0.0,0.0,5600.0,3.0,33.0,5600.0
2.0,7.0,5.0,3.0,1.0,1.0,3476.0,1440.0,0.0,14862.0,12678.0,8448.0,0.0,552.0,0.0,0.0,0.0,8448.0,1.0,26.0,9000.0
1.0,5.0,5.0,2.0,9.0,1.0,3769.0,1440.0,84.0,4229.0,4193.0,0.0,0.0,0.0,0.0,0.0,0.0,0.0,5.0,32.0,0.0
2.0,6.0,1.0,3.0,1.0,1.0,3770.0,1440.0,0.0,14402.0,13262.0,14000.0,0.0,0.0,2000.0,0.0,0.0,14000.0,1.0,35.0,16000.0
2.0,6.0,5.0,3.0,2.0,1.0,3769.0,3270.0,0.0,9220.0,8176.0,0.0,0.0,200.0,37800.0,0.0,0.0,0.0,1.0,23.0,38000.0
2.0,7.0,5.0,1.0,1.0,1.0,6934.0,1440.0,0.0,10528.0,9544.0,0.0,0.0,0.0,32000.0,0.0,0.0,0.0,2.0,34.0,32000.0
1.0,6.0,5.0,3.0,1.0,1.0,3700.0,1440.0,0.0,10105.0,8677.0,0.0,0.0,0.0,40700.0,0.0,0.0,0.0,1.0,25.0,40700.0
1.0,5.0,5.0,3.0,2.0,3.0,3769.0,2544.0,0.0,2714.0,2688.8,50.0,0.0,300.0,0.0,0.0,0.0,0.0,4.0,22.0,350.0
1.0,6.0,1.0,2.0,2.0,1.0,3769.0,4970.0,0.0,9270.0,8562.0,20700.0,0.0,140.0,0.0,0.0,0.0,20700.0,2.0,37.0,20840.0
2.0,7.0,1.0,5.0,1.0,1.0,3600.0,1440.0,0.0,10480.0,9100.0,20000.0,0.0,0.0,41000.0,0.0,0.0,0.0,3.0,32.0,61000.0
2.0,7.0,5.0,2.0,2.0,1.0,3769.0,2760.0,0.0,4974.0,4710.0,0.0,0.0,0.0,300.0,0.0,0.0,0.0,1.0,32.0,300.0
2.0,7.0,5.0,2.0,1.0,1.0,1802.0,440.0,0.0,4635.0,4359.0,6030.0,0.0,0.0,0.0,0.0,0.0,5500.0,3.0,30.0,6030.0
1.0,6.0,5.0,3.0,1.0,1.0,6170.0,1440.0,0.0,6182.0,5126.0,1750.0,0.0,0.0,0.0,0.0,0.0,0.0,5.0,29.0,1750.0
1.0,7.0,5.0,2.0,9.0,1.0,2794.0,1440.0,0.0,11859.0,10887.0,0.0,0.0,0.0,0.0,0.0,0.0,0.0,1.0,33.0,0.0
1.0,5.0,1.0,1.0,5.0,1.0,3769.0,1440.0,0.0,14450.0,12602.0,0.0,0.0,0.0,0.0,0.0,0.0,0.0,3.0,32.0,0.0
1.0,7.0,5.0,3.0,9.0,1.0,3769.0,500.0,0.0,1090.0,1090.0,0.0,0.0,0.0,0.0,0.0,0.0,0.0,3.0,37.0,0.0
2.0,6.0,1.0,2.0,2.0,1.0,3769.0,1800.0,0.0,6796.0,6448.0,0.0,0.0,0.0,0.0,0.0,0.0,0.0,5.0,35.0,0.0
1.0,6.0,1.0,2.0,2.0,3.0,1764.0,1980.0,0.0,4668.0,4368.0,700.0,0.0,0.0,0.0,0.0,0.0,0.0,3.0,30.0,700.0
2.0,7.0,5.0,4.0,1.0,1.0,3270.0,1440.0,0.0,8838.0,7422.0,0.0,0.0,0.0,0.0,0.0,0.0,0.0,1.0,28.0,0.0
2.0,6.0,5.0,1.0,1.0,1.0,2685.0,1440.0,0.0,5531.0,4943.0,10000.0,0.0,0.0,0.0,0.0,0.0,0.0,1.0,34.0,10000.0
2.0,7.0,5.0,2.0,9.0,1.0,3769.0,496.0,0.0,42493.0,36349.0,9000.0,0.0,0.0,1000.0,0.0,0.0,8200.0,1.0,21.0,10000.0
1.0,5.0,5.0,1.0,2.0,1.0,3769.0,3904.0,0.0,8704.0,7876.0,0.0,0.0,0.0,0.0,0.0,0.0,0.0,2.0,24.0,0.0
1.0,7.0,1.0,3.0,1.0,1.0,8565.0,1440.0,0.0,10103.0,8207.0,17940.0,0.0,0.0,0.0,0.0,0.0,17940.0,1.0,38.0,17940.0
2.0,7.0,1.0,4.0,2.0,1.0,3769.0,828.0,0.0,6834.0,6234.0,0.0,0.0,422.0,0.0,0.0,0.0,0.0,3.0,30.0,422.0
2.0,7.0,5.0,4.0,9.0,1.0,3769.0,820.0,0.0,6980.0,6368.0,0.0,0.0,800.0,0.0,0.0,0.0,0.0,1.0,22.0,800.0
2.0,6.0,5.0,3.0,1.0,1.0,3704.0,1440.0,0.0,21258.0,17802.0,0.0,0.0,0.0,500.0,0.0,0.0,0.0,1.0,25.0,500.0
1.0,5.0,5.0,3.0,1.0,1.0,4188.0,1440.0,0.0,24054.0,19878.0,28000.0,0.0,0.0,0.0,0.0,0.0,28000.0,1.0,24.0,28000.0
2.0,7.0,5.0,2.0,2.0,2.0,3769.0,2310.0,0.0,8650.0,7942.0,0.0,0.0,0.0,0.0,0.0,0.0,0.0,5.0,26.0,0.0
1.0,7.0,1.0,2.0,1.0,1.0,3202.0,1440.0,0.0,6631.0,5359.0,14400.0,0.0,0.0,0.0,0.0,0.0,5000.0,3.0,32.0,14400.0
1.0,7.0,5.0,3.0,1.0,1.0,4335.0,1440.0,0.0,6322.0,5938.0,0.0,0.0,0.0,0.0,0.0,0.0,0.0,1.0,38.0,0.0
1.0,6.0,5.0,3.0,1.0,1.0,3364.0,1440.0,0.0,3394.0,2974.0,2560.0,0.0,0.0,0.0,0.0,0.0,0.0,3.0,30.0,2560.0
1.0,6.0,5.0,3.0,6.0,1.0,3769.0,1440.0,0.0,3945.0,3573.0,0.0,0.0,0.0,0.0,0.0,0.0,0.0,3.0,29.0,0.0
2.0,7.0,5.0,2.0,9.0,1.0,3769.0,180.0,0.0,15424.0,13036.0,0.0,0.0,0.0,0.0,0.0,0.0,0.0,2.0,23.0,0.0
1.0,5.0,5.0,2.0,1.0,1.0,3888.0,1440.0,0.0,5119.0,4639.0,0.0,0.0,0.0,0.0,0.0,0.0,0.0,3.0,23.0,0.0
2.0,7.0,5.0,3.0,9.0,1.0,3769.0,150.0,0.0,9310.0,8110.0,2046.0,0.0,0.0,0.0,0.0,0.0,0.0,1.0,25.0,2046.0
1.0,5.0,5.0,2.0,9.0,1.0,3769.0,1440.0,216.0,8463.0,8307.0,0.0,0.0,0.0,0.0,0.0,0.0,0.0,1.0,32.0,0.0
2.0,7.0,5.0,2.0,2.0,1.0,3769.0,1400.0,0.0,7773.0,7497.0,0.0,0.0,140.0,0.0,0.0,0.0,0.0,4.0,23.0,140.0
1.0,8.0,1.0,5.0,1.0,1.0,4500.0,1440.0,0.0,10480.0,9100.0,20000.0,0.0,0.0,41000.0,0.0,0.0,0.0,3.0,38.0,61000.0
2.0,7.0,5.0,1.0,1.0,1.0,3660.0,1440.0,0.0,3702.0,3270.0,0.0,0.0,0.0,0.0,0.0,0.0,0.0,3.0,27.0,0.0
2.0,7.0,1.0,3.0,2.0,1.0,3769.0,550.0,0.0,7820.0,7424.0,2882.0,0.0,0.0,3000.0,0.0,0.0,2882.0,1.0,37.0,5882.0
2.0,7.0,1.0,3.0,2.0,1.0,3769.0,2635.0,0.0,6897.0,6357.0,0.0,0.0,0.0,0.0,0.0,0.0,0.0,2.0,38.0,0.0
1.0,5.0,5.0,3.0,1.0,1.0,2532.0,1440.0,0.0,10487.0,9623.0,3752.0,0.0,0.0,0.0,0.0,0.0,0.0,3.0,33.0,3752.0
2.0,7.0,5.0,3.0,1.0,1.0,4566.0,1440.0,0.0,11417.0,10997.0,11627.0,0.0,0.0,0.0,0.0,0.0,11627.0,1.0,28.0,11627.0
2.0,7.0,5.0,3.0,1.0,1.0,4269.0,1440.0,0.0,11511.0,10443.0,13145.0,0.0,0.0,0.0,0.0,0.0,8095.0,1.0,30.0,13145.0
2.0,5.0,5.0,3.0,2.0,1.0,3769.0,480.0,0.0,6940.0,6496.0,3000.0,0.0,0.0,0.0,0.0,0.0,0.0,2.0,21.0,3000.0
2.0,6.0,5.0,1.0,1.0,1.0,6260.0,1440.0,0.0,40323.0,30807.0,0.0,0.0,0.0,1000.0,0.0,0.0,0.0,1.0,30.0,1000.0
2.0,7.0,5.0,5.0,2.0,1.0,3769.0,1200.0,0.0,6145.0,5509.0,0.0,0.0,0.0,0.0,0.0,10000.0,10000.0,1.0,22.0,10000.0
1.0,7.0,1.0,3.0,1.0,1.0,3504.0,1440.0,0.0,3944.0,3212.0,8400.0,0.0,0.0,0.0,0.0,0.0,0.0,2.0,34.0,8400.0
1.0,7.0,5.0,3.0,1.0,1.0,3600.0,1440.0,0.0,3700.0,3316.0,0.0,0.0,0.0,0.0,0.0,0.0,0.0,3.0,30.0,0.0
2.0,6.0,5.0,1.0,1.0,1.0,2880.0,1440.0,0.0,10158.0,9210.0,3000.0,0.0,0.0,0.0,0.0,2572.0,0.0,3.0,27.0,5572.0
2.0,7.0,5.0,2.0,1.0,1.0,2520.0,1440.0,0.0,2856.0,2592.0,0.0,0.0,0.0,0.0,0.0,0.0,0.0,3.0,31.0,0.0
2.0,5.0,5.0,3.0,1.0,1.0,2790.0,1440.0,0.0,2990.0,2714.0,6000.0,0.0,0.0,0.0,0.0,0.0,6000.0,2.0,21.0,6000.0
2.0,7.0,5.0,3.0,6.0,1.0,3769.0,1440.0,0.0,4145.0,3269.0,38000.0,0.0,0.0,12000.0,0.0,0.0,32000.0,1.0,38.0,50000.0
1.0,7.0,5.0,3.0,9.0,1.0,3769.0,1440.0,772.0,17494.0,14278.0,3000.0,0.0,0.0,0.0,0.0,0.0,3000.0,2.0,23.0,3000.0
1.0,5.0,5.0,3.0,2.0,1.0,3769.0,7200.0,0.0,15650.0,13418.0,23000.0,0.0,0.0,3000.0,0.0,0.0,0.0,3.0,25.0,26000.0
2.0,7.0,5.0,2.0,9.0,1.0,3769.0,334.0,0.0,6727.0,6547.0,0.0,0.0,0.0,0.0,0.0,0.0,0.0,1.0,20.0,0.0
1.0,7.0,5.0,2.0,1.0,1.0,2800.0,1440.0,0.0,27642.0,21894.0,13400.0,0.0,0.0,1000.0,0.0,0.0,13400.0,1.0,27.0,14400.0
2.0,5.0,1.0,3.0,2.0,2.0,3769.0,1520.0,0.0,11238.0,10698.0,22968.0,0.0,280.0,0.0,0.0,0.0,22968.0,1.0,29.0,23248.0
1.0,7.0,5.0,3.0,5.0,1.0,3769.0,1440.0,0.0,49620.0,47244.0,20000.0,0.0,0.0,1000.0,0.0,0.0,10000.0,1.0,28.0,21000.0
1.0,5.0,5.0,4.0,9.0,1.0,3769.0,260.0,0.0,4200.0,4056.0,0.0,0.0,671.0,0.0,0.0,0.0,0.0,3.0,37.0,671.0
2.0,7.0,5.0,3.0,1.0,1.0,2770.0,1440.0,0.0,20319.0,15507.0,1904.0,0.0,0.0,0.0,0.0,0.0,1904.0,1.0,24.0,1904.0
2.0,7.0,1.0,1.0,1.0,1.0,3204.0,1440.0,0.0,7128.0,6372.0,32500.0,0.0,0.0,0.0,0.0,0.0,30000.0,2.0,32.0,32500.0
1.0,8.0,5.0,1.0,6.0,1.0,3769.0,1440.0,0.0,5116.0,4936.0,15000.0,0.0,150.0,0.0,0.0,0.0,15000.0,2.0,36.0,15150.0
2.0,7.0,5.0,2.0,1.0,1.0,3815.0,1440.0,0.0,10731.0,9699.0,0.0,0.0,0.0,0.0,0.0,0.0,0.0,4.0,33.0,0.0
2.0,6.0,5.0,2.0,1.0,1.0,1590.0,1440.0,0.0,4866.0,4662.0,0.0,0.0,0.0,0.0,0.0,0.0,0.0,1.0,31.0,0.0
1.0,6.0,5.0,2.0,1.0,1.0,4570.0,1440.0,0.0,4620.0,4032.0,0.0,0.0,0.0,0.0,0.0,0.0,0.0,4.0,35.0,0.0
1.0,7.0,1.0,2.0,1.0,1.0,10271.0,1440.0,0.0,15218.0,12794.0,6300.0,0.0,0.0,0.0,0.0,0.0,3300.0,1.0,37.0,6300.0
1.0,7.0,5.0,3.0,1.0,1.0,3720.0,1440.0,0.0,13722.0,12654.0,0.0,0.0,0.0,0.0,0.0,0.0,0.0,1.0,33.0,0.0
1.0,7.0,1.0,3.0,1.0,1.0,4890.0,1440.0,0.0,10460.0,9272.0,0.0,0.0,0.0,0.0,0.0,0.0,0.0,3.0,31.0,0.0
1.0,7.0,1.0,2.0,2.0,1.0,3769.0,3090.0,0.0,5917.0,5245.0,12171.0,0.0,0.0,0.0,0.0,0.0,12171.0,1.0,31.0,12171.0
2.0,6.0,5.0,1.0,1.0,1.0,4505.0,1440.0,0.0,4535.0,3971.0,10000.0,0.0,0.0,0.0,0.0,0.0,10000.0,2.0,29.0,10000.0
1.0,7.0,5.0,1.0,2.0,1.0,3769.0,1450.0,0.0,2243.0,1043.0,7000.0,0.0,0.0,0.0,0.0,0.0,7000.0,1.0,29.0,7000.0
2.0,7.0,1.0,3.0,1.0,1.0,4910.0,1440.0,0.0,8290.0,5686.0,0.0,0.0,0.0,30000.0,0.0,0.0,0.0,2.0,39.0,30000.0
2.0,7.0,1.0,1.0,2.0,1.0,3769.0,6000.0,0.0,14395.0,9355.0,68000.0,0.0,0.0,0.0,0.0,0.0,68000.0,1.0,35.0,68000.0
1.0,7.0,5.0,3.0,3.0,1.0,3769.0,960.0,0.0,19940.0,16448.0,9400.0,0.0,0.0,0.0,0.0,0.0,9400.0,1.0,23.0,9400.0
1.0,6.0,5.0,4.0,6.0,1.0,3769.0,1440.0,0.0,12528.0,12120.0,48000.0,0.0,3168.0,0.0,0.0,0.0,0.0,1.0,38.0,51168.0
1.0,6.0,5.0,3.0,9.0,1.0,3769.0,840.0,0.0,4484.0,4172.0,6000.0,0.0,0.0,0.0,0.0,0.0,6000.0,2.0,27.0,6000.0
1.0,6.0,5.0,3.0,2.0,1.0,3769.0,144.0,991.0,16558.0,14842.0,30000.0,0.0,0.0,13500.0,0.0,0.0,5000.0,1.0,25.0,43500.0
2.0,7.0,1.0,2.0,8.0,1.0,1990.0,1440.0,0.0,6109.0,5329.0,12664.0,0.0,0.0,0.0,0.0,0.0,12664.0,1.0,33.0,12664.0
2.0,6.0,5.0,3.0,1.0,1.0,3144.0,360.0,0.0,5254.0,4930.0,0.0,0.0,0.0,0.0,0.0,0.0,0.0,3.0,24.0,0.0
1.0,5.0,5.0,2.0,2.0,1.0,3769.0,1350.0,0.0,32929.0,31609.0,552.0,0.0,0.0,0.0,0.0,0.0,552.0,1.0,23.0,552.0
1.0,5.0,1.0,3.0,2.0,1.0,3769.0,4620.0,0.0,6377.0,6137.0,7000.0,0.0,0.0,0.0,0.0,0.0,7000.0,2.0,35.0,7000.0
2.0,7.0,5.0,3.0,9.0,1.0,3769.0,900.0,0.0,8063.0,7271.0,0.0,0.0,0.0,0.0,0.0,0.0,0.0,1.0,23.0,0.0
1.0,6.0,5.0,2.0,9.0,1.0,3769.0,2400.0,0.0,10370.0,10262.0,22000.0,0.0,0.0,0.0,0.0,0.0,9000.0,1.0,29.0,22000.0
2.0,7.0,5.0,3.0,1.0,1.0,4000.0,1440.0,0.0,6661.0,5953.0,0.0,0.0,0.0,0.0,0.0,0.0,0.0,1.0,28.0,0.0
2.0,5.0,5.0,3.0,1.0,1.0,5000.0,1440.0,0.0,5000.0,4304.0,0.0,0.0,0.0,0.0,0.0,0.0,0.0,5.0,25.0,0.0
1.0,6.0,5.0,3.0,2.0,1.0,3769.0,5110.0,0.0,12317.0,10961.0,4900.0,0.0,0.0,0.0,0.0,0.0,4000.0,1.0,37.0,4900.0
2.0,6.0,1.0,2.0,1.0,1.0,3892.0,1440.0,0.0,8644.0,7588.0,20020.0,0.0,0.0,0.0,0.0,0.0,18220.0,1.0,34.0,20020.0
1.0,6.0,5.0,4.0,1.0,1.0,2760.0,1440.0,0.0,6662.0,6386.0,0.0,0.0,1196.0,0.0,0.0,0.0,0.0,5.0,25.0,1196.0
2.0,7.0,1.0,1.0,1.0,1.0,3944.0,1440.0,0.0,8759.0,7835.0,11800.0,0.0,0.0,0.0,0.0,0.0,11800.0,1.0,36.0,11800.0
2.0,7.0,5.0,4.0,9.0,1.0,3769.0,260.0,0.0,6408.0,6144.0,0.0,0.0,0.0,0.0,0.0,0.0,0.0,1.0,22.0,0.0
2.0,5.0,5.0,2.0,3.0,1.0,3769.0,1154.0,0.0,7466.0,7058.0,4775.0,0.0,0.0,1000.0,0.0,0.0,0.0,2.0,22.0,5775.0
1.0,6.0,5.0,2.0,1.0,1.0,3546.0,1440.0,0.0,11859.0,10887.0,0.0,0.0,0.0,0.0,0.0,0.0,0.0,1.0,30.0,0.0
1.0,6.0,5.0,1.0,1.0,1.0,4320.0,1440.0,0.0,14137.0,12073.0,0.0,0.0,0.0,30000.0,0.0,0.0,0.0,1.0,34.0,30000.0
2.0,7.0,5.0,3.0,1.0,1.0,3060.0,1440.0,0.0,3060.0,2772.0,0.0,0.0,0.0,0.0,0.0,0.0,0.0,6.0,25.0,0.0
2.0,6.0,1.0,3.0,1.0,1.0,3775.0,1440.0,0.0,4775.0,4295.0,0.0,0.0,0.0,0.0,0.0,0.0,0.0,3.0,32.0,0.0
2.0,7.0,5.0,1.0,1.0,1.0,3590.0,1440.0,0.0,13540.0,12532.0,0.0,0.0,0.0,3000.0,0.0,0.0,0.0,1.0,32.0,3000.0
1.0,7.0,5.0,3.0,2.0,1.0,3769.0,3000.0,0.0,7255.0,6679.0,0.0,0.0,0.0,0.0,0.0,0.0,0.0,1.0,29.0,0.0
1.0,6.0,5.0,3.0,8.0,1.0,3769.0,1440.0,0.0,1840.0,1613.2,0.0,0.0,0.0,0.0,0.0,0.0,0.0,3.0,27.0,0.0
2.0,5.0,5.0,2.0,2.0,1.0,3769.0,1232.0,0.0,3138.0,3112.8,500.0,0.0,0.0,0.0,0.0,0.0,0.0,3.0,20.0,500.0
1.0,7.0,5.0,1.0,1.0,1.0,3288.0,1440.0,0.0,3648.0,3372.0,0.0,0.0,0.0,0.0,0.0,0.0,0.0,3.0,26.0,0.0
2.0,6.0,1.0,2.0,1.0,1.0,3926.0,40.0,0.0,9656.0,8264.0,7900.0,0.0,0.0,0.0,0.0,0.0,0.0,5.0,37.0,7900.0
2.0,6.0,5.0,1.0,6.0,1.0,3769.0,1440.0,0.0,2867.0,2783.0,0.0,0.0,0.0,0.0,0.0,0.0,0.0,3.0,31.0,0.0
1.0,6.0,5.0,4.0,2.0,1.0,3769.0,3000.0,0.0,11556.0,10884.0,12000.0,0.0,0.0,0.0,0.0,0.0,12000.0,1.0,27.0,12000.0
1.0,7.0,1.0,2.0,1.0,1.0,3576.0,1440.0,0.0,7020.0,6072.0,10000.0,0.0,0.0,0.0,0.0,0.0,10000.0,2.0,32.0,10000.0
1.0,5.0,5.0,1.0,2.0,1.0,3769.0,960.0,0.0,7812.0,7236.0,9375.0,0.0,660.0,0.0,0.0,0.0,6875.0,1.0,23.0,10035.0
1.0,5.0,1.0,4.0,1.0,1.0,3660.0,1440.0,0.0,4610.0,4130.0,230.0,0.0,0.0,0.0,0.0,0.0,230.0,1.0,37.0,230.0
2.0,6.0,5.0,3.0,8.0,1.0,3769.0,192.0,0.0,1399.0,1397.8,0.0,0.0,0.0,0.0,0.0,0.0,0.0,5.0,27.0,0.0
1.0,5.0,1.0,3.0,1.0,1.0,6648.0,1440.0,0.0,9067.0,8731.0,1253.0,0.0,0.0,0.0,0.0,0.0,0.0,3.0,30.0,1253.0
1.0,7.0,5.0,2.0,8.0,1.0,824.0,1440.0,0.0,824.0,464.0,0.0,0.0,0.0,0.0,0.0,0.0,0.0,1.0,37.0,0.0
2.0,7.0,5.0,3.0,1.0,1.0,4510.0,1440.0,0.0,13366.0,11110.0,0.0,0.0,0.0,0.0,0.0,0.0,0.0,5.0,27.0,0.0
2.0,6.0,1.0,3.0,1.0,1.0,1584.0,1440.0,0.0,12128.0,10544.0,0.0,0.0,0.0,25000.0,0.0,0.0,0.0,3.0,33.0,25000.0
2.0,5.0,5.0,3.0,1.0,1.0,2684.0,1440.0,0.0,2744.0,2468.0,26.0,0.0,0.0,0.0,0.0,0.0,0.0,3.0,31.0,26.0
1.0,6.0,5.0,3.0,2.0,1.0,3769.0,3259.0,0.0,7569.0,4581.0,13000.0,0.0,0.0,3000.0,0.0,0.0,0.0,1.0,33.0,16000.0
2.0,7.0,1.0,3.0,1.0,1.0,3600.0,1440.0,0.0,8616.0,8280.0,20000.0,0.0,0.0,0.0,0.0,0.0,20000.0,2.0,34.0,20000.0
2.0,5.0,5.0,1.0,1.0,1.0,2808.0,1440.0,0.0,13671.0,12951.0,0.0,1000.0,980.0,0.0,1166.0,0.0,19200.0,3.0,35.0,3146.0
1.0,5.0,5.0,1.0,8.0,1.0,3769.0,1680.0,0.0,4142.0,3986.0,0.0,0.0,0.0,0.0,0.0,0.0,0.0,3.0,32.0,0.0
2.0,6.0,5.0,3.0,1.0,1.0,2760.0,1440.0,0.0,6440.0,5744.0,0.0,0.0,0.0,0.0,0.0,0.0,0.0,1.0,28.0,0.0
1.0,7.0,5.0,1.0,2.0,1.0,3769.0,720.0,0.0,14510.0,13706.0,0.0,0.0,0.0,0.0,0.0,0.0,0.0,1.0,26.0,0.0
1.0,7.0,5.0,3.0,9.0,1.0,3769.0,120.0,0.0,10267.0,9163.0,0.0,0.0,0.0,0.0,0.0,0.0,0.0,1.0,22.0,0.0
2.0,7.0,5.0,1.0,2.0,1.0,3769.0,2718.0,0.0,2958.0,2802.0,100.0,0.0,0.0,0.0,0.0,0.0,100.0,3.0,31.0,100.0
2.0,7.0,5.0,3.0,2.0,1.0,3769.0,3635.0,0.0,16896.0,15324.0,10640.0,0.0,0.0,9000.0,0.0,0.0,7640.0,1.0,26.0,19640.0
1.0,6.0,1.0,3.0,6.0,1.0,820.0,1440.0,0.0,5130.0,4842.0,0.0,0.0,305.0,0.0,0.0,0.0,0.0,3.0,38.0,305.0
2.0,6.0,5.0,1.0,2.0,1.0,3769.0,720.0,0.0,12750.0,11754.0,0.0,0.0,0.0,2000.0,0.0,0.0,0.0,5.0,21.0,2000.0
1.0,6.0,5.0,1.0,2.0,1.0,3769.0,5156.0,0.0,5216.0,4520.0,0.0,0.0,0.0,0.0,0.0,0.0,0.0,3.0,31.0,0.0
2.0,7.0,5.0,3.0,9.0,1.0,3769.0,180.0,0.0,13320.0,10968.0,28826.0,0.0,0.0,90000.0,0.0,0.0,0.0,2.0,21.0,118826.0
2.0,6.0,5.0,1.0,1.0,1.0,2942.0,1440.0,0.0,10532.0,10028.0,0.0,0.0,0.0,0.0,0.0,0.0,0.0,1.0,32.0,0.0
2.0,5.0,1.0,3.0,6.0,1.0,3769.0,1440.0,0.0,13456.0,12748.0,14906.0,0.0,0.0,0.0,0.0,0.0,14906.0,1.0,31.0,14906.0
1.0,7.0,5.0,2.0,9.0,1.0,3769.0,1000.0,0.0,6019.0,5791.0,0.0,0.0,0.0,0.0,0.0,1000.0,0.0,1.0,34.0,1000.0
1.0,6.0,1.0,3.0,5.0,1.0,3769.0,1440.0,0.0,11815.0,9499.0,6248.0,0.0,0.0,0.0,0.0,0.0,6248.0,3.0,36.0,6248.0
1.0,7.0,5.0,3.0,1.0,1.0,5890.0,1440.0,0.0,6054.0,5394.0,0.0,0.0,0.0,0.0,0.0,0.0,0.0,5.0,29.0,0.0
1.0,7.0,1.0,3.0,2.0,1.0,3769.0,6644.0,0.0,11294.0,9662.0,9000.0,0.0,0.0,0.0,0.0,0.0,0.0,6.0,38.0,9000.0
2.0,7.0,5.0,1.0,2.0,1.0,3769.0,2400.0,0.0,10147.0,9115.0,8000.0,0.0,0.0,0.0,0.0,0.0,8000.0,2.0,27.0,8000.0
2.0,7.0,5.0,2.0,9.0,1.0,3769.0,800.0,0.0,62220.0,60804.0,19000.0,0.0,3084.0,0.0,0.0,0.0,19000.0,1.0,23.0,22084.0
1.0,5.0,5.0,1.0,8.0,1.0,3769.0,3300.0,0.0,11615.0,11087.0,2533.0,0.0,0.0,0.0,0.0,0.0,2500.0,3.0,24.0,2533.0
1.0,7.0,5.0,3.0,2.0,1.0,3769.0,5500.0,0.0,5750.0,5066.0,4800.0,0.0,0.0,0.0,0.0,0.0,2800.0,3.0,30.0,4800.0
2.0,7.0,1.0,1.0,1.0,1.0,4470.0,1440.0,0.0,14859.0,12339.0,3000.0,0.0,0.0,0.0,0.0,0.0,3000.0,3.0,36.0,3000.0
1.0,7.0,5.0,1.0,2.0,3.0,3769.0,1440.0,0.0,10955.0,10343.0,0.0,0.0,0.0,0.0,0.0,0.0,0.0,2.0,28.0,0.0
1.0,6.0,5.0,4.0,2.0,1.0,3769.0,1050.0,0.0,4120.0,3520.0,0.0,0.0,0.0,0.0,0.0,0.0,0.0,1.0,24.0,0.0
1.0,8.0,1.0,3.0,1.0,1.0,7860.0,1440.0,0.0,18331.0,16015.0,30500.0,0.0,320.0,3000.0,0.0,0.0,14500.0,2.0,37.0,33820.0
2.0,6.0,5.0,3.0,1.0,1.0,2520.0,1440.0,0.0,12958.0,12034.0,0.0,0.0,290.0,2500.0,0.0,0.0,0.0,1.0,24.0,2790.0
2.0,7.0,5.0,3.0,9.0,1.0,3769.0,300.0,0.0,25834.0,18778.0,55771.0,0.0,0.0,0.0,0.0,0.0,29141.0,1.0,23.0,55771.0
2.0,5.0,5.0,1.0,1.0,1.0,3363.0,1440.0,0.0,8762.0,7718.0,0.0,0.0,0.0,1500.0,0.0,0.0,0.0,2.0,21.0,1500.0
2.0,5.0,5.0,3.0,2.0,1.0,3769.0,1890.0,0.0,3660.0,3348.0,3500.0,0.0,0.0,0.0,0.0,0.0,3500.0,1.0,22.0,3500.0
1.0,7.0,5.0,4.0,1.0,1.0,3732.0,1440.0,0.0,3760.0,3424.0,0.0,0.0,0.0,0.0,0.0,0.0,0.0,3.0,34.0,0.0
1.0,7.0,3.0,2.0,1.0,1.0,4620.0,1440.0,0.0,9580.0,8464.0,40000.0,0.0,0.0,0.0,0.0,0.0,0.0,2.0,35.0,40000.0
1.0,4.0,3.0,3.0,6.0,1.0,3769.0,1440.0,0.0,9861.0,9537.0,3000.0,2000.0,5000.0,0.0,0.0,2500.0,0.0,3.0,34.0,12500.0
2.0,6.0,1.0,3.0,1.0,1.0,2600.0,1440.0,0.0,7966.0,7078.0,4000.0,0.0,0.0,0.0,0.0,0.0,4000.0,1.0,39.0,4000.0
1.0,6.0,1.0,3.0,2.0,3.0,3769.0,4920.0,0.0,5552.0,5396.0,0.0,0.0,0.0,0.0,0.0,0.0,0.0,3.0,39.0,0.0
1.0,7.0,1.0,2.0,1.0,1.0,6000.0,1440.0,0.0,8176.0,6940.0,5000.0,0.0,0.0,0.0,0.0,0.0,5000.0,1.0,36.0,5000.0
2.0,5.0,5.0,4.0,2.0,1.0,3769.0,1430.0,0.0,14043.0,12507.0,0.0,0.0,0.0,200.0,0.0,2500.0,0.0,2.0,21.0,2700.0
1.0,7.0,5.0,3.0,2.0,2.0,3769.0,1440.0,0.0,11484.0,9984.0,9000.0,0.0,0.0,0.0,0.0,0.0,9000.0,1.0,34.0,9000.0
2.0,7.0,5.0,2.0,1.0,1.0,8720.0,1440.0,0.0,8880.0,7752.0,10000.0,0.0,0.0,0.0,0.0,0.0,10000.0,2.0,30.0,10000.0
1.0,7.0,5.0,3.0,9.0,1.0,3769.0,150.0,0.0,16277.0,13865.0,7790.0,0.0,0.0,0.0,0.0,0.0,0.0,1.0,20.0,7790.0
1.0,7.0,5.0,3.0,9.0,1.0,3769.0,1440.0,421.0,5217.0,5001.0,0.0,0.0,0.0,0.0,0.0,0.0,0.0,1.0,21.0,0.0
2.0,6.0,1.0,3.0,2.0,1.0,3769.0,2880.0,0.0,8544.0,7800.0,20300.0,0.0,0.0,0.0,0.0,0.0,20300.0,1.0,26.0,20300.0
2.0,7.0,1.0,3.0,1.0,1.0,2594.0,1440.0,0.0,7073.0,6305.0,0.0,0.0,0.0,0.0,0.0,0.0,0.0,3.0,34.0,0.0
1.0,7.0,5.0,4.0,2.0,1.0,3769.0,2400.0,0.0,4860.0,4596.0,0.0,0.0,0.0,0.0,0.0,0.0,0.0,1.0,32.0,0.0
2.0,7.0,5.0,2.0,2.0,1.0,3769.0,1920.0,0.0,4265.0,4025.0,0.0,0.0,0.0,0.0,0.0,0.0,0.0,1.0,26.0,0.0
1.0,7.0,1.0,2.0,1.0,1.0,4550.0,1440.0,0.0,8644.0,7588.0,20020.0,0.0,0.0,0.0,0.0,0.0,18220.0,1.0,36.0,20020.0
1.0,5.0,5.0,2.0,2.0,1.0,3769.0,1440.0,0.0,12816.0,11640.0,7000.0,0.0,0.0,0.0,0.0,0.0,7000.0,2.0,34.0,7000.0
2.0,7.0,5.0,1.0,1.0,1.0,4560.0,1440.0,0.0,18623.0,17615.0,26135.0,0.0,0.0,0.0,0.0,0.0,19160.0,1.0,32.0,26135.0
1.0,8.0,1.0,2.0,1.0,1.0,7594.0,1440.0,0.0,9389.0,7997.0,14000.0,0.0,0.0,0.0,0.0,0.0,14000.0,1.0,39.0,14000.0
1.0,5.0,5.0,3.0,6.0,1.0,3769.0,1440.0,0.0,16558.0,14842.0,30000.0,0.0,0.0,13500.0,0.0,0.0,5000.0,1.0,27.0,43500.0
2.0,7.0,5.0,3.0,3.0,1.0,3769.0,492.0,0.0,15766.0,15022.0,3000.0,0.0,0.0,0.0,0.0,0.0,3000.0,1.0,21.0,3000.0
1.0,5.0,1.0,3.0,2.0,1.0,3769.0,9504.0,0.0,12820.0,12448.0,8000.0,0.0,888.0,0.0,0.0,0.0,8000.0,1.0,39.0,8888.0
2.0,7.0,1.0,1.0,1.0,1.0,6750.0,1440.0,0.0,15507.0,13239.0,8000.0,0.0,0.0,0.0,0.0,0.0,8000.0,3.0,36.0,8000.0
2.0,5.0,1.0,4.0,9.0,1.0,3769.0,1440.0,0.0,8212.0,7360.0,6000.0,0.0,0.0,0.0,0.0,0.0,0.0,6.0,38.0,6000.0
1.0,7.0,5.0,3.0,2.0,1.0,3769.0,282.0,0.0,7392.0,6396.0,0.0,0.0,0.0,0.0,0.0,1284.0,0.0,3.0,24.0,1284.0
2.0,7.0,1.0,3.0,2.0,1.0,3769.0,1800.0,0.0,7363.0,6223.0,25602.0,0.0,0.0,0.0,0.0,0.0,25602.0,1.0,39.0,25602.0
1.0,6.0,1.0,3.0,1.0,1.0,8650.0,1440.0,0.0,16370.0,14390.0,40000.0,0.0,0.0,1000.0,0.0,0.0,40000.0,1.0,39.0,41000.0
2.0,6.0,1.0,3.0,1.0,1.0,2810.0,1440.0,0.0,7478.0,6590.0,0.0,0.0,0.0,0.0,0.0,0.0,0.0,2.0,35.0,0.0
1.0,8.0,5.0,1.0,2.0,1.0,3769.0,1320.0,0.0,32233.0,28945.0,0.0,0.0,0.0,25000.0,0.0,0.0,0.0,1.0,27.0,25000.0
2.0,5.0,5.0,2.0,2.0,1.0,3769.0,3313.0,0.0,3313.0,3009.4,0.0,0.0,0.0,0.0,0.0,0.0,0.0,4.0,31.0,0.0
1.0,6.0,1.0,3.0,1.0,1.0,3470.0,1440.0,0.0,6897.0,6357.0,0.0,0.0,0.0,0.0,0.0,0.0,0.0,2.0,37.0,0.0
2.0,7.0,5.0,2.0,9.0,1.0,3769.0,200.0,0.0,8618.0,7778.0,7635.0,0.0,0.0,0.0,0.0,0.0,7335.0,1.0,20.0,7635.0
1.0,5.0,5.0,3.0,2.0,1.0,3769.0,1080.0,0.0,5580.0,5076.0,1534.0,0.0,0.0,0.0,0.0,0.0,0.0,3.0,23.0,1534.0
2.0,8.0,1.0,2.0,2.0,1.0,3769.0,2560.0,0.0,6253.0,5569.0,8000.0,0.0,0.0,0.0,0.0,0.0,181.0,1.0,36.0,8000.0
2.0,7.0,5.0,1.0,1.0,1.0,3802.0,1440.0,0.0,6536.0,5912.0,0.0,0.0,5000.0,0.0,0.0,0.0,0.0,2.0,30.0,5000.0
1.0,7.0,5.0,3.0,1.0,1.0,7300.0,1440.0,0.0,7400.0,6140.0,16460.0,0.0,0.0,0.0,0.0,0.0,16460.0,1.0,36.0,16460.0
1.0,7.0,5.0,2.0,9.0,1.0,3769.0,1440.0,1070.0,8218.0,7282.0,0.0,0.0,0.0,15500.0,0.0,0.0,0.0,2.0,24.0,15500.0
1.0,7.0,5.0,4.0,9.0,1.0,3769.0,385.0,0.0,10268.0,9824.0,0.0,0.0,0.0,0.0,0.0,0.0,0.0,5.0,25.0,0.0
2.0,7.0,1.0,3.0,1.0,1.0,9605.0,1440.0,0.0,21043.0,17347.0,15000.0,0.0,0.0,2500.0,0.0,0.0,10000.0,1.0,39.0,17500.0
2.0,7.0,1.0,2.0,2.0,3.0,3769.0,4200.0,0.0,7419.0,7023.0,0.0,0.0,0.0,0.0,0.0,0.0,0.0,5.0,29.0,0.0
2.0,5.0,1.0,1.0,9.0,1.0,3769.0,640.0,0.0,7618.0,7270.0,0.0,0.0,0.0,0.0,0.0,0.0,0.0,3.0,26.0,0.0
1.0,5.0,1.0,3.0,1.0,1.0,6802.0,1440.0,0.0,8743.0,7459.0,14000.0,0.0,600.0,0.0,0.0,0.0,14000.0,2.0,33.0,14600.0
2.0,7.0,5.0,1.0,6.0,1.0,3769.0,1440.0,0.0,3273.0,3189.0,0.0,0.0,0.0,0.0,0.0,0.0,0.0,2.0,38.0,0.0
1.0,7.0,5.0,3.0,9.0,1.0,3769.0,500.0,0.0,22393.0,22153.0,0.0,0.0,0.0,0.0,0.0,0.0,0.0,1.0,23.0,0.0
2.0,6.0,5.0,3.0,2.0,1.0,3769.0,1620.0,0.0,8086.0,7198.0,25200.0,0.0,0.0,0.0,0.0,0.0,14200.0,1.0,25.0,25200.0
1.0,7.0,5.0,3.0,1.0,1.0,3830.0,1440.0,0.0,12670.0,10594.0,0.0,0.0,0.0,50500.0,0.0,0.0,0.0,2.0,31.0,50500.0
1.0,8.0,5.0,1.0,1.0,1.0,5236.0,1080.0,0.0,6326.0,5606.0,11600.0,0.0,0.0,0.0,0.0,0.0,8800.0,2.0,38.0,11600.0
1.0,6.0,1.0,3.0,1.0,1.0,5290.0,1440.0,0.0,8050.0,6910.0,7500.0,0.0,0.0,0.0,0.0,0.0,7500.0,1.0,29.0,7500.0
2.0,5.0,5.0,3.0,2.0,1.0,3769.0,2700.0,0.0,13736.0,11768.0,33830.0,0.0,0.0,0.0,0.0,0.0,30000.0,1.0,28.0,33830.0
2.0,7.0,5.0,2.0,3.0,1.0,3769.0,1896.0,0.0,2400.0,2208.0,0.0,0.0,0.0,0.0,0.0,0.0,0.0,3.0,26.0,0.0
2.0,5.0,5.0,1.0,8.0,1.0,3769.0,574.0,0.0,10532.0,10028.0,0.0,0.0,0.0,0.0,0.0,0.0,0.0,1.0,29.0,0.0
1.0,7.0,5.0,1.0,9.0,1.0,3769.0,220.0,0.0,11926.0,10786.0,0.0,0.0,0.0,0.0,0.0,0.0,0.0,2.0,20.0,0.0
2.0,7.0,5.0,1.0,3.0,1.0,3769.0,755.0,0.0,7276.0,6988.0,0.0,0.0,0.0,0.0,0.0,0.0,0.0,3.0,33.0,0.0
1.0,6.0,1.0,3.0,1.0,1.0,3836.0,1440.0,0.0,7122.0,6330.0,0.0,0.0,0.0,0.0,0.0,0.0,0.0,5.0,35.0,0.0
2.0,7.0,1.0,2.0,2.0,1.0,3769.0,1584.0,0.0,14288.0,11528.0,55000.0,0.0,0.0,0.0,0.0,0.0,0.0,1.0,39.0,55000.0
1.0,7.0,1.0,3.0,1.0,1.0,3600.0,1440.0,0.0,9345.0,8769.0,5000.0,0.0,0.0,0.0,0.0,980.0,0.0,3.0,30.0,5980.0
2.0,6.0,5.0,3.0,2.0,1.0,3769.0,2190.0,0.0,5502.0,5154.0,0.0,0.0,0.0,0.0,0.0,0.0,0.0,5.0,34.0,0.0
1.0,7.0,5.0,3.0,1.0,1.0,3015.0,1440.0,0.0,3879.0,3555.0,0.0,0.0,0.0,0.0,0.0,0.0,0.0,3.0,29.0,0.0
2.0,7.0,5.0,2.0,9.0,1.0,3769.0,200.0,0.0,5968.0,5548.0,3000.0,0.0,0.0,0.0,0.0,0.0,0.0,3.0,20.0,3000.0
2.0,7.0,1.0,2.0,1.0,1.0,3200.0,1440.0,0.0,17747.0,12983.0,39800.0,0.0,0.0,20000.0,0.0,0.0,39800.0,1.0,36.0,59800.0
2.0,7.0,5.0,3.0,8.0,1.0,2010.0,1440.0,0.0,14191.0,13567.0,53000.0,0.0,0.0,40000.0,0.0,0.0,6000.0,1.0,30.0,93000.0
2.0,7.0,5.0,2.0,1.0,1.0,4954.0,1440.0,0.0,5285.0,4469.0,0.0,0.0,0.0,0.0,0.0,5000.0,0.0,2.0,28.0,5000.0
1.0,7.0,1.0,1.0,1.0,1.0,4572.0,1440.0,0.0,9060.0,7968.0,8000.0,0.0,50.0,0.0,0.0,0.0,8000.0,2.0,34.0,8050.0
2.0,7.0,5.0,4.0,9.0,1.0,3769.0,690.0,0.0,16540.0,14092.0,0.0,0.0,0.0,0.0,0.0,0.0,0.0,1.0,24.0,0.0
1.0,7.0,5.0,3.0,9.0,1.0,3769.0,1050.0,0.0,1578.0,1563.6,0.0,0.0,0.0,0.0,0.0,300.0,0.0,1.0,34.0,300.0
1.0,7.0,5.0,4.0,9.0,1.0,3769.0,1440.0,952.0,6412.0,6088.0,0.0,0.0,0.0,0.0,0.0,0.0,0.0,1.0,22.0,0.0
2.0,6.0,5.0,2.0,1.0,1.0,3651.0,1440.0,0.0,5176.0,4828.0,0.0,0.0,150.0,0.0,0.0,0.0,0.0,1.0,32.0,150.0
2.0,5.0,1.0,3.0,6.0,1.0,3769.0,1440.0,0.0,10675.0,9235.0,18000.0,0.0,0.0,0.0,0.0,0.0,1200.0,2.0,31.0,18000.0
1.0,5.0,5.0,4.0,2.0,1.0,3769.0,3000.0,0.0,13718.0,13310.0,16000.0,0.0,0.0,0.0,0.0,0.0,16000.0,2.0,22.0,16000.0
2.0,6.0,5.0,2.0,1.0,1.0,2463.0,756.0,0.0,3745.0,3505.0,0.0,0.0,0.0,0.0,0.0,0.0,0.0,3.0,24.0,0.0
1.0,5.0,5.0,3.0,1.0,1.0,4010.0,1440.0,0.0,10823.0,9923.0,11712.0,0.0,0.0,0.0,0.0,0.0,11712.0,1.0,29.0,11712.0
1.0,6.0,1.0,3.0,1.0,1.0,4800.0,1440.0,0.0,4941.6,4305.6,18500.0,0.0,0.0,0.0,0.0,0.0,18500.0,2.0,34.0,18500.0
1.0,7.0,5.0,3.0,9.0,1.0,3769.0,444.0,0.0,13836.0,11472.0,55000.0,0.0,0.0,0.0,0.0,0.0,30000.0,1.0,25.0,55000.0
2.0,7.0,5.0,1.0,2.0,2.0,3769.0,1536.0,0.0,1626.0,1542.0,19026.0,0.0,0.0,0.0,0.0,0.0,0.0,3.0,37.0,19026.0
1.0,5.0,5.0,3.0,8.0,1.0,928.0,1440.0,0.0,1488.0,1370.4,0.0,0.0,0.0,0.0,0.0,0.0,0.0,3.0,24.0,0.0
1.0,9.0,1.0,3.0,1.0,1.0,5578.0,1440.0,0.0,9492.0,8340.0,9600.0,0.0,0.0,0.0,0.0,0.0,9600.0,2.0,32.0,9600.0
1.0,7.0,5.0,3.0,3.0,2.0,3769.0,720.0,0.0,15145.0,12961.0,3000.0,0.0,0.0,0.0,0.0,0.0,3000.0,1.0,25.0,3000.0
2.0,7.0,5.0,1.0,3.0,1.0,1503.0,788.0,0.0,7623.0,6891.0,10400.0,0.0,0.0,0.0,0.0,0.0,10000.0,1.0,33.0,10400.0
1.0,5.0,5.0,3.0,1.0,1.0,2206.0,1440.0,0.0,4606.0,4306.0,0.0,0.0,0.0,0.0,0.0,0.0,0.0,3.0,30.0,0.0
1.0,5.0,5.0,2.0,3.0,1.0,3769.0,2304.0,0.0,10688.0,9296.0,0.0,0.0,0.0,0.0,0.0,1044.0,0.0,6.0,25.0,1044.0
1.0,7.0,5.0,3.0,9.0,1.0,3769.0,550.0,0.0,4748.0,4592.0,2180.0,0.0,770.0,0.0,0.0,0.0,0.0,3.0,25.0,2950.0
2.0,7.0,1.0,3.0,2.0,1.0,3769.0,4080.0,0.0,10750.0,9286.0,7000.0,0.0,0.0,0.0,0.0,0.0,7000.0,2.0,30.0,7000.0
2.0,7.0,5.0,2.0,2.0,1.0,3769.0,840.0,0.0,5026.0,5002.0,0.0,0.0,0.0,0.0,0.0,0.0,0.0,3.0,26.0,0.0
2.0,7.0,1.0,3.0,6.0,1.0,3769.0,1440.0,0.0,7055.0,6347.0,2200.0,0.0,0.0,0.0,0.0,0.0,2200.0,3.0,30.0,2200.0
2.0,7.0,5.0,2.0,6.0,1.0,3769.0,1440.0,0.0,2980.0,2692.0,2880.0,0.0,0.0,0.0,0.0,0.0,2880.0,1.0,28.0,2880.0
1.0,7.0,5.0,5.0,1.0,1.0,4898.0,1440.0,0.0,5053.0,4345.0,10100.0,0.0,0.0,0.0,0.0,0.0,5100.0,1.0,39.0,10100.0
1.0,7.0,1.0,3.0,5.0,1.0,3769.0,1440.0,0.0,10022.0,8582.0,20000.0,0.0,0.0,0.0,0.0,0.0,20000.0,2.0,37.0,20000.0
1.0,5.0,5.0,3.0,1.0,1.0,2185.0,491.0,0.0,9861.0,9537.0,3000.0,2000.0,5000.0,0.0,0.0,2500.0,0.0,3.0,31.0,12500.0
1.0,7.0,5.0,4.0,9.0,1.0,3769.0,1150.0,0.0,9781.0,9061.0,0.0,0.0,0.0,1800.0,0.0,0.0,0.0,1.0,34.0,1800.0
2.0,8.0,1.0,3.0,2.0,3.0,3769.0,249.0,0.0,6484.0,6124.0,10450.0,0.0,0.0,0.0,0.0,0.0,9750.0,1.0,35.0,10450.0
2.0,6.0,5.0,3.0,2.0,1.0,3769.0,2400.0,0.0,5436.0,4956.0,15000.0,0.0,0.0,0.0,0.0,0.0,15000.0,2.0,24.0,15000.0
1.0,5.0,5.0,2.0,1.0,1.0,6000.0,1440.0,0.0,10300.0,8932.0,2000.0,0.0,0.0,10000.0,0.0,0.0,2000.0,1.0,32.0,12000.0
1.0,7.0,5.0,2.0,2.0,1.0,3769.0,3036.0,0.0,3036.0,2724.0,0.0,0.0,0.0,0.0,0.0,0.0,0.0,3.0,35.0,0.0
2.0,7.0,1.0,3.0,1.0,1.0,1680.0,1440.0,0.0,9752.0,8852.0,38000.0,0.0,0.0,0.0,0.0,0.0,11000.0,2.0,35.0,38000.0
2.0,5.0,5.0,4.0,2.0,1.0,3769.0,1470.0,0.0,2010.0,1880.4,0.0,0.0,0.0,0.0,0.0,0.0,0.0,5.0,34.0,0.0
2.0,7.0,5.0,4.0,2.0,1.0,3769.0,200.0,0.0,8352.0,7332.0,2000.0,0.0,0.0,0.0,0.0,0.0,2000.0,1.0,24.0,2000.0
2.0,7.0,5.0,3.0,1.0,1.0,3462.0,1440.0,0.0,7050.0,6582.0,3900.0,0.0,0.0,0.0,0.0,0.0,3900.0,1.0,28.0,3900.0
2.0,7.0,5.0,1.0,1.0,1.0,4368.0,1440.0,0.0,4548.0,3600.0,0.0,0.0,0.0,0.0,0.0,0.0,0.0,3.0,26.0,0.0
2.0,6.0,5.0,1.0,1.0,1.0,4224.0,1440.0,0.0,4224.0,3696.0,100.0,0.0,0.0,0.0,0.0,0.0,0.0,3.0,31.0,100.0
1.0,6.0,5.0,4.0,3.0,1.0,3769.0,4835.0,0.0,4865.0,4805.0,0.0,0.0,0.0,0.0,0.0,0.0,0.0,3.0,35.0,0.0
1.0,7.0,1.0,3.0,6.0,1.0,3769.0,1440.0,0.0,9209.0,7061.0,31146.0,0.0,0.0,0.0,0.0,0.0,29000.0,1.0,38.0,31146.0
2.0,6.0,5.0,3.0,1.0,1.0,5797.0,1440.0,0.0,13680.0,11652.0,1262.0,0.0,0.0,0.0,0.0,0.0,1000.0,2.0,37.0,1262.0
1.0,7.0,5.0,1.0,9.0,1.0,3769.0,150.0,0.0,4369.0,3001.0,4800.0,0.0,0.0,0.0,0.0,0.0,0.0,3.0,21.0,4800.0
1.0,7.0,1.0,2.0,5.0,1.0,3769.0,1440.0,0.0,33250.0,31822.0,10000.0,0.0,0.0,0.0,0.0,0.0,10000.0,2.0,36.0,10000.0
1.0,6.0,1.0,1.0,1.0,1.0,4070.0,1440.0,0.0,7358.0,6518.0,12000.0,0.0,0.0,0.0,0.0,0.0,12000.0,2.0,35.0,12000.0
1.0,5.0,5.0,2.0,9.0,1.0,3769.0,3016.0,0.0,15424.0,13036.0,0.0,0.0,0.0,0.0,0.0,0.0,0.0,2.0,20.0,0.0
1.0,5.0,5.0,4.0,8.0,1.0,3769.0,1000.0,0.0,2336.0,2144.0,3000.0,0.0,0.0,0.0,0.0,171.0,0.0,5.0,23.0,3171.0
2.0,7.0,5.0,3.0,1.0,1.0,4420.0,1440.0,0.0,4460.0,4124.0,0.0,0.0,0.0,0.0,0.0,0.0,0.0,3.0,28.0,0.0
2.0,7.0,1.0,3.0,1.0,1.0,4308.0,1440.0,0.0,13189.0,11833.0,24700.0,0.0,0.0,2000.0,0.0,0.0,0.0,1.0,33.0,26700.0
1.0,7.0,5.0,4.0,6.0,1.0,3769.0,1440.0,0.0,9222.0,9042.0,0.0,0.0,0.0,0.0,0.0,0.0,0.0,1.0,35.0,0.0
1.0,8.0,1.0,3.0,1.0,1.0,4440.0,1440.0,0.0,4524.0,3984.0,11000.0,0.0,0.0,0.0,0.0,0.0,11000.0,2.0,29.0,11000.0
1.0,7.0,5.0,1.0,1.0,1.0,4000.0,1440.0,0.0,4160.0,3680.0,10000.0,0.0,0.0,0.0,0.0,0.0,10000.0,2.0,33.0,10000.0
1.0,7.0,5.0,1.0,1.0,1.0,4304.0,1440.0,0.0,17188.0,15088.0,0.0,0.0,0.0,0.0,0.0,0.0,0.0,2.0,27.0,0.0
2.0,6.0,5.0,1.0,3.0,1.0,3769.0,92.0,0.0,5591.0,5295.8,860.0,0.0,0.0,0.0,0.0,8400.0,0.0,3.0,29.0,9260.0
2.0,6.0,5.0,1.0,9.0,1.0,3769.0,450.0,0.0,9284.0,8804.0,2100.0,0.0,0.0,0.0,0.0,0.0,0.0,3.0,24.0,2100.0
2.0,6.0,5.0,3.0,1.0,1.0,2880.0,1440.0,0.0,6060.0,5616.0,0.0,0.0,0.0,0.0,0.0,0.0,0.0,5.0,36.0,0.0
1.0,7.0,5.0,3.0,9.0,1.0,3769.0,480.0,0.0,19009.0,15877.0,10000.0,0.0,0.0,0.0,0.0,0.0,10000.0,1.0,24.0,10000.0
2.0,7.0,5.0,3.0,1.0,1.0,4400.0,1440.0,0.0,14054.0,12818.0,0.0,0.0,0.0,0.0,0.0,0.0,0.0,1.0,35.0,0.0
1.0,5.0,5.0,5.0,1.0,1.0,3428.0,1440.0,0.0,9899.0,8939.0,8000.0,0.0,0.0,0.0,0.0,0.0,8000.0,2.0,32.0,8000.0
1.0,7.0,5.0,3.0,9.0,1.0,3769.0,1440.0,962.0,4757.0,4529.0,0.0,0.0,0.0,0.0,0.0,0.0,0.0,3.0,23.0,0.0
1.0,6.0,5.0,3.0,1.0,1.0,5505.0,1440.0,0.0,9282.0,8022.0,3000.0,0.0,0.0,0.0,0.0,0.0,3000.0,3.0,34.0,3000.0
1.0,8.0,5.0,3.0,2.0,1.0,3769.0,2520.0,0.0,3000.0,2784.0,0.0,0.0,0.0,0.0,0.0,0.0,0.0,3.0,28.0,0.0
1.0,7.0,1.0,3.0,1.0,1.0,4416.0,1440.0,0.0,7692.0,6972.0,20000.0,0.0,0.0,0.0,0.0,0.0,20000.0,2.0,35.0,20000.0
1.0,6.0,1.0,2.0,5.0,1.0,3769.0,1440.0,0.0,9136.0,7804.0,13000.0,0.0,0.0,0.0,0.0,0.0,13000.0,1.0,36.0,13000.0
1.0,7.0,5.0,3.0,1.0,1.0,4030.0,1440.0,0.0,9874.0,8914.0,0.0,0.0,0.0,0.0,0.0,0.0,0.0,1.0,34.0,0.0
2.0,7.0,1.0,3.0,9.0,1.0,3769.0,520.0,0.0,6916.0,6076.0,3133.0,0.0,0.0,0.0,0.0,0.0,2133.0,1.0,38.0,3133.0
1.0,7.0,5.0,3.0,9.0,1.0,3769.0,135.0,0.0,13255.0,12331.0,654.0,0.0,0.0,0.0,0.0,0.0,654.0,1.0,20.0,654.0
2.0,7.0,5.0,2.0,1.0,1.0,6510.0,1440.0,0.0,8532.0,7488.0,40000.0,0.0,40.0,3000.0,0.0,0.0,0.0,3.0,29.0,43040.0
1.0,7.0,5.0,3.0,1.0,1.0,2576.0,2160.0,0.0,4866.0,4170.0,0.0,0.0,0.0,0.0,0.0,0.0,0.0,3.0,30.0,0.0
2.0,7.0,5.0,2.0,1.0,1.0,216.0,1739.0,0.0,1955.0,1763.0,600.0,0.0,0.0,0.0,0.0,0.0,0.0,3.0,25.0,600.0
2.0,5.0,1.0,2.0,1.0,1.0,2645.0,1440.0,0.0,6735.0,6003.0,1703.0,0.0,0.0,0.0,0.0,0.0,1703.0,1.0,39.0,1703.0
1.0,7.0,5.0,2.0,2.0,1.0,3769.0,900.0,0.0,7051.0,7039.0,890.0,0.0,85.0,0.0,0.0,0.0,0.0,3.0,23.0,975.0
2.0,7.0,1.0,5.0,1.0,1.0,1336.0,1440.0,0.0,7372.0,6412.0,8000.0,0.0,0.0,0.0,0.0,0.0,8000.0,1.0,32.0,8000.0
2.0,7.0,5.0,3.0,1.0,1.0,2556.0,1440.0,0.0,23886.0,22530.0,80000.0,0.0,0.0,0.0,0.0,0.0,0.0,3.0,30.0,80000.0
1.0,5.0,5.0,4.0,3.0,1.0,3769.0,3528.0,0.0,3648.0,3468.0,13000.0,0.0,0.0,0.0,0.0,0.0,0.0,5.0,36.0,13000.0
2.0,7.0,5.0,2.0,1.0,1.0,3480.0,1440.0,0.0,3786.0,3426.0,0.0,0.0,0.0,0.0,0.0,0.0,0.0,1.0,33.0,0.0
1.0,7.0,1.0,3.0,1.0,1.0,5010.0,1440.0,0.0,12128.0,10544.0,0.0,0.0,0.0,25000.0,0.0,0.0,0.0,3.0,37.0,25000.0
2.0,5.0,1.0,2.0,1.0,1.0,3395.0,1440.0,0.0,9485.0,8621.0,2530.0,0.0,0.0,0.0,0.0,0.0,0.0,3.0,30.0,2530.0
1.0,5.0,5.0,3.0,2.0,1.0,3769.0,1920.0,0.0,4296.0,4104.0,0.0,150.0,0.0,0.0,0.0,0.0,0.0,3.0,27.0,150.0
2.0,5.0,5.0,3.0,2.0,1.0,3769.0,6165.0,0.0,14799.0,13575.0,2500.0,0.0,0.0,0.0,0.0,0.0,2500.0,1.0,28.0,2500.0
1.0,7.0,5.0,2.0,1.0,1.0,4875.0,1440.0,0.0,4875.0,4083.0,9000.0,0.0,0.0,0.0,0.0,0.0,9000.0,2.0,32.0,9000.0
2.0,7.0,5.0,3.0,1.0,1.0,3696.0,1440.0,0.0,3780.0,3396.0,0.0,0.0,0.0,0.0,0.0,0.0,0.0,3.0,28.0,0.0
2.0,7.0,5.0,3.0,2.0,1.0,3769.0,1920.0,0.0,7508.0,6980.0,0.0,0.0,0.0,0.0,0.0,0.0,0.0,3.0,24.0,0.0
2.0,7.0,5.0,1.0,1.0,1.0,3852.0,1440.0,0.0,3852.0,3432.0,4380.0,0.0,0.0,0.0,0.0,0.0,4300.0,3.0,28.0,4380.0
1.0,9.0,1.0,3.0,1.0,1.0,7140.0,1440.0,0.0,14550.0,12366.0,28826.0,0.0,0.0,24000.0,0.0,0.0,21826.0,1.0,38.0,52826.0
1.0,7.0,1.0,1.0,1.0,1.0,8095.0,1440.0,0.0,14395.0,9355.0,68000.0,0.0,0.0,0.0,0.0,0.0,68000.0,1.0,37.0,68000.0
1.0,7.0,5.0,3.0,2.0,1.0,3769.0,207.0,0.0,9058.0,8506.0,0.0,0.0,0.0,400.0,0.0,0.0,0.0,1.0,20.0,400.0
2.0,7.0,1.0,2.0,6.0,1.0,3769.0,1440.0,0.0,6901.0,6037.0,11040.0,0.0,0.0,0.0,0.0,0.0,11040.0,1.0,36.0,11040.0
1.0,6.0,1.0,3.0,1.0,1.0,5030.0,1440.0,0.0,8556.0,8040.0,13000.0,0.0,0.0,0.0,0.0,0.0,13000.0,1.0,33.0,13000.0
1.0,7.0,5.0,2.0,9.0,1.0,3769.0,750.0,0.0,12740.0,11948.0,0.0,0.0,0.0,0.0,0.0,0.0,0.0,1.0,24.0,0.0
1.0,6.0,5.0,2.0,1.0,1.0,3320.0,1440.0,0.0,9304.0,8728.0,7411.0,0.0,270.0,0.0,0.0,0.0,7411.0,1.0,39.0,7681.0
1.0,7.0,1.0,2.0,1.0,1.0,7280.0,1440.0,0.0,9431.0,7775.0,6517.0,0.0,0.0,0.0,0.0,0.0,6517.0,1.0,36.0,6517.0
2.0,7.0,1.0,3.0,1.0,1.0,2310.0,1440.0,0.0,8821.0,8101.0,18000.0,0.0,0.0,0.0,0.0,0.0,10000.0,2.0,33.0,18000.0
1.0,5.0,5.0,2.0,2.0,1.0,3769.0,5040.0,0.0,16208.0,14924.0,0.0,0.0,0.0,0.0,0.0,0.0,0.0,1.0,21.0,0.0
2.0,5.0,1.0,4.0,3.0,1.0,3769.0,3000.0,0.0,7470.0,7038.0,3400.0,0.0,0.0,500.0,0.0,0.0,1600.0,1.0,34.0,3900.0
2.0,4.0,1.0,4.0,1.0,1.0,2801.0,1440.0,0.0,9261.0,8097.0,3000.0,0.0,250.0,0.0,0.0,0.0,3000.0,1.0,38.0,3250.0
1.0,7.0,1.0,1.0,1.0,1.0,12373.0,1440.0,0.0,14187.0,12063.0,0.0,0.0,0.0,0.0,0.0,0.0,0.0,2.0,38.0,0.0
1.0,5.0,5.0,3.0,1.0,1.0,6120.0,1440.0,0.0,12619.0,11131.0,0.0,0.0,280.0,0.0,0.0,0.0,0.0,1.0,33.0,280.0
1.0,7.0,5.0,1.0,9.0,1.0,3769.0,60.0,0.0,4908.0,4560.0,7000.0,0.0,0.0,0.0,0.0,0.0,7000.0,1.0,24.0,7000.0
1.0,7.0,1.0,3.0,1.0,1.0,6645.0,1440.0,0.0,7715.0,6659.0,0.0,0.0,0.0,0.0,0.0,0.0,0.0,1.0,36.0,0.0
2.0,7.0,5.0,2.0,9.0,1.0,3769.0,192.0,0.0,8219.0,7355.0,3559.0,0.0,0.0,0.0,0.0,0.0,3559.0,1.0,23.0,3559.0
2.0,7.0,5.0,3.0,9.0,1.0,3769.0,480.0,0.0,11430.0,10002.0,0.0,0.0,0.0,0.0,0.0,0.0,0.0,1.0,24.0,0.0
2.0,6.0,5.0,1.0,9.0,1.0,3769.0,121.0,0.0,9041.0,7949.0,3700.0,0.0,0.0,0.0,0.0,0.0,0.0,5.0,19.0,3700.0
2.0,7.0,5.0,2.0,9.0,1.0,3769.0,330.0,0.0,16585.0,14773.0,0.0,0.0,0.0,0.0,0.0,0.0,0.0,1.0,22.0,0.0
2.0,6.0,5.0,1.0,2.0,1.0,3769.0,2320.0,0.0,17188.0,15088.0,0.0,0.0,0.0,0.0,0.0,0.0,0.0,2.0,25.0,0.0
1.0,7.0,5.0,2.0,2.0,1.0,3769.0,2400.0,0.0,18796.0,16588.0,0.0,0.0,0.0,25000.0,0.0,0.0,0.0,2.0,28.0,25000.0
1.0,7.0,5.0,2.0,2.0,1.0,3769.0,3144.0,0.0,4254.0,3894.0,0.0,0.0,0.0,20000.0,0.0,0.0,0.0,1.0,26.0,20000.0
1.0,6.0,5.0,3.0,2.0,1.0,3769.0,2400.0,0.0,12026.0,10418.0,0.0,0.0,0.0,2600.0,0.0,0.0,0.0,2.0,29.0,2600.0
2.0,6.0,1.0,3.0,1.0,1.0,3993.0,1440.0,0.0,8586.0,7170.0,24100.0,0.0,0.0,0.0,0.0,0.0,18500.0,2.0,35.0,24100.0
1.0,6.0,5.0,3.0,3.0,1.0,3769.0,900.0,0.0,8677.0,7897.0,7639.0,0.0,0.0,0.0,0.0,0.0,4479.0,1.0,27.0,7639.0
2.0,7.0,5.0,3.0,1.0,1.0,8320.0,1440.0,0.0,24873.0,21417.0,0.0,0.0,500.0,7000.0,0.0,0.0,0.0,1.0,31.0,7500.0
2.0,8.0,5.0,3.0,1.0,1.0,3520.0,1440.0,0.0,15332.0,13724.0,3590.0,0.0,0.0,1500.0,0.0,0.0,3590.0,1.0,33.0,5090.0
2.0,8.0,5.0,5.0,2.0,1.0,3769.0,810.0,0.0,3316.0,3220.0,0.0,0.0,0.0,0.0,0.0,0.0,0.0,3.0,27.0,0.0
2.0,6.0,5.0,3.0,1.0,1.0,2440.0,1440.0,0.0,7326.0,7014.0,3350.0,0.0,0.0,0.0,0.0,0.0,0.0,1.0,22.0,3350.0
1.0,6.0,5.0,4.0,1.0,1.0,2550.0,1440.0,0.0,8932.0,8380.0,11528.0,0.0,0.0,0.0,0.0,0.0,9000.0,1.0,25.0,11528.0
2.0,5.0,1.0,1.0,2.0,1.0,3769.0,3340.0,0.0,9470.0,9098.0,5400.0,0.0,385.0,0.0,0.0,0.0,5400.0,2.0,38.0,5785.0
2.0,5.0,5.0,1.0,1.0,1.0,2931.0,1440.0,0.0,8381.0,7733.0,0.0,0.0,0.0,0.0,0.0,0.0,0.0,1.0,24.0,0.0
2.0,7.0,5.0,1.0,1.0,1.0,5220.0,1440.0,0.0,6528.0,5772.0,12000.0,0.0,0.0,0.0,0.0,0.0,12000.0,2.0,35.0,12000.0
2.0,6.0,1.0,3.0,1.0,1.0,2644.0,1440.0,0.0,7862.0,7010.0,11250.0,0.0,0.0,0.0,0.0,0.0,11250.0,1.0,34.0,11250.0
2.0,6.0,5.0,3.0,1.0,2.0,4108.0,1440.0,0.0,13263.0,11091.0,17064.0,0.0,0.0,0.0,0.0,0.0,17064.0,1.0,24.0,17064.0
1.0,7.0,5.0,2.0,1.0,1.0,4500.0,1440.0,0.0,4560.0,4008.0,0.0,0.0,0.0,0.0,0.0,0.0,0.0,3.0,34.0,0.0
1.0,7.0,5.0,1.0,9.0,1.0,3769.0,1440.0,1219.0,18238.0,16162.0,0.0,0.0,0.0,0.0,0.0,0.0,0.0,2.0,25.0,0.0
1.0,6.0,5.0,2.0,1.0,1.0,260.0,1280.0,0.0,1515.0,1047.0,0.0,0.0,0.0,0.0,0.0,0.0,0.0,1.0,38.0,0.0
2.0,7.0,5.0,2.0,2.0,1.0,3769.0,2640.0,0.0,19166.0,17942.0,0.0,0.0,0.0,8000.0,0.0,0.0,0.0,1.0,32.0,8000.0
2.0,7.0,5.0,3.0,2.0,1.0,3769.0,2215.0,0.0,12896.0,11468.0,9020.0,0.0,0.0,0.0,0.0,0.0,9020.0,1.0,24.0,9020.0
2.0,7.0,1.0,3.0,9.0,1.0,3769.0,1030.0,0.0,8832.0,7812.0,31797.0,0.0,0.0,0.0,0.0,0.0,31797.0,1.0,32.0,31797.0
1.0,6.0,1.0,3.0,2.0,1.0,3769.0,9120.0,0.0,9220.0,7456.0,0.0,0.0,0.0,0.0,0.0,0.0,0.0,5.0,37.0,0.0
2.0,8.0,5.0,3.0,1.0,1.0,4733.0,1440.0,0.0,6953.0,5825.0,19179.0,0.0,0.0,0.0,0.0,0.0,19179.0,1.0,28.0,19179.0
2.0,7.0,5.0,3.0,1.0,1.0,3768.0,1440.0,0.0,12128.0,10544.0,0.0,0.0,0.0,25000.0,0.0,0.0,0.0,3.0,26.0,25000.0
2.0,7.0,1.0,3.0,9.0,1.0,1125.0,1440.0,0.0,2650.0,2530.0,0.0,0.0,0.0,0.0,0.0,0.0,0.0,6.0,30.0,0.0
2.0,7.0,5.0,2.0,9.0,1.0,3769.0,240.0,0.0,11548.0,9688.0,5417.0,0.0,0.0,0.0,0.0,0.0,5417.0,1.0,23.0,5417.0
2.0,7.0,5.0,3.0,1.0,1.0,3912.0,1440.0,0.0,12822.0,11910.0,13231.0,0.0,0.0,300.0,0.0,0.0,13231.0,1.0,31.0,13531.0
1.0,5.0,1.0,1.0,6.0,1.0,560.0,1440.0,0.0,8284.0,8020.0,20300.0,0.0,0.0,0.0,0.0,54.0,20000.0,2.0,35.0,20354.0
2.0,7.0,5.0,3.0,1.0,1.0,4082.0,1440.0,0.0,6456.0,5796.0,210.0,0.0,1720.0,0.0,0.0,0.0,0.0,3.0,26.0,1930.0
2.0,6.0,5.0,2.0,1.0,1.0,3220.0,1440.0,0.0,16840.0,12916.0,6300.0,0.0,0.0,0.0,0.0,0.0,6000.0,1.0,24.0,6300.0
1.0,7.0,5.0,3.0,1.0,1.0,3660.0,1440.0,0.0,3936.0,3576.0,1950.0,0.0,0.0,0.0,0.0,0.0,1950.0,3.0,31.0,1950.0
1.0,7.0,5.0,3.0,1.0,1.0,3000.0,1440.0,0.0,14888.0,13496.0,16005.0,0.0,0.0,0.0,0.0,0.0,16005.0,1.0,31.0,16005.0
1.0,5.0,5.0,1.0,2.0,2.0,3769.0,4964.0,0.0,13874.0,12866.0,5000.0,0.0,0.0,0.0,0.0,0.0,0.0,1.0,33.0,5000.0
1.0,6.0,5.0,1.0,8.0,1.0,1600.0,1440.0,0.0,5960.0,5432.0,2500.0,0.0,0.0,0.0,0.0,0.0,2500.0,3.0,34.0,2500.0
2.0,6.0,5.0,3.0,2.0,1.0,3769.0,3000.0,0.0,11956.0,10588.0,0.0,0.0,0.0,20000.0,0.0,0.0,0.0,1.0,24.0,20000.0
1.0,6.0,5.0,3.0,8.0,1.0,496.0,96.0,0.0,8440.0,7360.0,0.0,0.0,0.0,0.0,0.0,0.0,0.0,1.0,24.0,0.0
1.0,7.0,5.0,3.0,1.0,1.0,2880.0,1440.0,0.0,14136.0,11760.0,0.0,0.0,0.0,1200.0,0.0,0.0,0.0,1.0,30.0,1200.0
2.0,5.0,5.0,3.0,1.0,1.0,2620.0,1440.0,0.0,12357.0,11241.0,19760.0,0.0,0.0,29000.0,0.0,0.0,0.0,1.0,28.0,48760.0
1.0,6.0,1.0,4.0,1.0,1.0,4881.0,1440.0,0.0,15471.0,14223.0,0.0,0.0,0.0,15000.0,0.0,0.0,0.0,1.0,36.0,15000.0
2.0,6.0,1.0,3.0,2.0,1.0,3769.0,1125.0,0.0,5335.0,4927.0,2000.0,0.0,0.0,0.0,0.0,0.0,2000.0,2.0,30.0,2000.0
2.0,7.0,5.0,2.0,3.0,1.0,3769.0,554.0,0.0,3484.0,3184.0,0.0,0.0,0.0,0.0,0.0,0.0,0.0,1.0,22.0,0.0
1.0,8.0,5.0,1.0,1.0,1.0,2500.0,1440.0,0.0,3720.0,3312.0,0.0,0.0,0.0,0.0,0.0,0.0,0.0,3.0,35.0,0.0
1.0,7.0,5.0,2.0,1.0,1.0,4056.0,1440.0,0.0,4116.0,3612.0,0.0,0.0,0.0,0.0,0.0,0.0,0.0,3.0,36.0,0.0
2.0,7.0,5.0,3.0,1.0,1.0,4258.0,1440.0,0.0,23326.0,19858.0,2400.0,0.0,0.0,0.0,0.0,0.0,0.0,1.0,29.0,2400.0
2.0,7.0,5.0,2.0,3.0,1.0,3769.0,600.0,0.0,4480.0,4060.0,0.0,0.0,0.0,0.0,0.0,0.0,0.0,2.0,22.0,0.0
1.0,7.0,1.0,2.0,1.0,1.0,7597.0,1440.0,0.0,11845.0,10225.0,12000.0,0.0,0.0,0.0,0.0,0.0,12000.0,2.0,33.0,12000.0
2.0,5.0,5.0,2.0,1.0,1.0,1840.0,1440.0,0.0,3756.0,3480.0,0.0,0.0,0.0,0.0,0.0,0.0,0.0,2.0,35.0,0.0
1.0,8.0,5.0,1.0,1.0,1.0,5100.0,1440.0,0.0,5220.0,4272.0,0.0,0.0,0.0,0.0,0.0,0.0,0.0,3.0,27.0,0.0
2.0,7.0,1.0,2.0,3.0,1.0,3769.0,2160.0,0.0,33250.0,31822.0,10000.0,0.0,0.0,0.0,0.0,0.0,10000.0,2.0,30.0,10000.0
1.0,6.0,5.0,3.0,1.0,1.0,3348.0,1440.0,0.0,3424.0,3076.0,0.0,0.0,0.0,0.0,0.0,0.0,0.0,6.0,28.0,0.0
1.0,6.0,5.0,2.0,2.0,1.0,3769.0,3730.0,0.0,7153.0,6385.0,0.0,0.0,850.0,0.0,0.0,0.0,0.0,1.0,38.0,850.0
1.0,7.0,5.0,3.0,2.0,1.0,3769.0,4200.0,0.0,4220.0,3896.0,3200.0,0.0,0.0,0.0,0.0,0.0,3200.0,2.0,27.0,3200.0
1.0,7.0,1.0,3.0,6.0,1.0,3812.0,1440.0,0.0,3490.0,2434.0,3000.0,0.0,0.0,2000.0,0.0,0.0,0.0,3.0,35.0,5000.0
2.0,7.0,5.0,1.0,9.0,1.0,3769.0,160.0,0.0,9000.0,8004.0,11808.0,0.0,0.0,0.0,0.0,0.0,1808.0,2.0,21.0,11808.0
1.0,6.0,1.0,3.0,1.0,1.0,2830.0,1440.0,0.0,12335.0,11795.0,0.0,0.0,0.0,0.0,0.0,0.0,0.0,1.0,35.0,0.0
2.0,7.0,5.0,2.0,1.0,1.0,3120.0,1440.0,0.0,6533.0,5957.0,700.0,0.0,0.0,0.0,0.0,0.0,0.0,3.0,30.0,700.0
1.0,7.0,5.0,3.0,9.0,1.0,3769.0,200.0,0.0,4075.0,3955.0,0.0,0.0,0.0,0.0,0.0,0.0,0.0,1.0,22.0,0.0
2.0,5.0,1.0,3.0,2.0,2.0,3769.0,3085.0,0.0,7122.0,6330.0,0.0,0.0,0.0,0.0,0.0,0.0,0.0,5.0,35.0,0.0
2.0,7.0,5.0,3.0,2.0,1.0,3769.0,495.0,0.0,22025.0,19697.0,0.0,0.0,0.0,1000.0,0.0,0.0,0.0,1.0,24.0,1000.0
1.0,8.0,5.0,4.0,2.0,1.0,3769.0,1200.0,0.0,6182.0,5930.0,0.0,0.0,0.0,0.0,0.0,0.0,0.0,1.0,30.0,0.0
2.0,7.0,1.0,4.0,1.0,1.0,5200.0,1440.0,0.0,14325.0,13029.0,0.0,0.0,0.0,0.0,0.0,0.0,0.0,1.0,38.0,0.0
1.0,5.0,5.0,3.0,2.0,1.0,3769.0,2400.0,0.0,5801.0,5561.0,0.0,0.0,0.0,0.0,1520.0,0.0,0.0,3.0,37.0,1520.0
1.0,7.0,5.0,1.0,2.0,1.0,3769.0,2544.0,0.0,8814.0,8514.0,0.0,0.0,0.0,0.0,0.0,0.0,0.0,2.0,37.0,0.0
1.0,7.0,1.0,2.0,1.0,1.0,3580.0,1440.0,0.0,5858.0,5474.0,8380.0,0.0,0.0,0.0,0.0,0.0,8380.0,2.0,34.0,8380.0
2.0,7.0,5.0,3.0,1.0,1.0,4956.0,1440.0,0.0,6324.0,5628.0,0.0,0.0,0.0,500.0,0.0,7000.0,0.0,3.0,25.0,7500.0
1.0,5.0,1.0,3.0,2.0,3.0,3769.0,3500.0,0.0,8544.0,7800.0,20300.0,0.0,0.0,0.0,0.0,0.0,20300.0,1.0,33.0,20300.0
1.0,7.0,5.0,3.0,1.0,1.0,6876.0,1440.0,0.0,7080.0,6036.0,0.0,14000.0,0.0,0.0,0.0,0.0,0.0,2.0,37.0,14000.0
2.0,6.0,5.0,1.0,2.0,2.0,3769.0,1200.0,0.0,1992.0,1956.0,0.0,0.0,0.0,0.0,0.0,0.0,0.0,3.0,25.0,0.0
2.0,5.0,5.0,2.0,1.0,1.0,2592.0,1440.0,0.0,5096.0,4856.0,8600.0,0.0,0.0,0.0,0.0,0.0,8600.0,2.0,27.0,8600.0
1.0,7.0,5.0,3.0,3.0,1.0,3769.0,512.0,0.0,27332.0,24056.0,10000.0,0.0,0.0,3400.0,0.0,0.0,10000.0,1.0,21.0,13400.0
1.0,6.0,5.0,3.0,2.0,2.0,3769.0,2840.0,0.0,8830.0,8410.0,16385.0,0.0,300.0,0.0,0.0,0.0,15160.0,1.0,28.0,16685.0
2.0,5.0,1.0,3.0,2.0,1.0,3769.0,2640.0,0.0,6897.0,6585.0,0.0,0.0,0.0,0.0,0.0,0.0,0.0,1.0,38.0,0.0
2.0,7.0,5.0,1.0,1.0,2.0,1824.0,852.0,0.0,2832.0,2628.0,0.0,0.0,0.0,0.0,0.0,0.0,0.0,4.0,27.0,0.0
1.0,7.0,5.0,1.0,3.0,2.0,3426.0,414.0,0.0,16617.0,14865.0,0.0,0.0,0.0,0.0,0.0,0.0,0.0,1.0,33.0,0.0
1.0,7.0,5.0,3.0,3.0,1.0,3769.0,456.0,0.0,10636.0,10108.0,5000.0,0.0,0.0,0.0,0.0,0.0,0.0,1.0,23.0,5000.0
1.0,7.0,5.0,3.0,5.0,1.0,3769.0,1440.0,0.0,15445.0,13885.0,3500.0,0.0,0.0,0.0,0.0,0.0,3500.0,1.0,33.0,3500.0
1.0,6.0,5.0,2.0,9.0,1.0,3769.0,1284.0,0.0,1380.0,1092.0,2700.0,0.0,0.0,0.0,0.0,0.0,0.0,6.0,27.0,2700.0
2.0,7.0,5.0,1.0,2.0,1.0,3769.0,3838.0,0.0,3838.0,3838.0,1700.0,0.0,0.0,0.0,0.0,0.0,0.0,3.0,31.0,1700.0
2.0,7.0,5.0,2.0,6.0,1.0,3769.0,1440.0,0.0,12074.0,11246.0,24416.0,0.0,0.0,41000.0,0.0,0.0,21416.0,1.0,33.0,65416.0
2.0,7.0,1.0,3.0,2.0,1.0,3769.0,3314.0,0.0,9492.0,8340.0,9600.0,0.0,0.0,0.0,0.0,0.0,9600.0,2.0,34.0,9600.0
1.0,7.0,5.0,2.0,1.0,1.0,3234.0,1440.0,0.0,14595.0,12087.0,21238.0,0.0,0.0,0.0,2008.0,0.0,13538.0,1.0,30.0,23246.0
1.0,6.0,5.0,3.0,1.0,1.0,3780.0,1440.0,0.0,4301.0,3869.0,8400.0,0.0,0.0,0.0,0.0,0.0,0.0,1.0,33.0,8400.0
1.0,7.0,5.0,2.0,1.0,1.0,5360.0,1440.0,0.0,11561.0,10301.0,0.0,0.0,0.0,0.0,0.0,0.0,0.0,1.0,36.0,0.0
2.0,7.0,5.0,5.0,2.0,1.0,3769.0,2700.0,0.0,16622.0,14882.0,13000.0,0.0,0.0,2500.0,0.0,10000.0,0.0,6.0,29.0,25500.0
1.0,8.0,1.0,3.0,1.0,1.0,4702.0,1440.0,0.0,5272.0,4636.0,6000.0,0.0,0.0,500.0,0.0,0.0,6000.0,1.0,33.0,6500.0
2.0,7.0,5.0,2.0,9.0,1.0,3769.0,460.0,0.0,8102.0,7298.0,19960.0,0.0,0.0,0.0,0.0,0.0,19960.0,1.0,25.0,19960.0
1.0,7.0,1.0,2.0,1.0,1.0,4000.0,1440.0,0.0,7214.0,6482.0,0.0,0.0,0.0,0.0,0.0,0.0,0.0,2.0,33.0,0.0
2.0,7.0,5.0,2.0,1.0,1.0,3024.0,1440.0,0.0,10778.0,10010.0,0.0,0.0,0.0,0.0,0.0,0.0,0.0,1.0,33.0,0.0
1.0,5.0,5.0,3.0,1.0,1.0,4085.0,1440.0,0.0,13335.0,12099.0,0.0,0.0,105.0,0.0,0.0,0.0,0.0,3.0,23.0,105.0
2.0,5.0,5.0,3.0,2.0,1.0,3769.0,3330.0,0.0,4155.0,3831.0,8900.0,0.0,0.0,0.0,0.0,0.0,8900.0,2.0,39.0,8900.0
1.0,6.0,1.0,3.0,1.0,1.0,7487.0,1440.0,0.0,10629.0,9261.0,16000.0,0.0,0.0,0.0,0.0,0.0,16000.0,2.0,31.0,16000.0
1.0,6.0,5.0,3.0,1.0,1.0,5896.0,1440.0,0.0,6854.0,5546.0,7737.0,0.0,0.0,0.0,0.0,0.0,7737.0,1.0,33.0,7737.0
1.0,8.0,1.0,2.0,2.0,1.0,3769.0,4100.0,0.0,6020.0,5324.0,0.0,10000.0,0.0,0.0,0.0,0.0,10000.0,1.0,35.0,10000.0
1.0,7.0,5.0,1.0,2.0,3.0,3769.0,2100.0,0.0,4740.0,4596.0,0.0,0.0,0.0,1500.0,0.0,0.0,0.0,1.0,34.0,1500.0
2.0,7.0,5.0,3.0,1.0,1.0,4500.0,1440.0,0.0,8561.0,7733.0,13520.0,0.0,0.0,0.0,0.0,0.0,13520.0,1.0,32.0,13520.0
1.0,6.0,5.0,2.0,9.0,1.0,3769.0,1440.0,664.0,9339.0,8343.0,920.0,0.0,0.0,0.0,0.0,0.0,0.0,3.0,29.0,920.0
1.0,7.0,1.0,3.0,1.0,1.0,8570.0,1440.0,0.0,9300.0,7980.0,5000.0,0.0,0.0,0.0,0.0,0.0,5000.0,1.0,39.0,5000.0
1.0,7.0,5.0,2.0,9.0,1.0,3769.0,260.0,0.0,6243.0,5679.0,0.0,0.0,0.0,0.0,0.0,0.0,0.0,1.0,24.0,0.0
2.0,5.0,5.0,2.0,1.0,1.0,2600.0,1440.0,0.0,4178.0,3962.0,0.0,0.0,0.0,0.0,0.0,0.0,0.0,1.0,28.0,0.0
2.0,7.0,5.0,3.0,1.0,1.0,3240.0,1440.0,0.0,3260.0,2876.0,0.0,0.0,0.0,0.0,0.0,5000.0,0.0,2.0,30.0,5000.0
2.0,6.0,5.0,2.0,2.0,1.0,3769.0,3144.0,0.0,12853.0,10465.0,40000.0,0.0,0.0,0.0,0.0,0.0,40000.0,1.0,27.0,40000.0
1.0,5.0,5.0,3.0,9.0,1.0,3769.0,1200.0,0.0,11430.0,10002.0,0.0,0.0,0.0,0.0,0.0,0.0,0.0,1.0,21.0,0.0
2.0,8.0,5.0,2.0,8.0,1.0,3769.0,2392.0,0.0,10128.0,9132.0,0.0,0.0,0.0,0.0,0.0,0.0,0.0,1.0,29.0,0.0
1.0,7.0,5.0,3.0,1.0,1.0,2756.0,1440.0,0.0,2766.0,2394.0,0.0,0.0,0.0,0.0,0.0,0.0,0.0,2.0,29.0,0.0
2.0,7.0,1.0,1.0,1.0,1.0,5379.0,1440.0,0.0,5539.0,4759.0,10000.0,0.0,0.0,0.0,0.0,0.0,10000.0,2.0,39.0,10000.0
1.0,7.0,5.0,4.0,1.0,1.0,6100.0,1440.0,0.0,14723.0,14075.0,0.0,0.0,0.0,0.0,0.0,0.0,0.0,1.0,33.0,0.0
2.0,6.0,5.0,3.0,1.0,1.0,3816.0,1440.0,0.0,14136.0,12780.0,5120.0,0.0,0.0,0.0,0.0,0.0,5120.0,1.0,29.0,5120.0
1.0,6.0,5.0,4.0,2.0,1.0,3769.0,1385.0,0.0,3397.0,3157.0,0.0,0.0,0.0,0.0,0.0,0.0,0.0,1.0,21.0,0.0
2.0,8.0,1.0,2.0,6.0,1.0,3769.0,1440.0,0.0,17862.0,14142.0,22000.0,0.0,0.0,0.0,0.0,0.0,22000.0,1.0,37.0,22000.0
2.0,7.0,5.0,3.0,1.0,1.0,7300.0,1440.0,0.0,14764.0,13276.0,0.0,0.0,0.0,40500.0,0.0,0.0,0.0,1.0,29.0,40500.0
1.0,7.0,5.0,4.0,2.0,1.0,3769.0,640.0,0.0,1526.0,1478.0,6600.0,0.0,0.0,0.0,0.0,0.0,3600.0,2.0,27.0,6600.0
2.0,7.0,5.0,1.0,2.0,1.0,3769.0,1380.0,0.0,9230.0,8558.0,0.0,0.0,0.0,0.0,0.0,0.0,0.0,3.0,36.0,0.0
2.0,7.0,5.0,3.0,1.0,1.0,2860.0,1440.0,0.0,2900.0,2432.0,0.0,0.0,0.0,0.0,0.0,0.0,0.0,3.0,29.0,0.0
2.0,6.0,5.0,3.0,1.0,1.0,4248.0,1440.0,0.0,15018.0,13566.0,4870.0,0.0,0.0,0.0,0.0,0.0,4000.0,1.0,28.0,4870.0
1.0,7.0,5.0,2.0,9.0,1.0,3769.0,360.0,0.0,6033.0,5901.0,8445.0,0.0,2560.0,0.0,0.0,5000.0,0.0,5.0,25.0,16005.0
2.0,6.0,5.0,1.0,1.0,1.0,2900.0,1440.0,0.0,2930.0,2642.0,1200.0,0.0,0.0,0.0,0.0,0.0,0.0,4.0,37.0,1200.0
1.0,7.0,5.0,3.0,8.0,1.0,976.0,1440.0,0.0,4743.0,4551.0,115.0,0.0,0.0,0.0,0.0,0.0,0.0,4.0,25.0,115.0
2.0,6.0,5.0,3.0,2.0,1.0,3769.0,3360.0,0.0,3372.0,3000.0,0.0,0.0,0.0,0.0,0.0,0.0,0.0,3.0,23.0,0.0
2.0,7.0,1.0,3.0,1.0,1.0,2120.0,1440.0,0.0,7805.0,6533.0,19820.0,0.0,1800.0,0.0,0.0,0.0,19820.0,1.0,35.0,21620.0
2.0,7.0,5.0,1.0,1.0,1.0,1620.0,1440.0,0.0,17413.0,16309.0,18000.0,0.0,0.0,0.0,0.0,0.0,18000.0,1.0,30.0,18000.0
2.0,6.0,1.0,3.0,1.0,1.0,530.0,1440.0,0.0,9189.0,8781.0,0.0,0.0,0.0,0.0,0.0,0.0,0.0,3.0,38.0,0.0
2.0,7.0,1.0,3.0,1.0,1.0,3720.0,1440.0,0.0,16370.0,14390.0,40000.0,0.0,0.0,1000.0,0.0,0.0,40000.0,1.0,39.0,41000.0
1.0,7.0,1.0,4.0,1.0,1.0,6000.0,1440.0,0.0,18306.0,17346.0,0.0,0.0,0.0,4000.0,0.0,0.0,0.0,1.0,29.0,4000.0
2.0,7.0,5.0,3.0,2.0,1.0,3769.0,250.0,0.0,8795.0,8027.0,10607.0,0.0,0.0,0.0,0.0,0.0,1607.0,1.0,20.0,10607.0
2.0,5.0,5.0,1.0,1.0,1.0,1680.0,816.0,0.0,3557.0,3401.0,0.0,0.0,0.0,0.0,0.0,700.0,0.0,3.0,25.0,700.0
1.0,6.0,1.0,3.0,1.0,1.0,4344.0,1440.0,0.0,6336.0,5784.0,0.0,0.0,0.0,0.0,0.0,0.0,0.0,1.0,38.0,0.0
2.0,7.0,5.0,3.0,9.0,1.0,3769.0,300.0,0.0,6065.0,5609.0,0.0,0.0,0.0,0.0,0.0,0.0,0.0,3.0,20.0,0.0
1.0,6.0,5.0,3.0,1.0,1.0,4344.0,1440.0,0.0,12277.0,11449.0,0.0,0.0,0.0,0.0,0.0,0.0,0.0,1.0,27.0,0.0
1.0,6.0,5.0,2.0,1.0,1.0,3168.0,1440.0,0.0,10398.0,9522.0,0.0,0.0,0.0,0.0,0.0,0.0,0.0,1.0,33.0,0.0
2.0,7.0,1.0,3.0,2.0,1.0,3769.0,840.0,0.0,10276.0,9412.0,30000.0,0.0,0.0,0.0,0.0,0.0,30000.0,2.0,33.0,30000.0
2.0,6.0,5.0,3.0,6.0,1.0,3769.0,1440.0,0.0,2284.0,2260.0,0.0,0.0,0.0,0.0,0.0,0.0,0.0,3.0,27.0,0.0
2.0,7.0,1.0,3.0,1.0,1.0,4370.0,1440.0,0.0,9315.0,8139.0,23000.0,0.0,0.0,0.0,0.0,0.0,0.0,3.0,36.0,23000.0
2.0,8.0,1.0,3.0,2.0,2.0,3769.0,1200.0,0.0,8743.0,7459.0,14000.0,0.0,600.0,0.0,0.0,0.0,14000.0,2.0,37.0,14600.0
2.0,8.0,1.0,3.0,1.0,1.0,6200.0,1440.0,0.0,14550.0,12366.0,28826.0,0.0,0.0,24000.0,0.0,0.0,21826.0,1.0,36.0,52826.0
1.0,6.0,5.0,2.0,1.0,1.0,3096.0,1440.0,0.0,3468.0,3156.0,9000.0,0.0,0.0,0.0,0.0,0.0,9000.0,2.0,29.0,9000.0
2.0,7.0,5.0,1.0,1.0,1.0,2568.0,1440.0,0.0,4026.0,3726.0,0.0,0.0,0.0,0.0,0.0,0.0,0.0,3.0,24.0,0.0
1.0,7.0,5.0,1.0,6.0,1.0,3769.0,1440.0,0.0,8556.0,7896.0,4500.0,0.0,0.0,0.0,0.0,0.0,4500.0,1.0,34.0,4500.0
2.0,6.0,5.0,3.0,2.0,1.0,3769.0,716.0,0.0,5002.0,4474.0,10000.0,0.0,0.0,0.0,0.0,0.0,0.0,3.0,25.0,10000.0
2.0,6.0,1.0,3.0,3.0,2.0,1174.0,644.0,0.0,5464.0,4936.0,500.0,0.0,0.0,0.0,0.0,0.0,0.0,3.0,29.0,500.0
1.0,8.0,5.0,3.0,1.0,1.0,9556.0,1440.0,0.0,9866.0,8378.0,12500.0,0.0,0.0,0.0,0.0,0.0,12500.0,2.0,30.0,12500.0
1.0,5.0,5.0,2.0,2.0,1.0,3769.0,2610.0,0.0,11566.0,10270.0,2184.0,0.0,300.0,0.0,0.0,0.0,0.0,1.0,23.0,2484.0
1.0,9.0,1.0,4.0,1.0,1.0,4136.0,1440.0,0.0,8977.0,7933.0,14400.0,0.0,0.0,0.0,0.0,0.0,0.0,3.0,36.0,14400.0
2.0,6.0,5.0,2.0,9.0,1.0,3769.0,270.0,0.0,9303.0,8079.0,0.0,0.0,0.0,0.0,0.0,0.0,0.0,1.0,22.0,0.0
1.0,7.0,1.0,2.0,1.0,1.0,4440.0,1440.0,0.0,8529.0,7857.0,10500.0,0.0,0.0,0.0,0.0,0.0,10000.0,2.0,36.0,10500.0
2.0,7.0,1.0,1.0,1.0,1.0,5380.0,1440.0,0.0,12117.0,10353.0,19920.0,3000.0,0.0,0.0,0.0,0.0,11000.0,2.0,34.0,22920.0
1.0,5.0,5.0,3.0,1.0,1.0,2784.0,1440.0,0.0,8227.0,7435.0,0.0,0.0,0.0,0.0,0.0,0.0,0.0,2.0,26.0,0.0
1.0,5.0,5.0,1.0,9.0,1.0,934.0,1440.0,0.0,7623.0,6891.0,10400.0,0.0,0.0,0.0,0.0,0.0,10000.0,1.0,35.0,10400.0
1.0,6.0,1.0,3.0,1.0,1.0,4500.0,1440.0,0.0,7805.0,6533.0,19820.0,0.0,1800.0,0.0,0.0,0.0,19820.0,1.0,38.0,21620.0
2.0,7.0,5.0,3.0,9.0,1.0,3769.0,120.0,0.0,9495.0,8955.0,6500.0,0.0,0.0,0.0,0.0,0.0,6500.0,1.0,22.0,6500.0
1.0,5.0,5.0,3.0,9.0,1.0,3769.0,480.0,0.0,2001.0,1963.8,0.0,0.0,0.0,0.0,0.0,105.0,0.0,3.0,28.0,105.0
2.0,7.0,5.0,2.0,2.0,1.0,3769.0,1848.0,0.0,5760.0,5532.0,0.0,0.0,0.0,0.0,0.0,0.0,0.0,1.0,27.0,0.0
2.0,7.0,1.0,1.0,1.0,1.0,6160.0,1440.0,0.0,15526.0,12958.0,17400.0,0.0,0.0,0.0,0.0,0.0,17400.0,1.0,38.0,17400.0
1.0,7.0,5.0,4.0,1.0,1.0,2565.0,1440.0,0.0,7198.0,6358.0,25000.0,0.0,0.0,31000.0,0.0,0.0,0.0,1.0,27.0,56000.0
1.0,7.0,5.0,3.0,9.0,1.0,3769.0,600.0,0.0,4807.0,4555.0,1170.0,0.0,0.0,0.0,0.0,0.0,0.0,3.0,24.0,1170.0
2.0,7.0,1.0,3.0,1.0,1.0,3017.0,1440.0,0.0,10552.0,8980.0,12311.0,0.0,0.0,0.0,0.0,0.0,2311.0,1.0,39.0,12311.0
1.0,8.0,5.0,3.0,2.0,1.0,3769.0,3600.0,0.0,3828.0,3444.0,7500.0,0.0,0.0,0.0,0.0,0.0,7500.0,2.0,24.0,7500.0
1.0,7.0,1.0,2.0,2.0,3.0,3769.0,5007.0,0.0,6200.0,5360.0,0.0,0.0,0.0,0.0,0.0,0.0,9118.0,3.0,35.0,0.0
2.0,7.0,5.0,2.0,1.0,1.0,4344.0,1440.0,0.0,21954.0,20526.0,0.0,0.0,0.0,500.0,0.0,0.0,0.0,1.0,30.0,500.0
2.0,7.0,5.0,3.0,2.0,1.0,3769.0,2940.0,0.0,3012.0,2724.0,0.0,0.0,0.0,0.0,0.0,0.0,0.0,3.0,25.0,0.0
2.0,6.0,5.0,2.0,1.0,1.0,3310.0,1440.0,0.0,7368.0,6612.0,1000.0,0.0,0.0,0.0,0.0,0.0,0.0,3.0,23.0,1000.0
2.0,6.0,5.0,2.0,8.0,1.0,3769.0,400.0,0.0,4178.0,3986.0,4200.0,0.0,0.0,500.0,0.0,1700.0,1100.0,1.0,39.0,6400.0
2.0,7.0,5.0,3.0,9.0,1.0,3769.0,100.0,0.0,5600.0,5060.0,15000.0,0.0,0.0,0.0,0.0,0.0,13000.0,1.0,20.0,15000.0
2.0,8.0,5.0,3.0,8.0,1.0,3769.0,1760.0,0.0,1880.0,1628.0,400.0,0.0,0.0,0.0,0.0,0.0,0.0,6.0,36.0,400.0
2.0,5.0,5.0,2.0,2.0,1.0,3769.0,2326.0,0.0,8248.0,7228.0,0.0,0.0,0.0,200.0,0.0,0.0,0.0,3.0,24.0,200.0
1.0,6.0,5.0,1.0,2.0,1.0,3769.0,2201.0,0.0,2396.0,2300.0,300.0,0.0,1000.0,0.0,0.0,0.0,0.0,3.0,33.0,1300.0
1.0,7.0,5.0,2.0,1.0,1.0,2070.0,1440.0,0.0,2216.0,2024.0,100.0,0.0,0.0,0.0,0.0,0.0,0.0,3.0,34.0,100.0
2.0,5.0,5.0,2.0,1.0,1.0,1840.0,1040.0,0.0,6526.0,6070.0,7320.0,0.0,0.0,0.0,0.0,0.0,7320.0,1.0,26.0,7320.0
2.0,6.0,1.0,3.0,1.0,1.0,2606.0,1440.0,0.0,7201.0,6037.0,13600.0,0.0,409.0,0.0,0.0,0.0,13600.0,1.0,39.0,14009.0
1.0,6.0,5.0,2.0,2.0,2.0,3769.0,1760.0,0.0,4982.0,4694.0,1386.0,0.0,0.0,0.0,0.0,0.0,0.0,4.0,37.0,1386.0
2.0,6.0,5.0,3.0,2.0,1.0,3769.0,1470.0,0.0,11019.0,10299.0,11450.0,0.0,0.0,0.0,0.0,0.0,10800.0,1.0,25.0,11450.0
2.0,5.0,5.0,1.0,2.0,2.0,3769.0,1200.0,0.0,10180.0,9256.0,30000.0,0.0,0.0,0.0,0.0,0.0,30000.0,2.0,25.0,30000.0
2.0,7.0,1.0,3.0,2.0,1.0,3769.0,1300.0,0.0,7862.0,7622.0,0.0,0.0,2480.0,0.0,0.0,0.0,0.0,5.0,35.0,2480.0
1.0,7.0,1.0,4.0,1.0,1.0,5085.0,1440.0,0.0,6445.0,5821.0,12568.0,0.0,0.0,0.0,0.0,0.0,12568.0,1.0,39.0,12568.0
1.0,7.0,1.0,1.0,1.0,1.0,3612.0,1440.0,0.0,6676.8,6028.8,10000.0,0.0,0.0,0.0,0.0,0.0,10000.0,2.0,37.0,10000.0
2.0,4.0,5.0,3.0,5.0,1.0,3769.0,1440.0,0.0,9520.0,8548.0,5224.0,0.0,1830.0,0.0,0.0,0.0,5224.0,1.0,36.0,7054.0
2.0,8.0,5.0,1.0,1.0,1.0,5880.0,1440.0,0.0,6216.0,5376.0,0.0,0.0,0.0,0.0,0.0,0.0,0.0,5.0,32.0,0.0
1.0,5.0,5.0,2.0,2.0,1.0,3769.0,700.0,0.0,5469.0,5373.0,0.0,0.0,0.0,0.0,0.0,0.0,0.0,3.0,24.0,0.0
2.0,5.0,5.0,2.0,1.0,1.0,2990.0,1440.0,0.0,13628.0,12116.0,0.0,0.0,0.0,0.0,0.0,0.0,0.0,1.0,31.0,0.0
2.0,7.0,3.0,1.0,1.0,1.0,3140.0,1440.0,0.0,11515.0,10759.0,0.0,0.0,0.0,0.0,0.0,0.0,0.0,2.0,39.0,0.0
2.0,7.0,5.0,3.0,2.0,1.0,3769.0,360.0,0.0,5619.0,5031.0,8240.0,0.0,0.0,0.0,0.0,0.0,0.0,3.0,23.0,8240.0
2.0,6.0,5.0,1.0,1.0,1.0,5366.0,1440.0,0.0,5496.0,4884.0,6400.0,0.0,0.0,0.0,0.0,0.0,6400.0,3.0,36.0,6400.0
1.0,6.0,1.0,3.0,1.0,1.0,5700.0,1440.0,0.0,10380.0,9312.0,23852.0,0.0,0.0,0.0,0.0,0.0,14000.0,2.0,32.0,23852.0
1.0,7.0,5.0,3.0,1.0,1.0,4860.0,1440.0,0.0,4860.0,4188.0,0.0,0.0,0.0,0.0,0.0,0.0,0.0,3.0,30.0,0.0
1.0,7.0,5.0,2.0,9.0,1.0,3769.0,360.0,0.0,10692.0,9876.0,35000.0,0.0,0.0,0.0,0.0,0.0,35000.0,1.0,25.0,35000.0
2.0,7.0,5.0,3.0,9.0,1.0,3769.0,360.0,0.0,6330.0,5670.0,0.0,0.0,0.0,0.0,0.0,9680.0,9680.0,1.0,20.0,9680.0
1.0,7.0,1.0,2.0,1.0,1.0,3520.0,1440.0,0.0,6556.0,5980.0,27932.0,0.0,0.0,0.0,0.0,0.0,27932.0,1.0,35.0,27932.0
1.0,7.0,5.0,3.0,9.0,1.0,3769.0,448.0,0.0,4628.0,4184.0,7000.0,0.0,0.0,0.0,0.0,0.0,0.0,2.0,24.0,7000.0
2.0,7.0,1.0,3.0,1.0,1.0,1620.0,1440.0,0.0,10629.0,9261.0,16000.0,0.0,0.0,0.0,0.0,0.0,16000.0,2.0,31.0,16000.0
1.0,6.0,1.0,3.0,9.0,1.0,1920.0,1440.0,0.0,4980.0,4812.0,6000.0,0.0,0.0,0.0,0.0,0.0,6000.0,3.0,25.0,6000.0
1.0,6.0,1.0,3.0,1.0,1.0,4610.0,1440.0,0.0,8388.0,7092.0,36040.0,0.0,0.0,0.0,0.0,0.0,35000.0,1.0,29.0,36040.0
1.0,5.0,5.0,2.0,2.0,1.0,3769.0,1890.0,0.0,6450.0,5946.0,0.0,0.0,110.0,5500.0,0.0,0.0,0.0,1.0,28.0,5610.0
2.0,7.0,5.0,2.0,2.0,1.0,3769.0,2300.0,0.0,2553.0,2337.0,0.0,0.0,0.0,0.0,0.0,0.0,0.0,3.0,27.0,0.0
2.0,9.0,1.0,3.0,1.0,1.0,3270.0,1440.0,0.0,10402.0,9262.0,0.0,0.0,0.0,0.0,0.0,0.0,0.0,1.0,35.0,0.0
1.0,6.0,5.0,2.0,1.0,1.0,3480.0,1440.0,0.0,15374.0,14186.0,19400.0,0.0,0.0,1500.0,0.0,0.0,10000.0,1.0,29.0,20900.0
2.0,6.0,5.0,1.0,9.0,1.0,3769.0,1040.0,0.0,7971.0,7623.0,1433.0,0.0,0.0,0.0,0.0,0.0,0.0,3.0,23.0,1433.0
2.0,7.0,5.0,3.0,1.0,1.0,2808.0,1440.0,0.0,8561.0,7733.0,13520.0,0.0,0.0,0.0,0.0,0.0,13520.0,1.0,34.0,13520.0
1.0,6.0,1.0,1.0,1.0,1.0,4937.0,1440.0,0.0,7597.0,6829.0,16182.0,0.0,220.0,0.0,0.0,0.0,13182.0,1.0,33.0,16402.0
1.0,6.0,5.0,2.0,1.0,1.0,3370.0,1440.0,0.0,12187.0,11323.0,3435.0,0.0,0.0,0.0,0.0,0.0,3435.0,1.0,36.0,3435.0
1.0,7.0,5.0,3.0,2.0,1.0,3769.0,4809.0,0.0,5791.0,5167.0,0.0,0.0,0.0,0.0,0.0,0.0,0.0,6.0,31.0,0.0
2.0,7.0,3.0,2.0,2.0,1.0,3769.0,1200.0,0.0,5741.0,5573.0,0.0,0.0,0.0,0.0,0.0,0.0,0.0,1.0,28.0,0.0
2.0,7.0,5.0,3.0,1.0,1.0,3750.0,1440.0,0.0,11041.0,10021.0,0.0,0.0,0.0,0.0,0.0,0.0,0.0,1.0,24.0,0.0
1.0,6.0,5.0,3.0,1.0,1.0,2700.0,1440.0,0.0,2734.0,2470.0,0.0,0.0,0.0,0.0,0.0,0.0,0.0,3.0,36.0,0.0
1.0,7.0,5.0,3.0,1.0,1.0,5350.0,1440.0,0.0,5410.0,4726.0,0.0,0.0,0.0,0.0,0.0,0.0,0.0,2.0,33.0,0.0
1.0,6.0,5.0,4.0,1.0,1.0,3696.0,1440.0,0.0,8134.0,7474.0,3000.0,0.0,0.0,0.0,0.0,0.0,3000.0,1.0,28.0,3000.0
1.0,7.0,1.0,4.0,1.0,1.0,10652.0,1440.0,0.0,14454.0,12066.0,10000.0,0.0,4720.0,0.0,720.0,0.0,0.0,2.0,33.0,15440.0
2.0,7.0,5.0,2.0,2.0,1.0,3769.0,1010.0,0.0,5294.0,5277.2,0.0,0.0,0.0,0.0,0.0,0.0,0.0,1.0,23.0,0.0
2.0,7.0,5.0,2.0,2.0,3.0,3769.0,3000.0,0.0,5807.0,5363.0,0.0,0.0,0.0,0.0,0.0,0.0,0.0,2.0,39.0,0.0
2.0,6.0,5.0,3.0,1.0,1.0,3720.0,1440.0,0.0,23308.0,20284.0,0.0,0.0,250.0,90000.0,0.0,0.0,0.0,2.0,23.0,90250.0
2.0,5.0,5.0,1.0,1.0,1.0,3750.0,1440.0,0.0,12104.0,11060.0,2400.0,4600.0,0.0,0.0,0.0,0.0,0.0,3.0,27.0,7000.0
2.0,7.0,5.0,2.0,1.0,1.0,3700.0,1440.0,0.0,14508.0,10632.0,0.0,0.0,92.0,0.0,0.0,0.0,0.0,1.0,31.0,92.0
1.0,6.0,5.0,1.0,8.0,1.0,3769.0,2618.0,0.0,18225.0,16017.0,0.0,0.0,0.0,0.0,0.0,0.0,0.0,3.0,25.0,0.0
2.0,7.0,5.0,1.0,2.0,1.0,3769.0,2640.0,0.0,18225.0,16017.0,0.0,0.0,0.0,0.0,0.0,0.0,0.0,3.0,26.0,0.0
1.0,7.0,5.0,2.0,1.0,1.0,5262.0,1440.0,0.0,7632.0,6852.0,0.0,0.0,0.0,0.0,0.0,0.0,0.0,1.0,39.0,0.0
2.0,7.0,5.0,3.0,9.0,1.0,4409.0,1440.0,0.0,4419.0,3663.0,0.0,0.0,0.0,0.0,0.0,0.0,0.0,1.0,27.0,0.0
1.0,6.0,1.0,3.0,1.0,1.0,5530.0,1440.0,0.0,5800.0,5188.0,0.0,0.0,0.0,0.0,0.0,0.0,0.0,2.0,31.0,0.0
1.0,5.0,5.0,3.0,2.0,2.0,3769.0,2898.0,0.0,6340.0,5656.0,9615.0,0.0,0.0,0.0,0.0,0.0,9615.0,1.0,24.0,9615.0
2.0,5.0,5.0,1.0,1.0,1.0,5560.0,1440.0,0.0,10794.0,9618.0,0.0,0.0,0.0,0.0,0.0,0.0,0.0,3.0,35.0,0.0
1.0,6.0,5.0,3.0,1.0,1.0,4800.0,1440.0,0.0,12710.0,11690.0,7000.0,0.0,2388.0,0.0,0.0,0.0,2000.0,1.0,32.0,9388.0
1.0,6.0,5.0,3.0,2.0,1.0,2082.0,1150.0,0.0,3382.0,3046.0,0.0,0.0,0.0,0.0,0.0,0.0,0.0,1.0,30.0,0.0
1.0,6.0,1.0,3.0,1.0,1.0,8006.0,1440.0,0.0,11416.0,9808.0,1000.0,0.0,0.0,0.0,0.0,0.0,0.0,3.0,35.0,1000.0
1.0,6.0,1.0,3.0,2.0,3.0,3769.0,5400.0,0.0,9716.0,9020.0,1920.0,0.0,0.0,0.0,0.0,0.0,0.0,3.0,37.0,1920.0
1.0,6.0,5.0,3.0,2.0,1.0,3769.0,3372.0,0.0,7315.0,6463.0,270.0,0.0,0.0,0.0,0.0,0.0,0.0,3.0,28.0,270.0
2.0,6.0,5.0,3.0,3.0,1.0,3769.0,1560.0,0.0,5109.0,4963.8,9000.0,0.0,0.0,0.0,0.0,0.0,9000.0,2.0,24.0,9000.0
1.0,7.0,5.0,3.0,1.0,1.0,3920.0,1440.0,0.0,6440.0,5624.0,0.0,0.0,0.0,0.0,0.0,0.0,0.0,3.0,27.0,0.0
1.0,5.0,5.0,2.0,9.0,1.0,3769.0,30.0,0.0,5446.0,4726.0,0.0,0.0,0.0,0.0,0.0,0.0,0.0,1.0,25.0,0.0
2.0,5.0,5.0,1.0,2.0,1.0,3769.0,1146.0,0.0,8381.0,7733.0,0.0,0.0,0.0,0.0,0.0,0.0,0.0,1.0,22.0,0.0
1.0,6.0,1.0,3.0,2.0,1.0,3769.0,8340.0,0.0,9189.0,8781.0,0.0,0.0,0.0,0.0,0.0,0.0,0.0,3.0,39.0,0.0
2.0,6.0,5.0,2.0,1.0,1.0,2835.0,1440.0,0.0,2855.0,2579.0,360.0,0.0,0.0,0.0,0.0,0.0,0.0,2.0,35.0,360.0
1.0,5.0,5.0,3.0,1.0,1.0,2830.0,1440.0,0.0,8053.0,7465.0,0.0,0.0,0.0,6000.0,0.0,0.0,0.0,2.0,27.0,6000.0
2.0,7.0,5.0,1.0,1.0,1.0,3168.0,1440.0,0.0,3972.0,3696.0,0.0,0.0,0.0,0.0,0.0,0.0,0.0,3.0,25.0,0.0
1.0,5.0,5.0,2.0,1.0,1.0,3720.0,1440.0,0.0,6500.0,5732.0,2350.0,0.0,0.0,0.0,0.0,0.0,1350.0,3.0,33.0,2350.0
2.0,7.0,5.0,2.0,1.0,1.0,5318.0,1440.0,0.0,5522.0,4874.0,22282.0,0.0,0.0,0.0,0.0,5500.0,22282.0,1.0,30.0,27782.0
1.0,6.0,5.0,2.0,9.0,1.0,3769.0,300.0,0.0,15374.0,13994.0,3800.0,0.0,2700.0,0.0,0.0,0.0,3800.0,1.0,25.0,6500.0
1.0,7.0,5.0,3.0,1.0,1.0,4030.0,1440.0,0.0,23420.0,18680.0,0.0,0.0,0.0,0.0,0.0,0.0,0.0,2.0,26.0,0.0
2.0,7.0,5.0,1.0,2.0,2.0,3769.0,3360.0,0.0,8910.0,7494.0,4480.0,0.0,0.0,0.0,0.0,0.0,0.0,1.0,27.0,4480.0
1.0,6.0,5.0,4.0,2.0,1.0,3769.0,2400.0,0.0,21598.0,20878.0,10000.0,0.0,0.0,0.0,0.0,0.0,10000.0,1.0,31.0,10000.0
2.0,6.0,5.0,3.0,2.0,1.0,3769.0,3300.0,0.0,9700.0,9280.0,0.0,0.0,0.0,0.0,0.0,0.0,0.0,3.0,29.0,0.0
2.0,7.0,5.0,5.0,9.0,1.0,3769.0,380.0,0.0,1503.0,1503.0,0.0,0.0,0.0,0.0,0.0,0.0,0.0,5.0,22.0,0.0
1.0,6.0,5.0,1.0,3.0,1.0,3769.0,3552.0,0.0,8317.0,7705.0,0.0,0.0,0.0,0.0,0.0,0.0,0.0,1.0,35.0,0.0
1.0,7.0,5.0,2.0,2.0,1.0,3769.0,3280.0,0.0,8244.0,7656.0,0.0,0.0,0.0,0.0,0.0,0.0,0.0,3.0,29.0,0.0
2.0,5.0,5.0,3.0,9.0,1.0,2723.0,1440.0,0.0,2863.0,2551.0,7958.0,0.0,0.0,0.0,0.0,0.0,5700.0,2.0,28.0,7958.0
1.0,6.0,5.0,2.0,9.0,1.0,3769.0,180.0,0.0,18736.0,15328.0,34000.0,0.0,0.0,1800.0,0.0,0.0,10000.0,1.0,24.0,35800.0
2.0,7.0,5.0,2.0,2.0,1.0,3769.0,3300.0,0.0,9098.0,7574.0,0.0,0.0,0.0,0.0,0.0,0.0,0.0,1.0,25.0,0.0
2.0,6.0,5.0,2.0,1.0,1.0,1226.0,1440.0,0.0,3681.0,3597.0,0.0,0.0,0.0,0.0,0.0,0.0,0.0,3.0,31.0,0.0
2.0,7.0,5.0,3.0,1.0,1.0,4091.0,1440.0,0.0,4665.0,4017.0,4000.0,0.0,110.0,0.0,0.0,0.0,4000.0,2.0,31.0,4110.0
1.0,7.0,5.0,2.0,9.0,1.0,3769.0,360.0,0.0,17516.0,14900.0,3778.0,0.0,0.0,19000.0,0.0,0.0,0.0,1.0,23.0,22778.0
2.0,7.0,5.0,3.0,1.0,1.0,4560.0,780.0,0.0,5390.0,4766.0,10200.0,0.0,0.0,0.0,0.0,0.0,10200.0,1.0,37.0,10200.0
2.0,7.0,5.0,3.0,1.0,1.0,4632.0,1440.0,0.0,15769.0,13945.0,0.0,0.0,0.0,8000.0,0.0,0.0,0.0,1.0,29.0,8000.0
2.0,5.0,5.0,3.0,3.0,1.0,3769.0,646.0,0.0,9698.0,9158.0,20000.0,0.0,0.0,1000.0,0.0,0.0,0.0,4.0,20.0,21000.0
2.0,6.0,5.0,1.0,2.0,1.0,3769.0,1200.0,0.0,10158.0,9210.0,3000.0,0.0,0.0,0.0,0.0,2572.0,0.0,3.0,27.0,5572.0
2.0,6.0,5.0,3.0,2.0,1.0,3769.0,1240.5135599448458,0.0,10036.995141481779,9418.363384941724,11668.223301892938,0.0,0.0,0.0,0.0,0.0,11475.78828973297,1.0,29.22367681083106,11668.223301892938
2.0,7.089375996459696,4.642496014161216,2.910624003540304,2.0,1.0,3769.0,556.6271922113312,0.0,5675.664381755447,5079.084286095316,8218.549760849673,0.0,0.0,0.0,0.0,0.0,16.177055359204985,2.821248007080608,24.16188795397605,8218.549760849673
2.0,6.249522542086503,2.5009549158269957,2.249522542086502,2.0,1.375238728956749,3769.0,975.0859424244296,0.0,10239.977082020152,9353.462758282747,30000.0,0.0,0.0,0.0,0.0,0.0,30000.0,2.0,29.99809016834601,30000.0
1.0,7.664134142850165,3.6565365714006597,2.664134142850165,1.0,1.0,8898.038785843473,1440.0,0.0,10530.678531299523,8998.344238155745,12332.067071425083,0.0,0.0,0.0,0.0,0.0,12332.067071425083,2.0,31.007597571449505,12332.067071425083
1.8251073314226598,7.0,5.0,1.3497853371546804,2.17489266857734,1.0,3769.0,343.78540292651826,0.0,11443.780077462783,10915.780077462783,2964.4602133802982,0.0,0.0,0.0,0.0,0.0,2062.7683285566495,2.6502146628453196,25.47532199426798,2964.4602133802982
1.6369407878049094,7.0,5.0,1.726118424390181,1.6369407878049094,1.0,4586.246286651149,1024.077665563394,0.0,4668.66648385603,4285.5055744814235,18573.246709024417,0.0,0.0,0.0,0.0,0.0,18573.246709024417,2.0,28.541414485365635,18573.246709024417
1.9657718891794709,7.0,5.0,2.0,2.9657718891794707,1.0,3769.0,267.5355760209219,0.0,706.7863141196453,483.46871967989375,1892.4158992154287,0.0,0.0,0.0,0.0,0.0,1738.3894005230475,2.9315437783589418,29.308052997384763,1892.4158992154287
1.1693454934347502,6.830654506565249,1.0,3.0,1.0,1.0,3803.8949463489994,1440.0,0.0,7823.0,6959.0,6000.0,0.0,0.0,0.0,0.0,0.0,6000.0,2.0,34.0,6000.0
1.3451921448812756,7.654807855118724,3.6192314204748977,2.654807855118724,3.416345014168929,1.0,2037.1461655685482,772.0959877789011,65.48078551187244,4119.038928294196,3598.3428389212113,12222.65950564998,0.0,0.0,0.0,0.0,0.0,10264.784018844994,1.0,33.654807855118726,12222.65950564998
1.2261654767986596,6.22616547679866,1.904661907194639,3.0,3.5831583375906177,1.0,3769.0,1475.1039477287816,0.0,4924.44246124523,4607.306803927216,13839.24821519799,0.0,0.0,0.0,0.0,0.0,13386.91726160067,1.7738345232013404,32.381352371221446,13839.24821519799
2.0,6.362757894665945,3.5489684213362183,3.0,1.6372421053340545,1.0,3405.153831650057,1554.7035789601298,0.0,8232.191431550376,7270.188821038523,23973.878316029106,0.0,0.0,0.0,0.0,0.0,15694.562526023696,1.0,28.9903368413254,23973.878316029106
1.1389319800252784,7.0,1.0,3.0,1.8610680199747216,1.0,4192.881471057124,1104.1834722098586,0.0,33732.0,32664.0,21600.0,0.0,200.0,0.0,0.0,0.0,16600.0,1.0,36.0,21800.0
1.0,6.780489474919041,1.0,2.219510525080959,2.0,1.0,3769.0,2823.733733076797,0.0,5655.782475153659,5075.976895687661,12462.729487832594,0.0,0.0,0.0,0.0,0.0,12462.729487832594,1.2195105250809588,32.097552625404795,12462.729487832594
1.0254527348011302,6.02545273480113,5.0,2.97454726519887,1.0254527348011302,1.0,4773.758230420035,1433.8913436477287,0.0,12676.046051775293,11647.493932882113,6967.496857658957,0.0,2335.6182717792744,229.07461321017036,0.0,0.0,2094.7605316646072,1.0,31.79637812159096,9532.189742648403
1.2202412252119692,6.22024122521197,5.0,1.4404824504239384,9.0,1.0,3769.0,117.61929801695754,0.0,9886.7221146083,8863.431066847104,13366.502531052502,0.0,0.0,123919.50670327933,0.0,0.0,5458.311423516216,1.2202412252119692,21.779758774788032,137286.00923433184
2.0,5.228475851840794,5.0,2.0,9.0,1.0,3769.0,127.36750992547255,0.0,6373.187246520349,5833.167175406916,367.1356888880595,0.0,0.0,0.0,0.0,0.0,0.0,2.771524148159206,19.456951703681586,367.1356888880595
1.5657766199665604,6.43422338003344,5.0,3.0,4.473787040267516,1.0,3428.968251400097,873.3384890563615,0.0,12658.105665935278,11421.796971713737,283.98209054186947,0.0,0.0,0.0,0.0,0.0,283.98209054186947,1.0,23.960436339765923,283.98209054186947
1.0146326877582652,6.985367312241735,5.0,3.0,3.087796126549592,1.0,3769.0,950.6350798347102,0.0,19949.262491350983,16473.592570889206,9423.412300413225,0.0,0.0,0.0,0.0,0.0,9394.146924896693,1.0,22.97073462448347,9423.412300413225
1.0,5.528934547306186,5.0,1.9421309053876288,2.0578690946123714,1.0,2300.2179185006867,2557.109763910664,0.0,8260.472145676742,7558.02757875953,0.0,0.0,0.0,0.0,0.0,0.0,0.0,1.0,31.7025418311433,0.0
1.8178928611784166,7.0,5.0,3.0,4.092642832929499,1.0,3769.0,453.6212094188294,214.70431667064665,9145.342815371196,8254.007673385735,8658.068996497133,0.0,0.0,0.0,0.0,0.0,8239.222577207493,1.0,20.364214277643168,8658.068996497133
1.484778367150346,5.0,5.0,2.0,5.393448570052423,1.0,3769.0,224.65087799987833,0.0,6211.094006454335,5802.391134686014,169.67242850262116,515.2216328496538,0.0,0.0,0.0,0.0,0.0,3.0,25.182659594195847,684.894061352275
1.4875423441180784,6.487542344118078,2.9501693764723136,2.5124576558819216,5.412796408826549,1.0,3769.0,1105.220469261082,0.0,4363.780953632032,4082.528412984947,12768.686483822883,0.0,0.0,4387.8810970627055,0.0,0.0,12768.686483822883,1.5124576558819216,29.66194952646498,17156.56758088559
1.0,7.0,5.0,3.0,4.549878334628007,1.7416869442286655,3769.0,905.9854001553608,199.41767905547022,15751.777368006864,13301.198294450847,3000.0,0.0,0.0,0.0,0.0,0.0,3000.0,1.2583130557713345,24.48337388845733,3000.0
2.0,7.0,5.0,2.6988458531609045,4.806924881034574,1.0,3769.0,223.76075900747074,0.0,8795.50684670287,7947.120696464939,8239.501662984183,0.0,0.0,0.0,0.0,0.0,8149.155418932453,1.0,20.0,8239.501662984183
2.0,7.0,3.389799825612078,3.0,5.779599651224156,1.0,2158.990844294532,1440.0,0.0,8662.857937313278,7821.786919002547,20135.191122943485,0.0,0.0,0.0,0.0,0.0,15141.566231935936,1.5974499564030196,31.817850305178865,20135.191122943485
2.0,7.0,5.0,2.563953785011827,1.7819768925059134,1.0,3612.2413857117517,509.44749791796295,0.0,8403.866545155608,7730.052527593054,10665.430192808415,0.0,0.0,0.0,0.0,0.0,2602.929555032987,1.0,24.142439042387643,10665.430192808415
1.0,6.709891664461341,5.0,3.0,9.0,1.0,3769.0,508.39566657845364,0.0,3802.0,3538.0,9660.0,0.0,0.0,0.0,0.0,0.0,0.0,1.0,24.419783328922684,9660.0
1.0,7.0,1.0,3.1565921308934364,1.0,1.0,7084.051389948761,1440.0,0.0,11315.859100116253,9793.012839111301,13259.528830542953,0.0,0.0,0.0,0.0,0.0,13259.528830542953,1.4217039345532818,31.265111803659845,13259.528830542953
1.0,7.0,5.0,1.2645524222506608,8.603171366624009,1.0,3769.0,242.54117135295593,0.0,5105.6206594212435,4719.525110617148,7102.646339833256,0.0,0.0,0.0,0.0,0.0,6705.817706457266,1.0,24.396828633375993,7102.646339833256
1.9005723012363855,6.9005723012363855,4.602289204945542,3.0,1.9005723012363855,1.0,4067.581379387134,791.5879431098024,0.0,10436.434948939654,9006.898435812658,34847.996945672654,0.0,0.0,0.0,0.0,0.0,21864.504242115756,1.0994276987636145,24.292560083926986,34847.996945672654
1.6912218576096545,7.0,5.0,1.6175562847806912,4.161446996732419,1.0,3769.0,262.87604365778606,0.0,12121.396153520167,11471.12000913359,1952.8058704485406,0.0,0.0,0.0,0.0,0.0,1929.995549147422,2.382443715219309,24.147331145657926,1952.8058704485406
2.0,6.366367712890963,3.7327354257819256,2.3168161435545187,6.78228699511837,1.0,3769.0,884.533632363055,0.0,7885.6145739522635,7134.839686069423,19972.67264574218,0.0,0.0,0.0,0.0,0.0,19972.67264574218,1.0,25.950448430663556,19972.67264574218
1.822583875911674,7.0,5.0,1.3548322481766522,3.2419128686182823,1.0,3769.0,287.1780170436597,0.0,11905.962443504855,11307.705658365878,2199.635102838035,0.0,0.0,0.0,0.0,0.0,2172.48983493295,2.645167751823348,24.935503255470046,2199.635102838035
2.0,7.0,5.0,3.0,9.0,1.0,3769.0,1105.1490111249714,0.0,19798.18743626876,17981.914280591238,1588.9850359652432,0.0,0.0,0.0,0.0,0.0,1588.9850359652432,1.529661678655081,23.118646714620326,1588.9850359652432
2.0,5.1849455715975425,1.0,3.0,2.0,1.0,3769.0,1999.7412173253463,0.0,7627.0637680472355,6971.089646314701,20055.483671479262,0.0,0.0,0.0,0.0,0.0,20055.483671479262,1.0,27.630108856804913,20055.483671479262
2.0,7.0,5.0,3.0,9.0,1.0,3769.0,245.43912669246868,0.0,6394.25370720292,5823.910042834901,2490.4537675550287,0.0,0.0,0.0,0.0,4858.481506013464,7348.935273568493,1.4980907535110057,20.996181507022012,7348.935273568493
2.0,6.93282460008429,1.2687015996628404,3.06717539991571,9.0,1.0,3769.0,236.6686337665369,0.0,5328.58018201433,4902.07265615238,2932.82460008429,0.0,602.6227347189131,0.0,0.0,0.0,0.0,4.93282460008429,30.59694760050574,3535.447334803203
1.4052480880276887,5.810496176055377,5.0,2.0,4.8367366161938214,1.0,3769.0,274.3439889965389,0.0,6046.099141017578,5835.277003355572,202.62404401384438,594.7519119723113,0.0,0.0,0.0,0.0,0.0,2.1895038239446225,27.758015295778492,797.3759559861556
1.5025351060201095,7.0,5.0,3.0,3.0,1.4974648939798905,3769.0,605.421995827415,0.0,15457.074300838489,13996.724853507445,3000.0,0.0,0.0,0.0,0.0,0.0,3000.0,1.0,22.989859575919564,3000.0
2.0,6.440405163264591,1.0,2.2797974183677043,6.321215489793775,1.0,2487.7596072761457,1479.1716385714785,0.0,6126.06764252043,5436.722006071566,12738.42611328581,0.0,0.0,0.0,0.0,0.0,12738.42611328581,1.0,33.27979741836771,12738.42611328581
1.8934212698713258,5.0,5.0,2.0,9.0,1.0,3769.0,108.62107174867666,0.0,6308.151525425829,5706.0831330488445,312.69744445496394,0.0,0.0,0.0,0.0,0.0,0.0,2.7868425397426515,19.639472380772045,312.69744445496394
1.859981461339551,5.140018538660449,5.0,3.0,1.859981461339551,1.0,3468.100160418695,1688.969411210259,0.0,10532.548141686562,9921.50191269665,28658.354765668504,0.0,0.0,0.0,0.0,0.0,8498.465997631198,1.0,22.980129770623144,28658.354765668504
1.7363161973653836,7.0,5.0,2.7363161973653836,2.2636838026346164,1.0,3769.0,828.3740428828273,0.0,10586.358832342961,9367.31631103027,35159.20950658654,0.0,158.21028158076987,0.0,0.0,0.0,23574.491841900617,1.0,22.20894859209615,35317.41978816731
2.0,6.266498393370882,2.065993573483529,2.733501606629118,3.8654887535961757,1.0,3769.0,1813.703534584059,0.0,5771.421569423396,5148.97512599376,3733.5016066291178,0.0,704.161542363953,0.0,0.0,0.0,0.0,5.200504819887353,28.802019279549413,4437.6631489930705
2.0,6.267815421540938,5.0,1.2678154215409376,9.0,1.0,3769.0,249.2835869181091,0.0,8786.307534114569,7835.714076688183,4315.975469544157,0.0,0.0,0.0,0.0,0.0,0.0,3.9287383138362495,20.874707950786565,4315.975469544157
1.0,7.0,5.0,3.0,4.504383963369587,1.0,3769.0,839.6492829304331,0.0,19706.569755017154,16304.832792819328,9550.438396336958,0.0,0.0,0.0,0.0,0.0,9550.438396336958,1.0,23.250730660561597,9550.438396336958
2.0,7.0,5.0,3.0,5.201411619855315,1.0,3769.0,509.6112929588425,0.0,18197.459134130193,17638.37771019804,1899.2941900723426,0.0,0.0,0.0,0.0,0.0,1899.2941900723426,1.0,21.0,1899.2941900723426
1.5057261498617285,5.988547700276543,1.0,2.5057261498617285,3.528630749308643,1.0,4056.1731069303355,1440.0,0.0,8584.221613915111,7547.549075627941,16022.904599446914,0.0,0.0,0.0,0.0,0.0,606.8713798340743,2.0,32.97709540055308,16022.904599446914
1.4267056218205993,5.0,3.2931775127176026,3.0,6.013060647255805,1.0,3769.0,1193.1986579109891,0.0,7616.564702902938,7257.696856910965,6462.771952289168,0.0,682.7289949129589,0.0,0.0,0.0,4701.3782384672395,2.1465887563588013,31.306238159973407,7145.5009472021275
1.8381069631782958,6.161893036821704,5.0,3.0,2.2951442945736336,1.0,3265.297715129844,1228.7295869476761,0.0,12370.797153846897,10984.162110172478,105.87804608139459,0.0,0.0,0.0,0.0,0.0,105.87804608139459,1.0,25.86674874224807,105.87804608139459
1.5956184984509756,7.0,1.0,4.191236996901951,1.0,1.0,2876.791327400988,1440.0,0.0,7577.009560139747,6834.515733823746,6595.6184984509755,0.0,0.0,0.0,0.0,0.0,6595.6184984509755,1.4043815015490244,34.595618498450975,6595.6184984509755
1.7709113770642704,7.0,5.0,3.0,3.0,1.0,3769.0,589.9625390091502,0.0,19940.0,16448.0,9400.0,0.0,0.0,0.0,0.0,0.0,9400.0,1.0,20.687265868807188,9400.0
1.4220360595506873,6.577963940449313,3.3118557617972506,2.0,5.623711523594501,1.0,3820.9104353247344,1162.57730858433,0.0,9293.631469065027,8445.69848762678,18427.709344062143,2889.8197022465633,40.45747583145189,577.9639404493126,0.0,0.0,14402.54817333229,1.0,30.532216357304122,21935.95046258947
1.6461286234387504,6.292257246877501,5.0,1.3538713765612496,9.0,1.0,3769.0,218.76771740632503,0.0,8544.05669570024,7686.840617171401,778.5170284347488,2584.514493755002,53.08070648418742,0.0,0.0,0.0,3363.031522189751,1.0,23.2922572468775,3416.1122286739383
1.9586271773132204,6.917254354626441,5.0,2.917254354626441,2.2896097588074564,1.0,3651.70804768298,1353.72355404181,0.0,6317.3497844993935,6252.554299909395,10783.450870925288,0.0,0.0,0.0,0.0,0.0,10766.901741850575,1.0,24.455101049554575,10783.450870925288
1.0,6.0,5.0,1.8156290793210368,2.184370920678963,1.0,3769.0,3697.1819761191446,0.0,7367.6077516703135,6628.369615296231,0.0,0.0,693.2847174228813,0.0,0.0,0.0,0.0,1.0,37.44688723796311,693.2847174228813
1.0,7.0,1.0,2.1806739211552157,1.0,1.0,7516.871115967662,1440.0,0.0,11762.341681071488,10157.518290448526,12196.75390013803,0.0,0.0,0.0,0.0,0.0,12196.75390013803,1.9096630394223921,32.72898911826718,12196.75390013803
1.2290140744645215,7.0,1.916056297858086,3.0,2.832112595716172,1.0,3792.9005636916,1139.991562451477,0.0,7510.624802430393,6734.566207024769,5770.985925535479,0.0,0.0,0.0,0.0,0.0,5770.985925535479,2.0,31.25183110642574,5770.985925535479
1.9317502946459084,6.068249705354091,4.727001178583634,2.9317502946459086,1.9317502946459084,1.0,4030.2598720954625,1467.9525088393773,0.0,11075.37425662248,10293.949521803797,11487.53733794475,0.0,0.0,0.0,0.0,0.0,10881.89964642491,1.0682497053540916,25.54599764283273,11487.53733794475
1.0,5.837078990703029,5.0,1.3258420185939412,2.6741579814060588,1.0,3261.0122930120456,3207.9108283647984,0.0,8297.449478884364,7654.168645099345,0.0,0.0,0.0,0.0,0.0,0.0,0.0,1.0,33.859552934921204,0.0
2.0,7.0,2.748773585428974,3.0,5.623160378143461,1.0,3769.0,452.20216983173,0.0,22489.802735826554,22114.72915095229,0.0,0.0,0.0,0.0,0.0,0.0,0.0,1.0,31.130518865569616,0.0
1.084486322708086,5.168972645416172,5.0,2.084486322708086,9.0,1.0,3769.0,177.46541031875742,0.0,8495.192827210196,8242.200175000951,2186.989106302955,0.0,137.3270515937871,0.0,0.0,0.0,2014.130090042211,1.0,22.253458968124257,2324.316157896742
1.7215328611219056,7.0,5.0,2.4430657222438112,6.1138685555123775,1.0,1958.6740514451387,1044.576662793106,0.0,9533.699378525705,8638.854112851397,50620.07280541523,0.0,0.0,0.0,0.0,0.0,49177.00708317142,1.0,31.227737111024755,50620.07280541523
1.6104046670079577,7.0,5.0,1.3895953329920423,2.0,1.0,2996.43245467678,468.0462265369761,0.0,11897.846211752223,11224.916747879182,3104.536353499326,0.0,58.439299948806365,0.0,0.0,0.0,3084.3929994880637,2.6104046670079577,27.947976664960212,3162.9756534481326
2.0,5.101386405884469,4.797227188231062,1.1013864058844687,2.3548524205956403,1.9493067970577656,3769.0,1191.38215549982,0.0,10111.665562433867,9182.799014951413,30091.095685687196,0.0,0.0,0.0,0.0,0.0,30091.095685687196,1.9493067970577656,25.35485242059564,30091.095685687196
2.0,6.603350626947946,3.413402507791783,3.603350626947946,6.22345438863562,1.0,3769.0,1250.6170556641634,0.0,4252.561845951878,3918.5722221206456,5267.036316590686,0.0,380.7833981299721,0.0,0.0,0.0,0.0,2.9832468652602713,25.363143103572597,5647.819714720658
1.9540869365396332,7.045913063460367,1.0,3.0,1.0,1.0,7826.606957221113,1440.0,0.0,18331.0,16015.0,30500.0,0.0,320.0,3000.0,0.0,0.0,14500.0,2.0,36.04591306346037,33820.0
2.0,7.0,5.0,2.864998722578793,3.810007664527242,1.0,3769.0,229.40995656767896,0.0,8837.709675535014,7987.329690864068,8383.223895030656,0.0,0.0,0.0,0.0,0.0,8342.723511804294,1.0,20.0,8383.223895030656
2.0,6.483754941932412,1.0,3.0,5.38628459352689,1.0,3769.0,832.3282601308903,0.0,6099.816563195144,5482.834428280343,2548.094349209424,0.0,0.0,0.0,0.0,0.0,2064.339407277011,1.5162450580675872,33.8700395354593,2548.094349209424
1.730088777607805,7.0,5.0,3.0,9.0,1.0,3769.0,1561.9248258605035,208.37146368677446,17494.0,14278.0,3000.0,0.0,0.0,0.0,0.0,0.0,3000.0,2.0,24.46017755521561,3000.0
2.0,7.0,2.8406288843672263,2.539842778908193,4.6812577687344525,1.0,5416.060318448898,1005.6115832893346,0.0,37763.43741398532,34359.679359723305,15802.019014243237,0.0,107.96855578163868,460.1572210918066,0.0,0.0,12734.679342828826,1.0,29.097641683622903,16370.144791116683
1.8379861221084153,6.837986122108416,5.0,1.3240277557831692,2.296111023132677,1.0,4260.897853677639,1284.4666772240787,0.0,5462.888494018879,4846.934322733345,11331.782313606289,0.0,0.0,837.9861221084154,0.0,0.0,0.0,2.6759722442168306,25.513958366325244,12169.768435714705
2.0,6.683059320620087,1.6338813587598264,3.0,7.890707622170304,1.0,3769.0,1294.6454672822276,0.0,9609.138545839547,8438.908663813469,32119.17020058968,0.0,0.0,0.0,0.0,0.0,31512.228799577148,1.0,31.366118641240174,32119.17020058968
1.1535921506854427,6.1535921506854425,4.385631397258229,3.0,5.2320392465727865,1.0,3761.4739846164134,1440.0,0.0,12358.026794248999,11129.636964440326,45924.8549452019,0.0,0.0,153.5921506854428,0.0,0.0,44232.039246572785,1.0,37.30718430137089,46078.44709588734
1.9552363127234789,6.910472625446958,5.0,2.955236312723479,8.686654189064352,1.0,3769.0,576.258586693982,0.0,22864.630209145427,22576.28542688678,24.709555376639628,0.0,0.0,0.0,0.0,0.0,24.709555376639628,1.0,21.089527374553043,24.709555376639628
1.8453278591167637,6.690655718233527,5.0,2.0,7.917295013817347,1.0,3769.0,219.33401761040452,0.0,6071.183687969656,5892.047293826063,422.6639295583819,154.6721408832362,0.0,0.0,0.0,0.0,0.0,1.3093442817664724,24.23737712706589,577.3360704416181
1.6233325509049907,6.130002347285028,5.0,3.493330203619963,2.8833372454750466,1.0,3177.4574091911636,1440.0,0.0,6219.298615101834,5635.3791221154,14376.66744909501,0.0,56.500117364251395,0.0,0.0,0.0,14376.66744909501,1.3766674490950093,30.390007041855085,14433.16756645926
1.4742373087003697,6.47423730870037,1.0,3.0,4.793898469602957,1.0,5347.86536197279,870.9152295595565,0.0,7986.888737017224,7240.541625036144,35154.57614779778,0.0,0.0,0.0,0.0,0.0,14319.661160902588,2.0,34.103050765198525,35154.57614779778
2.0,7.0,5.0,3.3112325359115333,6.244930143646134,1.0,3848.5526421022178,889.2823349171559,0.0,15948.975244920035,13854.830245903391,31377.534928176934,0.0,0.0,619.8907176796198,0.0,0.0,6721.918660221167,1.0,24.0663023922654,31997.425645856554
2.0,5.703080322268438,5.0,3.0,6.539218872060468,1.0,3769.0,552.3943981950891,0.0,3932.3807186329796,3846.579003008088,10281.232128907375,0.0,0.0,0.0,0.0,0.0,12226.61164550472,1.6484598388657812,22.05462048340266,10281.232128907375
2.0,7.174412898786495,1.0,2.4127935506067524,4.3488257975729905,1.0,3769.0,2034.4227128737234,0.0,14015.589695446282,11524.063302051978,21298.25096396852,0.0,0.0,0.0,0.0,0.0,21298.25096396852,1.0,32.45927094332573,21298.25096396852
1.0,6.0,5.0,1.704925549688953,2.2950744503110467,1.0,3769.0,3677.476747844634,0.0,7496.466660162058,6774.498274410582,0.0,0.0,599.1867172356101,0.0,0.0,0.0,0.0,1.0,37.11477664906686,599.1867172356101
1.4017139417318454,6.598286058268155,3.3931442330726185,1.8034278834636908,6.188002407877082,1.0,3769.0,1053.8563688966522,0.0,4903.681256445087,3805.6330252888865,4478.628846614523,0.0,385.64538406257157,0.0,0.0,0.0,0.0,4.205141825195536,25.4188533590503,4864.274230677095
2.0,6.540318487238869,5.0,1.9193630255222622,1.5403184872388689,1.0,3739.5803831832877,834.8432942924669,0.0,10542.56303072828,9678.076163387133,2747.6712664594484,0.0,0.0,0.0,0.0,0.0,2729.8407563805654,3.0,27.838726051044524,2747.6712664594484
1.0,5.075933410369622,5.0,3.0,8.392532717043023,1.0,3847.2873460910805,1772.663972266936,0.0,12466.04642033758,11756.532794453387,10696.266358521512,0.0,1693.1019245979558,0.0,0.0,0.0,151.8668207392442,2.848133179260756,31.075933410369622,12389.368283119467
1.9222346559210428,7.0,4.688938623684171,3.0,8.377877247368342,1.0,3771.410725666448,443.98657160527364,0.0,6446.103658709883,5770.239528517775,466.5920644737425,0.0,0.0,0.0,0.0,8927.231469315695,9393.823533789438,1.0777653440789572,21.088714817105398,9393.823533789438
2.0,6.995321218748444,1.009357562503113,3.0,8.983624265619552,1.0,3769.0,210.63163546896013,0.0,5343.743025001245,4899.743025001245,3000.0,0.0,536.7414078433313,0.0,0.0,0.0,0.0,4.992981828122665,30.976606093742216,3536.741407843331
2.0,7.0,1.0,3.0,8.773895717449605,1.0,3769.0,1023.8628837593465,0.0,8878.642083428967,7863.680978868661,31738.955800608135,0.0,0.0,0.0,0.0,0.0,31738.955800608135,1.0323006117929134,32.03230061179291,31738.955800608135
1.0052538185583848,6.005253818558385,1.0210152742335397,1.0105076371167698,1.0420305484670793,1.0,4930.8635399238065,1432.9598831317642,0.0,7586.508124338905,6819.705994970217,16175.78998646399,0.0,218.8441599171553,0.0,0.0,0.0,13181.043805022375,1.0,32.931700358741,16394.634146381144
2.0,7.103093746013744,1.0,1.1030937460137449,1.5154687300687244,1.0,10430.322748355917,1440.0,0.0,21698.9649545532,17333.192451683095,26484.531269931274,0.0,0.0,0.0,0.0,0.0,26484.531269931274,1.8969062539862551,33.41237498405498,26484.531269931274
1.314596556809411,6.314596556809411,5.0,3.0,1.685403443190589,1.0,3387.3943765901845,2344.7325450115777,0.0,14445.252973492825,13640.31734181806,73145.9655680941,0.0,0.0,1370.8068863811782,0.0,0.0,10281.051647858836,1.6291931136188218,27.94378967042823,74516.77245447529
2.0,6.807430251816761,5.0,3.8074302518167613,1.8074302518167613,1.0,3756.6755361162727,438.78648774721614,0.0,8531.089865810412,7464.873126246435,2192.5697481832385,0.0,0.0,0.0,0.0,0.0,2192.5697481832385,1.3851394963664776,25.155418489099432,2192.5697481832385
1.0,7.0,5.0,3.0,8.734691500348823,1.0,3769.0,1415.7432228890352,742.7402626098989,17410.314118967173,14297.557026545715,3069.1697159804853,0.0,0.0,0.0,0.0,0.0,2930.8302840195147,1.9620987857641177,23.075802428471764,3069.1697159804853
1.209986441208144,6.209986441208144,5.0,2.419972882416288,9.0,1.0,3769.0,268.19430530742045,0.0,17843.34763842418,14856.1604666053,33160.05423516742,0.0,0.0,1422.0244058253409,0.0,0.0,8950.06779395928,1.0,23.58002711758371,34582.07864099277
2.0,6.0,5.0,3.0,2.0,1.0,3769.0,1386.451262760323,74.26554421304627,11019.0,10299.0,11450.0,0.0,0.0,0.0,0.0,0.0,10800.0,1.0,25.0,11450.0
2.0,6.52130066741357,3.0852026696542776,2.4786993325864306,5.649104671894985,1.0,3769.0,642.7968826424483,0.0,5664.983322472789,5250.7277144638265,2521.3006674135695,0.0,0.0,0.0,0.0,0.0,957.3986651728612,2.5213006674135694,24.786993325864305,2521.3006674135695
1.0,6.173410423724367,1.3468208474487344,3.739884364413449,1.433526059310918,1.0,4641.196522671615,1440.0,0.0,6197.3410291551745,5743.35259271383,14786.289019575752,0.0,13.005781779327542,0.0,0.0,0.0,14786.289019575752,1.0867052118621836,34.17341042372437,14799.294801355078
1.0418292069960695,7.0,5.0,3.083658413992139,8.707195551027514,1.0,3769.0,413.8044878926221,0.0,11759.283225505053,10904.633038240685,16571.10254552565,0.0,0.0,1350.1950483952835,0.0,418.2920699606966,0.0,1.209146034980348,32.83268317201572,18339.589663881627
1.2416075860543185,5.483215172108637,4.033569655782726,3.0,1.0,1.0,4823.911166494967,1440.0,0.0,26392.278217833693,22967.194595290515,26453.71144925236,0.0,48.3215172108637,0.0,0.0,0.0,25245.67351898077,1.0,26.899291032651824,26502.032966463226
1.6389493853342618,7.0,5.0,2.0,1.3610506146657382,1.0,2328.468028148788,1172.8225451473538,0.0,12341.0,11441.0,4000.0,0.0,150.0,0.0,0.0,0.0,4000.0,2.0,29.083151843997214,4150.0
1.75903584553885,7.0,1.9638566178446006,3.0,1.4819283089223003,1.0,6312.529118400686,1324.3372058586478,0.0,17883.01285858972,15010.386108549419,8337.34981624561,0.0,0.0,0.0,0.0,3795.179227694249,11373.493198401009,1.0,33.6265018375439,12132.52904393986
2.0,7.0,3.8964133170925543,3.0,1.7241033292731385,1.0,3192.6518548515864,918.6456029233402,0.0,10302.318530247585,8976.54577263498,35465.638347544016,0.0,0.0,0.0,0.0,0.0,19735.58256435114,1.2758966707268615,26.310760048722337,35465.638347544016
2.0,5.725536840421026,2.4510736808420526,2.637231579789487,4.539378941473592,1.0,3769.0,1313.8903169179125,0.0,7666.770831003781,6969.825736408415,19985.48926319158,0.0,0.0,0.0,0.0,0.0,19985.48926319158,1.0,26.91169473936846,19985.48926319158
2.0,6.0,1.0,3.0,1.0,1.0,2765.715104410373,1440.0,0.0,7511.233094892041,6632.556230805646,0.0,0.0,0.0,0.0,0.0,0.0,0.0,2.019423199820012,35.05826959946003,0.0
2.0,7.0,1.0,3.903363812636025,1.0,1.0,4089.574364117719,1440.0,0.0,11004.313228082898,9552.313228082898,14373.398370849958,0.0,0.0,0.0,0.0,0.0,14286.42580222238,1.0966361873639752,29.3865447494559,14373.398370849958
2.0,5.353335080882837,3.5866596764686536,3.0,1.6466649191171634,1.0,2680.7279508808633,1750.3991611762385,0.0,8391.143793460595,7848.343898313566,30766.67540441418,0.0,0.0,0.0,0.0,0.0,5173.3193529373075,1.7066701617656732,25.886685889711202,30766.67540441418
1.0,6.38635042291385,5.0,2.3863504229138495,6.852226480198473,1.0,3769.0,1292.7241014993238,0.0,7052.2799682432105,6626.005813917906,8421.884084246729,0.0,1935.4423890807416,0.0,0.0,0.0,7654.82211288904,1.0,29.238576903112325,10357.32647332747
2.0,6.94840419334129,4.7936167733651605,2.0,8.587233546730321,1.0,3775.3462842190215,188.10646478949718,0.0,8179.281945262768,7191.567047183341,25406.93581817853,0.0,379.361677336516,0.0,0.0,0.0,15166.138497441047,1.0,20.72234129322194,25786.297495515042
1.6699174645500392,6.330082535449961,5.0,3.0,9.0,1.0,3769.0,362.9107296084949,0.0,19743.832670949698,16797.45004969217,12789.707507209687,0.0,0.0,0.0,0.0,0.0,8034.508583808864,1.0,21.990247606349882,12789.707507209687
2.0,6.955834562289899,5.0,2.9116691245797997,9.0,1.0,3769.0,163.24963131303005,0.0,9308.851698619537,8140.65081377081,2048.3849336363455,0.0,0.0,0.0,0.0,0.0,0.0,1.0883308754202003,24.9558345622899,2048.3849336363455
2.0,7.0,1.0,5.0,1.0,1.0,1873.6730738705169,1440.0,0.0,7394.354022764857,6610.833149855836,7411.736243030069,0.0,0.0,0.0,0.0,0.0,7411.736243030069,1.0,33.7647912709098,7411.736243030069
1.9993534995658349,6.999353499565835,5.0,2.9987069991316697,1.0006465004341651,1.0,2556.784205026642,1441.5593590472063,0.0,23880.62046988731,22524.589437866474,80003.21957216214,0.0,0.0,39.371876440658525,0.0,0.0,0.0,2.9987069991316697,30.003232502170825,80042.5914486028
2.0,7.1116131628743595,3.2232263257487186,3.0,1.0,1.0,3872.5973482438167,1440.0,0.0,5106.487959034355,4308.967862445094,18655.295959514435,0.0,0.0,0.0,0.0,0.0,18655.295959514435,1.0,29.332580255688463,18655.295959514435
1.0,6.473210118081333,5.0,2.4732101180813335,5.312470826569333,1.0,3769.0,2646.348829593747,137.2309342435867,7447.336693446589,6685.015214863565,554.1290482732414,0.0,447.7713996308666,0.0,0.0,283.92607084880007,554.1290482732414,1.0,31.848268464942667,1285.826518752908
2.0,7.0,1.0,3.3128548565055875,1.0,1.0,4392.505458612633,1440.0,0.0,11458.414615347203,10006.414615347203,15567.407480145703,0.0,0.0,0.0,0.0,0.0,14948.97685100073,1.6871451434944125,31.748580573977648,15567.407480145703
1.1205225787864643,6.758954842427071,1.0,2.1205225787864643,2.0,1.0,3769.0,2908.0109060324385,0.0,5947.492212432975,5301.525089450852,12262.476637298927,0.0,0.0,0.0,0.0,0.0,12262.476637298927,1.0,31.361567736359394,12262.476637298927
2.0,6.462047342916563,5.0,2.0,1.7310236714582816,1.0,3648.2296284847685,974.0598840249565,0.0,11328.660166176658,9911.333563269145,6550.640162922868,403.46449281257765,241.23781158123293,11958.739613958902,0.0,0.0,5259.553785922619,1.5379526570834368,23.193071014374844,19154.08208127558
2.0,6.19259902778563,5.0,2.80740097221437,3.348193194499413,1.0,3769.0,1331.1014583215542,0.0,8099.0967338894225,7192.607227222003,25296.299513892816,0.0,77.03961111425217,0.0,0.0,0.0,14354.079222228504,1.0,24.037004861071846,25373.339125007067
1.0,5.230564042494569,5.0,2.1152820212472845,2.1152820212472845,1.0,3769.0,1253.3936661947757,0.0,32283.76652707895,30738.27489351926,1641.1845367443427,0.0,0.0,391.9588722407669,0.0,0.0,1641.1845367443427,1.0,22.769435957505433,2033.1434089851095
1.4217626597305126,6.421762659730512,3.31294936107795,2.5782373402694874,2.0,1.0,3769.0,2264.007112156917,0.0,11873.28086703462,10390.028914349648,63673.56010404231,0.0,0.0,1156.474680538975,0.0,0.0,8673.560104042313,1.0,32.06115191676615,64830.03478458129
2.0,7.0,5.0,3.3860255138772923,3.432607134286318,1.0,3769.0,208.18632648163612,0.0,8405.211122130635,7341.004959129799,1590.683675918195,818.6326481636102,0.0,0.0,0.0,0.0,2409.316324081805,1.0,24.0,2409.316324081805
1.7450645481202205,7.0,5.0,3.0,3.0,1.0,3769.0,488.15793446015294,0.0,21824.48286029533,18387.548917901364,9552.961271127868,0.0,0.0,866.7805363912507,0.0,0.0,9552.961271127868,1.0,20.25493545187978,10419.741807519118
2.0,7.0,5.0,2.945117385353525,7.89023477070705,1.0,2106.5385191631494,1440.0,0.0,14074.813504793412,13439.617451405531,51431.23534294516,0.0,0.0,40054.88261464648,0.0,0.0,6846.0703873900575,1.0,30.164647843939424,91486.11795759163
1.544856314963844,7.089712629927687,2.8205747401446244,2.0,5.1860057952530925,1.0,3769.0,1667.918377329134,0.0,7089.098949411418,6459.716191615757,7089.712629927688,0.0,0.0,0.0,0.0,0.0,98.61899300845575,1.0,30.538275779566128,7089.712629927688
1.477565423928831,7.0,5.0,2.477565423928831,4.432696271786494,1.0,3769.0,1278.5677159940087,0.0,7618.667496297203,6955.82080333424,37477.565423928834,0.0,313.46074564270134,5730.785087145972,0.0,0.0,28342.957967501818,1.0,28.59617763071896,43521.811256717505
1.3554533493741778,7.0,5.0,3.0,9.0,1.0,3769.0,1120.09198556324,497.59001428313474,19235.365958584098,17077.19512632165,1933.6399518774665,0.0,0.0,0.0,0.0,0.0,1933.6399518774665,1.6445466506258222,22.289093301251643,1933.6399518774665
1.0,7.650167350443228,3.6006694017729126,2.650167350443228,1.0,1.0,8870.677839518285,1440.0,0.0,10558.318813472852,9024.140903731357,12325.083675221615,0.0,0.0,0.0,0.0,0.0,12325.083675221615,2.0,31.049497948670314,12325.083675221615
2.0,6.635302750542694,5.0,2.364697249457306,6.447119253798859,1.0,3769.0,667.0458741859588,0.0,8129.200587036903,7180.211522984805,25517.651375271347,0.0,254.12110021707767,0.0,0.0,0.0,14708.242200434155,1.0,21.823486247286528,25771.772475488426
2.0,6.0,2.757291223985944,2.560677194003514,5.075259641975402,1.0,3769.0,1799.2658972486445,0.0,8312.916204045849,7616.363067093469,20168.203158201053,0.0,0.0,0.0,0.0,0.0,20168.203158201053,1.0,26.0,20168.203158201053
2.0,6.0,5.0,3.0,2.0,1.0,3769.0,1329.8867086379032,124.54514787741925,11019.0,10299.0,11450.0,0.0,0.0,0.0,0.0,0.0,10800.0,1.0,25.0,11450.0
1.0,7.0,5.0,3.0,2.805011504337033,1.0,3769.0,873.6010518251001,88.781268764027,15539.923628796596,14734.659151966012,4615.122000654988,0.0,0.0,0.0,0.0,0.0,1384.877999345012,1.115001643476719,24.769996713046563,4615.122000654988
1.4697348673650998,5.5302651326349,5.0,2.4697348673650996,1.9394697347301997,1.0,3615.7533766685137,1067.0305153121108,0.0,12707.784892835694,11824.173086888277,19681.84092041906,0.0,0.0,1265.13256631745,0.0,0.0,5302.6513263490015,2.4092046020952997,24.7723861937141,20946.97348673651
2.0,5.441032161748161,2.7641286469926465,3.0,1.5589678382518384,1.0,3740.7739416481177,1922.9482122495883,0.0,8766.072685293553,8095.671961081593,1658.4771881955878,0.0,0.0,0.0,0.0,2127.9905602247486,3451.0870454692335,3.0,33.35380702951103,3786.4677484203366
2.0,6.595514550318149,3.382058201272597,2.4044854496818506,6.168601852227045,1.0,3769.0,1438.8547882300788,0.0,8280.782568759378,7501.051695740289,20097.52505289183,0.0,0.0,0.0,0.0,0.0,20097.52505289183,1.0,25.40448544968185,20097.52505289183
1.0,6.144855518866931,5.0,3.0,9.0,1.0,3769.0,949.37234948187,0.0,11931.387444269314,11171.826980024096,14278.293778275458,0.0,699.5081855668501,744.1560872635054,0.0,0.0,0.0,1.8551444811330686,32.14485551886693,15721.958051105814
1.8039769794008977,6.803976979400898,5.0,1.8039769794008977,2.1960230205991023,1.0,3769.0,2182.0232271008704,0.0,6261.230863671904,5957.958023761849,0.0,0.0,0.0,0.0,0.0,0.0,0.0,1.0,28.568184164792818,0.0
1.4615985096192126,7.0,2.84639403847685,3.0,4.6927880769537,1.0,3785.690446201804,830.6899673026396,0.0,8594.792708083323,7880.350625199948,6230.799254809606,0.0,0.0,0.0,0.0,0.0,6230.799254809606,1.5384014903807874,28.46081788456945,6230.799254809606
1.0,6.0,2.353379299677834,2.3383448249194583,2.6917241245972923,1.0,3061.6906178389013,1440.0,0.0,8465.30329758977,7135.107434560775,40939.23859626224,0.0,0.0,0.0,0.0,0.0,40262.548946423325,1.0,37.0,40939.23859626224
1.0,6.262144233093475,5.0,2.262144233093475,3.0971538647478,1.0,3555.759683364014,1180.4772092374596,0.0,16078.381554322168,14125.968970621594,18619.33447384763,0.0,0.0,1106.7836503597875,0.0,0.0,8971.08388510811,1.0,27.689278834532626,19726.11812420742
1.0,6.040336219757464,5.0,1.9596637802425363,5.358823230848877,1.0,3769.0,1752.4370856847029,0.0,13870.092561944684,12659.544665855952,25294.647121521735,0.0,0.0,0.0,0.0,0.0,25294.647121521735,1.5201681098787319,26.802521648180978,25294.647121521735
2.0,7.0,3.2927317733805426,3.4268170566548646,1.0,1.0,3966.632583251823,1440.0,0.0,12014.462128808997,10871.98091821537,13635.195752652156,0.0,0.0,171.9548830035407,0.0,0.0,13635.195752652156,1.0,30.146365886690273,13807.150635655697
2.0,7.0,4.506661511449797,2.1233346221375506,9.0,1.0,3769.0,201.2333462213755,0.0,5890.545857297619,5467.585826366317,3000.0,0.0,66.35402671000219,0.0,0.0,0.0,0.0,3.2466692442751013,21.356680843513054,3066.354026710002
2.0,6.417506084027892,2.6700243361115685,2.0,4.340048672223137,1.0,3840.6467516645694,1030.8440376526657,0.0,8417.711702456883,7466.923235631912,19994.949634958328,0.0,0.0,0.0,0.0,0.0,18946.460586208534,1.0,30.24244524374897,19994.949634958328
1.5380571494244124,7.0,5.0,4.076114298848825,5.233599954029113,1.0,3769.0,1597.804358526648,0.0,14277.640033328893,12964.475227260737,14721.661004095215,0.0,0.0,1945.6685793092947,0.0,5380.571494244124,0.0,3.6902857471220623,30.84777140230235,22047.901077648632
1.990341313341777,6.990341313341777,4.961365253367108,3.0,1.990341313341777,1.0,3798.005036034643,726.9542543939205,0.0,10504.659398139751,9022.338705894786,34533.80540330378,0.0,0.0,0.0,0.0,0.0,22947.4776041552,1.009658686658223,23.125562926556896,34533.80540330378
1.0002375235758847,6.000237523575884,5.0,1.0004750471517692,8.999762476424115,1.0,3768.582196030019,100.31828159168533,0.0,8918.252699339215,8270.258399905037,9010.451037338922,0.0,0.0,133477.7915456548,0.0,0.0,6999.762476424115,1.0,22.001900188607078,142488.24258299373
1.0,6.0,5.0,3.0,7.7016896329629425,1.0,3769.0,482.8432696160835,183.80365339053196,13829.33424708202,10285.535456172185,21471.901363268284,0.0,0.0,26939.696991984078,0.0,0.0,10123.375398762415,1.0,20.927364547883613,48411.59835525236
1.6160361100802743,7.0,1.0,2.0,4.464144440321097,1.0,3769.0,2073.5404183675473,0.0,6523.17953231899,5732.9005991835775,11474.263159499209,0.0,0.0,0.0,0.0,0.0,11474.263159499209,1.0,34.08018055040137,11474.263159499209
1.932589909425253,7.0,5.0,1.1348201811494942,9.0,1.0,3769.0,170.38115394851107,0.0,9171.69350069388,8187.827316997335,12139.59023553718,0.0,0.0,87.63311774717135,0.0,0.0,1686.1225562408572,1.932589909425253,21.808921086896966,12227.223353284353
1.929970294252529,7.0,1.280118822989884,2.929970294252529,8.509792059767703,1.0,3769.0,209.15964353103035,0.0,5246.300253709884,4827.006733897591,3105.0445586212063,0.0,500.32401830786057,0.0,0.0,0.0,0.0,4.719881177010116,31.490207940232295,3605.3685769290673
2.0,7.0,4.962058265486007,3.0,2.0663980353994864,1.0,3769.0,715.4469918583209,0.0,10469.486286477071,8990.137001946261,34476.28641592876,0.0,0.0,0.0,0.0,0.0,23015.965764105287,1.0094854336284982,23.085368902656484,34476.28641592876
1.0526838359772286,6.947316164022771,5.0,3.0,9.0,1.0,3769.0,443.1511013229603,0.0,18193.341795974797,14180.37946454345,16136.348241331467,0.0,0.0,0.0,0.0,0.0,6229.100220233394,1.0,23.841948492068315,16136.348241331467
1.0885434106136183,7.0,5.0,4.0,8.380196125704673,1.0,3769.0,81.51064337977036,0.0,6871.794498836516,6442.418368758891,1726.5630231840855,0.0,0.0,0.0,0.0,295.3119349611877,1726.5630231840855,1.0,35.84893566202297,2021.8749581452732
2.0,4.1127903196187825,5.0,3.0,5.150387092825044,1.0,3769.0,1390.3722593677358,0.0,9519.060080669844,8563.301886694948,5271.973482611189,0.0,1761.1979050325426,0.0,0.0,0.0,5271.973482611189,1.0,35.473645175112345,7033.171387643732
2.0,5.5202186731434955,5.0,1.5202186731434952,2.0,1.4797813268565048,3769.0,1886.6886485494138,0.0,7822.36897331368,7098.1329438007815,28179.234643997766,0.0,0.0,0.0,0.0,0.0,28179.234643997766,1.4797813268565048,25.520218673143496,28179.234643997766
1.4192427927726723,7.0,5.0,3.0,9.0,1.0,3769.0,1062.681486504595,448.34456397949697,19547.870441793322,17579.536993084796,1742.271621681983,0.0,0.0,0.0,0.0,0.0,1742.271621681983,1.5807572072273277,22.161514414454654,1742.271621681983
2.0,4.815060913207012,5.0,3.0,6.086747884276017,1.0,3769.0,1081.3731981889146,0.0,9513.207825723275,8658.576597225085,5570.672575084049,0.0,1332.8128429437224,0.0,0.0,0.0,5570.672575084049,1.0,32.196382405033944,6903.485418027772
1.6017126160243644,7.0,2.5931495359025423,3.3982873839756356,9.0,1.0,3769.0,340.770677210964,0.0,6841.12197181258,6187.520467513178,2562.2541787629143,0.0,0.0,0.0,0.0,129.04511240810592,1960.5415627385498,1.0,37.601712616024365,2691.2992911710203
1.0916993351114301,5.183398670222861,5.0,1.1833986702228603,8.35810465421999,1.0,1193.9676150409045,1431.7470598399714,0.0,7498.105505578232,6829.928242815788,10436.679734044572,0.0,0.0,0.0,0.0,0.0,10073.359468089144,1.0,33.99130731377427,10436.679734044572
1.336370463828422,7.0,1.0,3.663629536171578,1.0,1.0,5984.448909522093,1440.0,0.0,11188.668886684056,9736.668886684056,14858.14107786107,0.0,0.0,0.0,0.0,0.0,14555.407660415489,1.336370463828422,31.009111391485266,14858.14107786107
1.0,7.0,5.0,3.5225191916345233,9.0,1.0,3769.0,281.0465172975408,0.0,7227.922406358654,6672.569775946311,1447.4126523746627,0.0,0.0,0.0,0.0,455.78470310887167,1447.4126523746627,1.0,30.31526868288332,1903.1973554835345
2.0,7.0,2.0709127712614195,2.7322718071846452,1.0,1.0,6800.939662481267,1440.0,0.0,18439.42991809022,15831.07073153585,31437.04867485374,0.0,234.32697829908645,2678.7261686215743,0.0,0.0,13295.223132330902,1.7322718071846452,33.85817445747716,34350.101821774406
1.9966536379570208,6.003346362042979,1.013385448171917,3.0,1.0,1.0,2806.788671226565,1440.0,0.0,2806.8555984674244,2420.9682502751843,18000.0,0.0,0.0,0.0,0.0,0.0,18000.0,1.0033463620429792,31.00669272408596,18000.0
2.0,7.0,5.0,2.4673107665376524,9.0,1.0,3769.0,169.62480017505257,0.0,6584.228317094127,5877.886314042751,1114.513657997013,0.0,0.0,0.0,0.0,0.0,0.0,1.9346215330753052,23.467310766537654,1114.513657997013
1.7029971235451178,5.702997123545118,2.188011505819529,2.702997123545118,1.2970028764548822,1.0,3094.825758520232,1108.8417927528062,0.0,7045.860814758146,6350.31867870091,0.0,297.0028764548822,0.0,0.0,0.0,0.0,0.0,2.297002876454882,33.81198849418047,297.0028764548822
2.0,5.147178178308098,5.0,3.1471781783080988,3.030247248156691,1.0,3769.0,498.6916286451285,0.0,6679.494624394665,6273.819822026095,2852.8218216919013,0.0,220.76726746214808,0.0,0.0,0.0,0.0,2.2943563566161975,21.588712713232393,3073.5890891540494
2.0,6.284446684765758,2.1377867390630323,3.0,3.2755734781260646,1.0,3807.639879022649,1132.7975804529813,0.0,7398.321099644723,6592.348223336938,4293.319891405452,0.0,0.0,0.0,0.0,2753.4439085325384,7046.7637999379895,1.715553315234242,30.017746413279387,7046.7637999379895
1.4108914655291052,6.410891465529105,3.3564341378835794,3.0,3.945542672354474,1.0,3748.866318189074,1440.0,0.0,13577.625546607958,12120.753925218112,44123.759741296264,0.0,0.0,410.8914655291052,0.0,0.0,42945.54267235447,1.0,37.82178293105821,44534.65120682537
1.7227343543032263,6.445468708606453,5.0,2.7227343543032263,9.0,1.0,3769.0,158.3179693709032,0.0,9063.233575329872,8150.037159238614,2088.698909437303,0.0,41.58984685451604,0.0,0.0,0.0,609.9844205329019,1.0,24.16820306290968,2130.288756291819
1.0,6.089660897942466,4.641356408230138,1.1793217958849314,2.820678204115069,1.0,4249.6720738695585,3362.6361835455127,0.0,8487.266045192742,7791.343444718595,0.0,0.0,0.0,0.0,0.0,0.0,0.0,1.0896608979424656,35.089660897942466,0.0
1.0,5.045100677220323,5.0,3.0,5.819597291118708,1.0,3769.0,1381.5495223224611,44.694771125340274,16558.0,14842.0,30000.0,0.0,0.0,13500.0,0.0,0.0,5000.0,1.0,26.909798645559352,43500.0
1.1094675986791152,7.0,5.0,2.0,2.766273190753806,1.0,2003.0742481806853,649.644904607607,0.0,12254.192194247462,11249.103299515511,4155.115587328306,0.0,133.57986019813274,0.0,0.0,0.0,4155.115587328306,1.8905324013208848,30.12425921056708,4288.695447526439
2.0,7.391630140540356,5.0,1.783260281080712,1.608369859459644,1.0,4146.531455480903,1042.7344817728524,0.0,5087.738010896732,4608.74697696828,19009.26480921076,0.0,0.0,0.0,0.0,0.0,19009.26480921076,1.608369859459644,26.78326028108071,19009.26480921076
1.8755624427031437,7.0,1.4977502291874254,3.0,3.746625343781138,1.0,3769.0,398.43475664643535,0.0,22543.59674014494,22093.461753896187,0.0,0.0,0.0,0.0,0.0,0.0,0.0,1.0,37.0089990832503,0.0
1.9564156975594251,5.08716860488115,1.0,2.956415697559425,2.0,1.0,3769.0,1645.8122966852682,0.0,6158.973171482535,5693.55896215537,12896.919514447603,0.0,0.0,0.0,0.0,0.0,12896.919514447603,1.0,33.86924709267827,12896.919514447603
1.7979893221433834,7.0,5.0,1.4040213557132333,9.0,1.0,3769.0,245.7530613040363,335.155515300221,13943.36724856011,11679.502975506626,50429.921532964465,0.0,0.0,13025.133473207708,0.0,0.0,873.0003184248613,1.2020106778566166,21.808042711426467,63455.055006172166
2.0,6.258982651601814,3.9640693935927453,3.0,6.928138787185491,1.0,4636.850865517677,610.0605697940314,0.0,19707.220995695137,17253.526200214594,10223.05204519456,0.0,0.0,0.0,0.0,1294.9132580090684,9776.94795480544,1.0,25.14372242562902,11517.965303203628
1.4114457710267545,6.411445771026755,3.3542169158929815,2.5885542289732455,2.0,1.0,3769.0,2276.1397732725363,0.0,11830.197539807727,10369.725277380654,63828.31343459868,0.0,0.0,1177.1084579464907,0.0,0.0,8828.31343459868,1.0,31.937349252321056,65005.42189254517
1.0,6.017669484919918,4.9293220603203265,3.0,8.858644120640653,1.0,3769.5477540325173,811.3084703487477,0.0,7975.261229837412,7523.840046171047,6692.543013131458,0.0,0.0,0.0,0.0,0.0,6692.543013131458,1.0176694849199184,20.247372788878856,6692.543013131458
2.0,6.1158010218684975,5.0,2.884198978131503,1.9264081749479764,1.0,3712.411265399584,1295.4803247081156,0.0,9158.903513753787,7944.760718413712,3064.7327712244896,0.0,0.0,0.0,0.0,0.0,3064.7327712244896,2.768397956263006,29.18939284692052,3064.7327712244896
1.0,7.0,5.0,2.600798446442198,1.600798446442198,1.0,3382.17369460249,1211.6965903519647,0.0,22717.255134513303,19687.267306217807,13484.111782501908,0.0,360.4790678653188,399.20155355780196,0.0,0.0,13616.287440719192,1.0,25.798403107115604,14243.792403925028
2.0,5.0,5.0,4.711171901525812,1.0,1.0,2651.9983227208468,1440.0,0.0,6892.546770232082,6125.77832710861,13678.052946234104,0.0,0.0,0.0,0.0,303.269503397898,13966.881044708292,1.0,26.326067770226892,13981.322449632002
1.010815090186641,7.0,5.0,3.0,8.924294368693513,1.0,3769.0,156.16460140638537,0.0,16295.67766075233,13899.640733867811,7869.274611068079,0.0,0.0,0.0,0.0,0.0,0.0,1.0,20.01081509018664,7869.274611068079
1.0,6.256647177106376,2.0265887084255034,2.0,3.053177416851007,1.0,2974.3558323267157,1162.821048725114,0.0,7833.808395974015,6545.036000613671,37111.12201701789,0.0,0.0,0.0,0.0,0.0,37111.12201701789,1.0,33.92023387472349,37111.12201701789
1.064986409482894,6.064986409482894,1.259945637931576,2.935013590517106,1.0,1.0,6591.857672913417,1440.0,0.0,10335.83790279432,9272.851987811222,37740.054362068426,0.0,0.0,116.97553706920925,0.0,0.0,10935.013590517106,1.935013590517106,35.48010872413685,37857.02989913763
1.4015802364254875,7.0,5.0,2.0,4.2126418914039,1.0,3829.440396121026,909.9140879183566,0.0,10041.415934314013,9136.407343105848,21853.357759743034,0.0,160.632094570195,7181.03716289415,0.0,0.0,17556.449229990318,1.0,29.5747162171922,29195.02701720738
1.8378257352832454,6.837825735283245,1.0,2.8378257352832454,1.0,1.0,3554.5822499889105,1440.0,0.0,14825.614477102346,12931.242488872793,39649.70358821181,0.0,0.0,837.8257352832454,0.0,0.0,39649.70358821181,1.0,38.67565147056649,40487.52932349506
1.230569195805019,7.308292412584943,5.0,1.922276783220076,4.847154020974905,1.0,3550.189833181037,1440.0,0.0,5524.107476574884,5194.698637693231,14769.43080419498,0.0,115.41462062924715,0.0,0.0,0.0,14769.43080419498,1.769430804194981,33.92487723775483,14884.845424824229
2.0,7.0,4.322570071002499,2.1693574822493753,9.0,1.0,3769.0,254.19439431980015,0.0,6128.550893172408,5637.42075062767,3022.524545139167,0.0,0.0,0.0,0.0,0.0,361.23950963791776,2.6612850355012494,23.048434680488757,3022.524545139167
2.0,7.0,1.4813550481399838,3.0,3.722032572209976,1.0,3769.0,531.1743059688,0.0,21954.762137720536,21145.515284792786,361.01628610498784,0.0,0.0,0.0,0.0,0.0,361.01628610498784,1.1203387620349958,37.315257331510054,361.01628610498784
1.9530546428521869,5.046945357147813,4.8122185714087475,4.953054642852187,1.0,1.0,2909.383960009436,1440.0,0.0,6858.4900207113815,6046.8270049988205,14035.960143575225,0.0,0.0,0.0,0.0,0.0,14035.960143575225,1.0,27.328617500034692,14035.960143575225
1.3840906114912497,5.0,5.0,2.0,9.0,1.0,3769.0,63.79997381122996,0.0,5816.647440089056,5147.347400805901,134.43171402193735,0.0,0.0,0.0,0.0,0.0,0.0,1.7681812229824991,22.695456331052505,134.43171402193735
1.9632680625733863,7.9265361251467725,1.1469277497064545,2.0,2.2571235619862953,1.0,3769.0,2488.0054026438374,0.0,6320.476569052689,5640.884401543883,7926.536125146773,0.0,0.0,0.0,0.0,0.0,174.35151932578293,1.0,35.55921675088064,7926.536125146773
1.9572702629833256,6.0,5.0,3.0,3.2563784221000462,1.0,3769.0,499.1454052596665,0.0,6681.468951053843,5521.463984901451,8827.174871204506,0.0,0.0,0.0,0.0,0.0,0.0,2.9145405259666513,21.08545947403335,8827.174871204506
1.1737943042060341,6.173794304206034,4.304822783175863,2.173794304206034,7.609645566351727,1.0,3405.9436985135944,398.9808232996031,0.0,17174.63197101299,14202.508085961723,34695.17721682414,0.0,0.0,1487.1702524291386,0.0,0.0,10173.794304206034,1.1737943042060341,25.911737346266378,36182.347469253276
1.800769687129875,5.39846062574025,1.0,2.800769687129875,1.800769687129875,1.0,3746.2877443328057,1552.1077561981824,0.0,6157.846950914923,5637.296329545002,12877.004736776547,0.0,0.0,0.0,0.0,0.0,12877.004736776547,1.0,33.80076968712987,12877.004736776547
1.370222077003847,6.370222077003847,5.0,2.259555845992306,6.038223383969225,1.0,3986.3203592012583,835.413193923693,0.0,4535.780156621625,4116.286884280009,10398.593043622674,0.0,0.0,370.22207700384695,0.0,0.0,0.0,1.7404441540076938,24.110666231011542,10768.815120626521
2.0,6.216324023036553,4.134703907853786,3.0,1.7836759769634465,1.0,3552.0270048943366,1581.0616758534204,0.0,8173.178581283731,7241.048480584274,24468.82480213645,0.0,0.0,0.0,0.0,0.0,15091.2549749106,1.0,27.379564253402087,24468.82480213645
2.0,6.518260366676392,3.0730414667055688,1.9634792666472156,1.518260366676392,1.0,3300.2673367761295,1101.5759805603159,0.0,3361.422060043944,3144.716506407083,18466.434330008753,0.0,0.0,0.0,0.0,0.0,18466.434330008753,1.518260366676392,28.408698166618038,18466.434330008753
2.0,6.402725927569659,2.610903710278636,2.402725927569659,4.221807420557272,1.0,3029.3610631457905,1440.0,0.0,8698.770726149474,7797.417482336223,19609.21955387895,0.0,0.0,0.0,0.0,0.0,16117.77065808638,1.402725927569659,31.986370362151703,19609.21955387895
1.5250315008602682,6.474968499139732,1.0,3.0,1.0,1.0,1793.3017604998765,1440.0,0.0,4861.0,4357.0,34000.0,0.0,0.0,0.0,0.0,0.0,0.0,3.0,35.84981099483839,34000.0
1.2602333679515274,6.260233367951527,3.959066528193891,1.2602333679515274,1.2602333679515274,1.5204667359030546,2689.680483841278,1190.1759667665337,0.0,8401.092782698877,7428.777171482583,12062.701609139203,0.0,1805.0305821982734,0.0,0.0,0.0,12062.701609139203,1.0,31.602333679515272,13867.732191337476
2.0,5.0,5.0,3.545743772944178,1.0,1.0,1974.1076279291965,1440.0,0.0,6918.963141146599,6399.265461282433,12378.989058908443,0.0,0.0,0.0,0.0,1526.9690384086134,13833.245285964265,1.0,23.60673547020308,13905.958097317056
1.5088136591313734,6.491186340868627,5.0,3.0,4.9294907269490125,1.0,3463.2029908620443,799.0018251664424,0.0,12718.201589616401,11513.336449775883,321.23586692808175,0.0,0.0,0.0,0.0,0.0,321.23586692808175,1.0,23.561695613919614,321.23586692808175
2.0,6.996335775806724,5.0,1.9963357758067244,1.0256495693529297,1.0,1293.10559712029,1436.1892068389932,0.0,10275.399401465282,9555.883079058793,5480.146568967731,0.0,0.0,4483.510991130259,0.0,36.642241932757315,5480.146568967731,1.0,36.94870086129414,10000.299802030748
2.0,6.897436148046204,1.0,3.0,8.282053036323427,1.0,3769.0,582.0511304320466,0.0,6753.846550061048,5958.154134105088,3016.795155736349,0.0,0.0,0.0,0.0,0.0,2119.359007690145,1.1025638519537961,37.17948918436963,3016.795155736349
2.0,7.0,2.8535229928624797,1.53661925178438,5.243665237509339,1.0,3769.0,919.512007058801,194.61991425056036,13766.696658257428,11379.254779822786,54692.31518318483,0.0,0.0,4865.497856264009,0.0,0.0,506.9385385478882,1.0,30.65914653211884,59557.81303944884
2.0,7.0,2.5082504682595252,2.6229373829351186,1.0,1.0,6382.735489726829,1440.0,0.0,18483.710359911278,15755.957982076427,31819.719159727083,0.0,199.33996253923797,2547.5248595221424,0.0,0.0,12803.218223208034,1.6229373829351186,32.98349906348095,34566.58398178846
2.0,5.0,3.991486416368914,3.0,3.7563851877233145,1.0,3769.0,846.1899463507706,0.0,9944.329442801893,9177.4138864849,19495.743208184456,0.0,0.0,747.8716040922285,0.0,0.0,302.5540750893258,3.4957432081844573,22.77341235498549,20243.614812276686
1.9651348397661752,6.965134839766175,4.860539359064701,1.9651348397661752,8.721078718129402,1.0,3809.7225071531075,333.95547362796333,0.0,4108.037554245277,3780.139041178653,12145.806100097856,0.0,7.670335251441481,8686.213557895575,0.0,0.0,12041.210619396381,1.0,23.34865160233825,20839.689993244872
2.0,6.10507855877216,4.57968576491136,2.89492144122784,2.0,1.2101571175443202,3769.0,1365.9722268155615,0.0,10854.762212639114,10083.063561723211,11534.903475487905,0.0,0.0,0.0,0.0,0.0,10953.20453868981,1.0,26.471099822810242,11534.903475487905
1.1398731835820763,7.139873183582076,4.440507265671695,1.1398731835820763,2.559492734328305,1.0,3769.0,2781.7978336119613,0.0,15637.712052743249,14105.874673710447,25440.507265671695,0.0,0.0,0.0,0.0,0.0,25440.507265671695,1.8601268164179237,34.419619550746226,25440.507265671695
1.4574320977737072,6.457432097773707,5.0,1.4574320977737072,2.542567902226293,1.0,3769.0,2772.5357053936027,0.0,7147.346125992631,6711.000051537734,0.0,0.0,0.0,0.0,0.0,0.0,0.0,1.0,31.340543217810342,0.0
2.0,6.60883023391962,5.0,3.0,1.3911697660803797,1.0,3856.0627234505055,1451.7350929824113,0.0,12116.720911757075,11279.825506844509,12534.326646610843,0.0,0.0,182.64907017588607,0.0,0.0,12280.066298658596,1.0,28.65298140351772,12716.97571678673
1.727040625143685,7.0,5.0,2.272959374856315,1.5459187497126299,1.272959374856315,2944.5359310870613,1243.4692501034533,0.0,13106.378087097108,11855.8982497816,3727.0406251436852,0.0,109.05609377155275,0.0,0.0,0.0,3727.0406251436852,1.727040625143685,27.181121875431057,3836.096718915238
2.0,6.046646343339264,5.0,3.953353656660737,5.186585373357053,1.0,3316.6336899144803,738.7469499626936,0.0,6213.006401232854,5535.723474673708,14523.323171669632,0.0,0.0,0.0,0.0,0.0,13476.676828330368,1.0,23.33673779831258,14523.323171669632
1.0443766635332368,7.955623336466763,1.0,3.0,1.0,1.0,7858.446816776337,1440.0,0.0,18331.0,16015.0,30500.0,0.0,320.0,3000.0,0.0,0.0,14500.0,2.0,36.955623336466765,33820.0
2.0,7.0,5.0,1.8521935333470076,9.0,1.0,3769.0,199.09471039934363,0.0,8277.087941394626,7358.103935799712,3032.9567851820007,591.2258666119687,0.0,0.0,0.0,0.0,3624.1826517939694,1.0,23.14780646665299,3624.1826517939694
2.0,7.0,5.0,3.0,9.0,1.0,3769.0,351.8528552637346,0.0,6334.569485525993,5680.945511841331,177.11184209272534,0.0,0.0,0.0,0.0,9337.111473708484,9514.22331580121,1.035422368418545,20.07084473683709,9514.22331580121
1.670948634630129,7.0,2.316205461479484,3.0,4.974308192219226,1.0,3769.0,731.4782418305838,254.02765406554042,20896.380526209385,19516.095990557416,987.154096109613,0.0,0.0,0.0,0.0,0.0,987.154096109613,1.329051365369871,33.735178154082064,987.154096109613
1.93158948831899,5.13682102336202,4.72635795327596,3.0,1.93158948831899,1.0,3717.3500636808376,1887.1629543931151,0.0,9946.547016733366,9386.651647434226,29342.05255840505,0.0,0.0,0.0,0.0,0.0,7452.715906551919,1.1368210233620202,23.16297869857717,29342.05255840505
1.7352126545234527,6.470425309046906,5.0,2.735212654523453,9.0,1.0,3769.0,157.9436203642964,0.0,9074.339262525873,8148.235292686813,2086.7772512033885,0.0,39.718101821482094,0.0,0.0,0.0,582.532160048404,1.0,24.205637963570357,2126.4953530248704
1.7186090394224731,7.281390960577527,5.0,3.0,3.9697367240426873,1.0,3769.0,416.27819211550536,0.0,5107.712624630634,4610.883295857752,8639.575164020089,0.0,0.0,0.0,0.0,0.0,0.0,2.4372180788449462,24.125563842310108,8639.575164020089
1.0,6.0,5.0,3.0,7.2314563422738045,1.0,3769.0,454.8979769122718,250.37525211523712,14054.374464768965,10661.319031617191,22175.236013770467,0.0,0.0,25831.289949645397,0.0,0.0,9700.837198986033,1.0,21.263245469804424,48006.525963415865
2.0,6.005082139818026,5.0,2.005082139818026,8.969507161091844,1.0,3769.0,144.62474723440363,0.0,62155.965038292874,60735.086184067564,19005.082139818027,0.0,3068.326680801208,5.082139818025966,0.0,0.0,18954.260741637765,1.0,21.015246419454076,22078.49096043726
2.0,6.69571429284975,5.0,2.6957142928497504,1.0,1.0,4136.562851876884,1440.0,0.0,12902.331426687666,11599.628578706745,13769.281415948792,0.0,0.0,208.71428785492506,0.0,0.0,13769.281415948792,1.0,29.782857171399,13977.995703803717
1.951216418326827,6.951216418326827,4.804865673307308,1.951216418326827,8.609731346614616,1.0,3825.9792233942662,349.9059845974564,0.0,4158.352647748521,3824.107334505554,12204.012938557209,0.0,10.732387968098081,8560.947764941442,0.0,0.0,12057.66219353769,1.0,23.48783581673173,20775.69309146675
2.0,4.532602519400762,2.8695899223969517,3.0,3.402192441797714,1.0,3769.0,1089.0149397148978,0.0,8647.597073221552,8097.4182685869555,5663.92968102503,0.0,1707.5014205378247,0.0,0.0,0.0,4252.53300461301,1.0,30.14137228659162,7371.431101562855
2.0,6.037878027407951,1.0,3.0757560548159004,1.0,1.0,3763.417862887294,1440.0,0.0,7807.356374680517,6951.083492271739,6037.87802740795,0.0,0.0,0.0,0.0,0.0,6037.87802740795,1.9621219725920498,34.03787802740795,6037.87802740795
2.0,6.890531139945546,4.562124559782184,2.0,8.124249119564368,1.0,3782.464669786698,264.4988952718791,0.0,8207.639741426683,7215.757983502762,25078.216874890702,0.0,356.21245597821843,0.0,0.0,0.0,15352.489729375342,1.0,21.532564040762356,25434.42933086892
1.8944799309680675,7.0,1.0,3.0,1.0,1.0,1820.763772088598,1440.0,0.0,9235.901342364818,8377.687289701464,37577.91972387227,0.0,0.0,0.0,0.0,0.0,9839.279240648742,2.1055200690319325,35.42208027612773,37577.91972387227
2.0,7.0,5.0,2.982950670290096,2.008524664854952,1.0,3749.683109438679,1345.2091383515171,0.0,6272.610593532445,6230.677426793398,10796.590134058019,0.0,0.0,0.0,0.0,0.0,10793.180268116039,1.0,24.07672198369457,10796.590134058019
2.0,5.0,5.0,2.87696594752153,2.0,1.061517026239235,3769.0,2607.7244606411473,0.0,13517.24545469328,11613.469230087041,33594.38978950373,0.0,0.0,0.0,0.0,0.0,30000.0,1.061517026239235,27.815448921282297,33594.38978950373
1.1170937308625386,6.117093730862539,5.0,2.765812538274923,8.063250153099691,1.0,3837.7340200163103,592.4099816280371,0.0,4034.079774569552,3720.900407607285,9893.601993070764,0.0,0.0,117.09373086253868,0.0,0.0,0.0,1.2341874617250774,23.351281192587617,10010.695723933302
1.4839209795563835,6.483920979556383,5.0,3.0,7.45176293866915,1.0,3769.0,888.330083305723,0.0,18503.61359361887,14525.5088715446,51244.47091168904,0.0,0.0,0.0,0.0,0.0,37325.49718521532,1.0,30.225106286210632,51244.47091168904
1.90651371944458,6.90651371944458,1.3739451222216799,2.90651371944458,1.7478902444433597,1.0,7445.819646067217,1322.2072865001708,0.0,18368.861943624946,15950.774925258427,30827.20198194397,0.0,290.0843902222656,2887.8164633334964,0.0,0.0,14079.31173750061,1.90651371944458,34.87816463333496,34005.10283549973
1.0,5.857362116160852,5.0,2.428681058080426,4.429448464643407,1.0,3729.5789930075493,880.5712192050443,0.0,13212.151079356032,11959.071368810357,280.3574119845985,0.0,999.8081483592547,571.3189419195741,0.0,0.0,280.3574119845985,1.0,29.71242201263276,1851.4845022634274
1.0,6.337887989893435,5.0,2.324224020213129,7.013663969680306,1.0,3769.0,960.1990543513217,0.0,9086.379212082218,8233.60390892677,51392.54386861466,0.0,0.0,0.0,0.0,0.0,50068.31984840153,1.0,37.0,51392.54386861466
1.0,6.087557815994798,5.0,2.0875578159947983,2.543778907997399,1.0,3769.0,633.7326552015604,0.0,7728.258048168401,7126.1566605845255,8990.54831204584,0.0,917.2074234827699,0.0,0.0,0.0,7849.995582039337,2.0875578159947983,21.3686632760078,9907.755735528608
2.0,6.728985760614697,5.0,2.0,1.8644928803073486,1.0,3708.1573032579995,1086.1740194581728,0.0,11352.150746934094,9965.255123644169,6139.955407294288,203.26067953897723,285.282650501425,10490.578316619167,0.0,0.0,5489.521232769562,1.271014239385303,23.593478640922044,17119.077053953857
1.7339099189537017,7.266090081046299,1.0,3.0,1.0,1.0,7834.31315283662,1440.0,0.0,18331.0,16015.0,30500.0,0.0,320.0,3000.0,0.0,0.0,14500.0,2.0,36.2660900810463,33820.0
1.521260312180415,6.521260312180415,5.0,1.478739687819585,1.0,1.0,2510.455819344428,1440.0,0.0,16436.849776535866,15292.635642759022,18670.23556294742,0.0,0.0,718.1095317293776,0.0,0.0,14170.08249744332,1.0,29.521260312180416,19388.345094676795
1.131839195948453,7.0,4.472643216206188,3.0,8.208964824309282,1.0,3769.0,484.7066532699794,0.0,22415.676341703132,22144.034934675507,0.0,0.0,0.0,0.0,0.0,0.0,0.0,1.0,25.10942713517525,0.0
1.2452855322553344,7.0,5.0,2.509428935489331,7.0377157419573235,1.0,3592.6397023084146,1440.0,0.0,6785.90637669277,6431.793229466898,8705.195905234086,0.0,1886.7861693616637,0.0,0.0,0.0,7552.353903634014,1.0,33.71699872578734,10591.982074595751
2.0,6.685318680594948,4.370637361189896,2.157340659702526,7.898615382082318,1.0,3769.0,670.8364840013849,0.0,7994.536329423175,7216.969560253199,19966.293626388102,0.0,0.0,0.0,0.0,0.0,19966.293626388102,1.0,25.472021979107577,19966.293626388102
2.0,5.160400105330072,1.6416004213202884,2.839599894669928,3.122800737310505,1.0,3769.0,1578.6478546445005,0.0,7515.079663092713,6879.079663092713,20000.0,0.0,0.0,0.0,0.0,0.0,20000.0,1.0,27.679199789339854,20000.0
1.6659911212547622,7.0,5.0,3.0,5.0040532724714275,1.0,3769.0,636.8147077667569,393.7964680406355,9373.347326996602,8449.20140918763,8789.919706750867,0.0,0.0,0.0,0.0,0.0,8021.69928563682,1.0,20.668017757490475,8789.919706750867
2.0,7.0,1.95476012520407,2.7613099686989826,9.0,1.0,3769.0,443.6191899836744,0.0,6689.721850326636,5949.971663473063,3101.2542258369645,0.0,0.0,0.0,0.0,0.0,1623.8741632349297,1.477380062602035,33.703579436581684,3101.2542258369645
1.0699096494902613,5.139819298980523,5.0,2.9300903505097384,8.580542103058432,1.0,1416.801503560871,1358.2057100963941,0.0,4087.1397179166174,3568.951528557579,3628.557629102146,0.0,0.0,0.0,0.0,0.0,125.83736908247033,1.1398192989805227,28.06990964949026,3628.557629102146
1.894165906171416,6.894165906171416,5.0,2.1058340938285838,6.317502281485752,1.0,3769.0,1346.8659974308462,0.0,12194.015862401615,11034.543480530489,23898.89461755354,0.0,0.0,39835.82496788558,0.0,0.0,20344.32396589176,1.0,31.624156780228407,63734.71958543912
1.0,6.301009261960412,5.0,2.301009261960412,9.0,1.0,3769.0,643.1505586348701,232.37915023343828,16012.139635356074,14079.486630396757,3559.1925904316704,0.0,1887.2749927068867,0.0,0.0,0.0,3559.1925904316704,1.3010092619604123,24.397981476079174,5446.467583138557
2.0,7.0,1.7568861591400236,2.810778460214994,2.513772318280047,1.0,2955.789204404361,1254.5628910106943,0.0,8415.771264103203,7378.267067561284,21468.04793599989,0.0,0.0,0.0,0.0,0.0,18630.32332524741,1.0,33.91856306236494,21468.04793599989
2.0,7.0,1.4734514689185993,2.1183628672296497,1.1183628672296497,1.0,1107.337496166313,1429.3473419493316,0.0,6616.2997645064515,6135.954649590195,11505.30970621628,0.0,0.0,0.0,0.0,0.0,11505.30970621628,1.0,27.5265485310814,11505.30970621628
2.0,7.0,5.0,3.0,9.0,1.0,3769.0,1565.723412493296,0.0,17683.51640318214,14582.642105543855,2883.9458645547224,0.0,0.0,0.0,0.0,0.0,2883.9458645547224,1.9613152881849074,24.84526115273963,2883.9458645547224
1.0,7.0,5.0,3.0,5.792820052619901,1.0,3769.0,862.7076094715823,0.0,7219.527251738676,6718.411334053952,8357.066034141651,0.0,1769.2975019885675,0.0,0.0,0.0,8357.066034141651,2.0690599824600326,25.585640105239804,10126.363536130219
2.0,7.0,5.0,2.1209285197718684,8.27442888136879,1.0,3769.0,830.232129942967,0.0,60696.30065087446,59164.209271893465,19120.928519771867,0.0,2711.056445023558,120.92851977186831,0.0,0.0,17911.643322053184,1.0,23.12092851977187,21952.913484567296
2.0,7.0,4.979419316981141,2.994854829245285,2.020580683018859,1.0,3769.0,1350.4630653679244,0.0,6264.292909283017,6224.032707898114,10801.234840981131,0.0,0.0,0.0,0.0,0.0,10801.234840981131,1.0,24.061742049056576,10801.234840981131
2.0,5.1800530825919,1.0,2.8199469174081,1.8199469174081,1.0,3791.146529158804,1735.180890266916,0.0,7639.565026175077,6927.94273148648,20003.60106165184,0.0,0.0,0.0,0.0,0.0,19679.50551298642,1.0,29.0803184955514,20003.60106165184
2.0,7.0,4.085499353900306,2.6858754845747708,1.7713748384750765,1.0,3421.718379643641,1635.1578341341944,0.0,8213.001206852554,7062.406809582406,7736.662970743698,0.0,0.0,0.0,0.0,0.0,7736.662970743698,1.0,26.51487677677416,7736.662970743698
2.0,6.817402618538736,1.3651947629225285,3.0,8.360909164885575,1.0,3769.0,1182.4688135201557,0.0,9279.728779343019,8173.177620530381,31982.610238255376,0.0,0.0,0.0,0.0,0.0,31632.936252757056,1.0,31.634805237077472,31982.610238255376
1.0011201114801094,6.99887988851989,5.0,3.0,9.0,1.0,3769.0,135.03696367884362,0.0,13251.31819356488,12327.600461657868,654.9700165417748,0.0,0.0,0.0,0.0,0.0,653.2674470920084,1.0,20.003360334440327,654.9700165417748
2.0,6.443818264960243,3.224726940159028,2.556181735039757,2.0,1.887636529920486,3769.0,1030.6199176893595,0.0,10325.31205186714,9386.9534655067,11808.605158087876,0.0,0.0,0.0,0.0,0.0,11447.087030312034,1.0,31.2134557094434,11808.605158087876
2.0,6.0,4.026543215139739,3.756635803784935,7.296450626494543,1.0,3769.0,733.0626536394038,0.0,5210.155092375486,4971.9441667448245,2000.0,0.0,1134.953705677402,0.0,0.0,0.0,486.7283924301307,3.5132716075698696,26.216820981075326,3134.953705677402
1.258688330697908,7.7413116693020925,1.0,3.0,1.0,1.0,7850.945908425573,1440.0,0.0,18331.0,16015.0,30500.0,0.0,320.0,3000.0,0.0,0.0,14500.0,2.0,36.74131166930209,33820.0
1.1931328645872932,5.806867135412707,1.7725314583491723,2.193132864587293,1.1931328645872932,1.0,2906.459032243816,1683.3474093799894,0.0,8177.492304141862,6625.835746014818,37065.53721300496,0.0,0.0,0.0,0.0,0.0,36325.83834163562,1.0,35.26180421871436,37065.53721300496
1.0840982244679847,7.0,5.0,2.8318035510640307,1.0840982244679847,1.0,5830.694896722566,1385.083859422406,0.0,5858.936522720429,4985.514828178638,18075.688402021187,0.0,0.0,0.0,0.0,0.0,18075.688402021187,2.0,32.41131242872411,18075.688402021187
1.6735664234967071,6.0,2.305734306013172,2.3471328469934143,1.652867153006586,1.0,1587.3183542941658,2129.427713574955,0.0,8904.34992128913,8429.757471682457,0.0,0.0,0.0,0.0,0.0,0.0,0.0,2.3471328469934143,37.02069927049012,0.0
1.5598443123088295,7.0,5.0,3.119688624617659,5.918910186161806,1.0,3769.0,364.2737607557224,0.0,3609.5491370715104,3515.661884372428,5395.750899694127,0.0,0.0,0.0,0.0,0.0,0.0,1.0,28.4826466907499,5395.750899694127
1.8841561432197422,7.0,5.0,1.2316877135605153,9.0,1.0,3769.0,204.90998811384213,371.3455801522918,13610.504818742136,11477.958781009023,52096.043185296934,0.0,0.0,11948.04820975322,0.0,0.0,967.2668206823981,1.1158438567802578,21.46337542712103,64044.091395050156
1.3766953619867988,7.0,5.0,3.0,9.0,1.0,3769.0,237.8452652721782,0.0,6722.063448752746,5933.119000339993,1307.0067200192411,0.0,1246.6092760264023,0.0,0.0,0.0,0.0,3.0,25.869913914039603,2553.6159960456434
1.9909275953472751,6.990927595347275,5.0,1.0090724046527249,1.0,1.0,1636.8746726540685,1440.0,0.0,17394.501366913093,16289.739284922265,18012.701366513815,0.0,0.0,13.608606979087446,0.0,0.0,17927.4207627782,1.0,29.990927595347276,18026.309973492902
2.0,6.1813205795001585,1.725282318000633,2.0,1.1813205795001582,1.0,3869.6975687214804,1722.8601040202468,0.0,8530.4933172329,7550.647960622968,20016.373588409995,0.0,0.0,0.0,0.0,0.0,18542.75063151028,1.0,33.27471768199937,20016.373588409995
2.0,6.871551281906808,4.486205127627235,2.0,7.972410255254469,1.0,3784.7991923254626,289.5523078830126,0.0,8216.939871865663,7223.691564162954,24970.411281230674,0.0,348.6205127627235,0.0,0.0,0.0,15413.604872260075,1.0,21.79828205330468,25319.031793993396
1.7166570517344184,7.716657051734418,2.1333717930623264,1.7166570517344184,4.866628206937674,1.0,3769.0,1882.0149992943072,0.0,17129.275135785207,14130.099596172846,23133.371793062328,0.0,0.0,0.0,0.0,0.0,23133.371793062328,1.2833429482655816,36.149971155203254,23133.371793062328
2.0,6.018427718738217,4.926289125047131,3.0,8.852578250094261,1.0,3830.751285491767,340.6390449868036,0.0,20511.39613625814,18129.867820636675,10944.716843785347,0.0,0.0,0.0,0.0,92.13859369108735,9055.283156214653,1.0,21.294843499811478,11036.855437476435
1.4322407838925124,7.0,3.271036864429951,3.864481567785025,3.8387960805374384,1.0,3112.4262492672738,1440.0,0.0,6837.698710163652,6191.324931350232,7440.581151699411,0.0,0.0,0.0,0.0,0.0,5737.303503376947,1.0,30.4579262711401,7440.581151699411
1.1598784972587812,6.840121502741219,4.360486010964875,2.0,7.72097202192975,1.0,3452.600453924872,532.6687770394838,0.0,10077.267178039987,9159.584453783402,35454.05493221494,0.0,0.0,0.0,0.0,0.0,35454.05493221494,1.0,26.758663469846596,35454.05493221494
1.3921512114451966,5.607848788554803,5.0,3.0,1.3921512114451966,1.0,2462.7329533957272,917.0494988845744,0.0,11242.714461026191,10474.477268071778,27516.848955926278,0.0,0.0,0.0,0.0,0.0,10163.941687255101,1.0,26.254941519883623,27516.848955926278
1.8205026765761665,6.641005353152333,5.0,3.0,3.2564812639668337,1.0,3769.0,913.8571092977401,0.0,17006.353876410332,16115.58720191314,14380.471027493806,0.0,293.65762112139146,0.0,0.0,0.0,0.0,1.3589946468476668,22.794973234238334,14674.128648615198
2.0,5.492602331898961,5.0,4.507397668101039,2.9704093275958465,1.0,3053.739806486057,1109.9564376276958,0.0,6569.256700588968,5812.191436382418,14246.30116594948,0.0,0.0,0.0,0.0,0.0,13753.69883405052,1.0,25.275891838353633,14246.30116594948
1.0,7.0,1.0,2.4223860362585112,1.0,1.0,7409.67179291935,1440.0,0.0,11651.75838841173,10067.238815457446,12459.978393485519,0.0,0.0,0.0,0.0,0.0,12459.978393485519,1.7888069818707444,32.366420945612234,12459.978393485519
1.0,5.826246524692433,5.0,3.4787395740772995,2.3900278024605344,1.0,2269.2143839029723,1440.0,0.0,8704.556700822395,8121.281075267033,11332.006079853065,0.0,0.0,0.0,0.0,0.0,9173.753475307567,1.0,26.737534753075668,11332.006079853065
2.0,5.54170821708198,1.9165835658360408,3.0,1.9165835658360408,1.0,3810.6261218612135,1440.0,0.0,8211.860577805941,7323.112821528367,5822.1827882278085,0.0,419.33698136998873,0.0,0.0,0.0,5822.1827882278085,1.77085410854099,34.45829178291802,6241.519769597797
2.0,5.105404223487324,5.0,3.0,2.368914782205634,1.0,3769.0,461.8177714484366,0.0,6951.541762471862,6461.374712584414,2937.5479975837607,0.0,0.0,0.0,0.0,0.0,0.0,2.052702111743662,21.158106335230986,2937.5479975837607
1.8336224130677277,6.833622413067728,4.334489652270911,2.1663775869322723,7.835356891474094,1.0,3769.0,557.3757201137871,0.0,4105.951302264543,3803.9339574804794,12249.566380398408,0.0,0.0,7502.601717609549,0.0,0.0,12249.566380398408,1.1663775869322723,25.16290863011954,19752.168098007958
2.0,6.229015707467864,1.916062829871458,2.7709842925321357,3.6031099522750516,2.541968585064271,3769.0,907.4734234698218,0.0,7606.838471729485,7242.436293290309,3409.4290472487655,0.0,0.0,0.0,0.0,0.0,3409.4290472487655,1.0,31.48082721785349,3409.4290472487655
2.0,7.0,3.8342880184105175,2.2914279953973704,1.0,1.0,3323.8870506781004,1440.0,0.0,16117.810889350021,13440.712301806627,35165.711981589484,0.0,0.0,1275.429608284733,0.0,0.0,10291.427995397371,1.2914279953973706,30.039995967781593,36441.14158987421
1.0,5.526426111564912,5.0,1.947147776870177,2.0528522231298227,1.0,2292.396615859394,2551.811947625093,0.0,8260.17113338779,7557.244946808252,0.0,0.0,0.0,0.0,0.0,0.0,0.0,1.0,31.684982780954382,0.0
1.0579204605587984,7.0,5.0,2.9420795394412016,9.0,1.0,3769.0,1368.1786289070901,1110.7117770011769,10271.349591719309,9216.555456726715,9267.623841851602,0.0,0.0,0.0,0.0,0.0,7083.464762969199,1.0,21.884159078882405,9267.623841851602
1.0746944177578541,7.0,4.7012223289685835,2.074694417757854,2.522860924304978,1.0,3769.0,198.89633301309425,0.0,4101.941130960009,3984.388940375038,4387.958373363219,0.0,40.18559675372546,0.0,0.0,0.0,0.0,1.298777671031416,37.47713907569502,4428.143970116945
1.1475853408013523,7.0,1.5903413632054093,3.0,2.1806827264108186,1.0,3795.424854435158,1246.6632035502284,0.0,7621.693595146955,6814.366366014675,5852.414659198647,0.0,0.0,0.0,0.0,0.0,5852.414659198647,2.0,32.228975910383774,5852.414659198647
2.0,6.009851627249353,1.0394065089974118,3.0,2.0689613907454705,2.980296745501294,3769.0,1110.2468890231407,0.0,7415.483328077125,7196.882498483295,3381.1074105526923,0.0,0.0,0.0,0.0,0.0,3381.1074105526923,1.009851627249353,33.881780473007765,3381.1074105526923
2.0,6.352104514373509,3.7042090287470177,2.3239477428132456,2.0,1.0,3769.0,2611.2627086241055,0.0,7823.955302054866,7187.955302054866,20000.0,0.0,0.0,0.0,0.0,0.0,20000.0,1.0,29.352104514373508,20000.0
1.4459583070103215,6.445958307010321,5.0,3.0,9.0,1.0,3769.0,389.1979684150469,0.0,12939.979057486797,9895.085503471977,14863.938233751007,0.0,0.0,27324.25015793807,0.0,0.0,10298.634683516055,1.0,21.783833228041285,42188.18839168908
1.3524263565980923,5.352426356598093,3.5902945736076304,3.0,1.0,1.0,1411.8885038952815,1440.0,0.0,7943.605449605971,7110.001635651732,0.0,0.0,0.0,0.0,0.0,0.0,0.0,1.3524263565980923,30.466984496186647,0.0
2.0,7.0,3.3775834369141813,3.216812422314364,1.5943958592285452,1.0,2782.165125503051,1590.382152384822,0.0,8013.353132107601,6853.636123406809,7973.252186334716,0.0,0.0,0.0,0.0,0.0,7973.252186334716,1.0,27.24483312617164,7973.252186334716
1.3836122604056218,7.0,2.534449041622487,3.383612260405622,4.068898083244974,1.0,3303.6272566062444,1117.7657012592776,0.0,8552.884394143704,7703.633359778645,32465.550958377513,0.0,0.0,0.0,0.0,0.0,1918.061302028109,2.2327754791887564,32.47859157310443,32465.550958377513
1.065626144574013,6.131252289148026,4.737495421703948,2.934373855425987,8.54061698798191,1.0,3769.0,616.5023807139469,0.0,3962.8496803509056,3671.2866996298203,9551.060600007138,0.0,0.0,0.0,0.0,0.0,11.878332167896342,1.0,23.85313987946217,9551.060600007138
1.0,7.6430258948148815,1.7139482103702361,3.0,1.178487052592559,1.0,7129.809467843841,1208.6807798400434,176.880669119226,18014.54245575339,15805.634687308928,30410.75647370372,0.0,262.8841431703811,4874.11405222187,0.0,0.0,12804.373000370688,1.821512947407441,34.85815536888929,35547.75466909597
2.0,6.3718335292387245,3.5126658830451016,2.6281664707612755,2.0,1.7436670584774492,3769.0,1101.8848060536627,0.0,10437.824193799874,9534.882097414422,11750.44149162489,0.0,0.0,0.0,0.0,0.0,11342.13328563006,1.0,30.205669409342143,11750.44149162489
1.8187856433570937,6.181214356642906,4.275142573428375,3.0,7.55028514685675,1.0,4740.49016596262,398.50466164977684,0.0,10012.94116044744,9182.197384028255,1244.5541779027824,0.0,0.0,0.0,0.0,0.0,0.0,1.1812143566429063,25.355786636357784,1244.5541779027824
2.0,7.242473750934853,1.0,2.252508749688382,4.989965001246471,1.2525087496883822,3769.0,1460.2006999750706,0.0,16189.382042064157,13272.359866073211,22244.428469698352,0.0,70.70244991274703,0.0,0.0,0.0,22244.428469698352,1.0,34.97993000249294,22315.1309196111
2.0,5.001029479845633,1.0041179193825336,2.9989705201543666,2.0072063589194338,1.9989705201543666,3769.0,1518.8675721698032,0.0,11234.685074897061,10694.58624483188,22964.94450381816,0.0,279.7117456432226,0.0,0.0,0.0,22964.94450381816,1.0,28.9969115604631,23244.656249461383
1.0,6.158938283276757,5.0,2.1589382832767567,8.046370300339461,1.0,3769.0,577.1128872081471,0.0,8494.656869222623,7936.378647420585,5841.061716723243,0.0,0.0,0.0,0.0,0.0,0.0,1.0,23.841061716723242,5841.061716723243
2.0,7.531460583231416,2.8741576670743374,3.0,2.0,2.0629211664628313,3769.0,764.8618978622113,0.0,6379.515710060606,6171.322481093627,10613.988795869005,0.0,0.0,0.0,0.0,0.0,10241.966387607014,1.0,29.84606641554557,10613.988795869005
2.0,6.94430363495783,1.0,3.0,1.0,1.0,1624.8049022432094,1440.0,0.0,9479.589078578745,8601.644839135446,37777.21453983132,0.0,0.0,0.0,0.0,0.0,10387.33998453613,2.05569636504217,34.88860726991566,37777.21453983132
1.0,5.204387239387438,5.0,3.0,9.0,1.0,3769.0,1648.1402811351336,0.0,12354.127935895347,11656.638378095775,11585.262859985929,0.0,1468.8112381810756,132.85170560183468,0.0,0.0,0.0,2.795612760612562,31.204387239387437,13186.92580376884
1.0,6.145790225538434,5.0,2.145790225538434,9.0,1.0,3769.0,278.1314661692349,0.0,15505.648573661207,13975.193060905542,4381.702999898352,0.0,2306.3663910462283,0.0,0.0,0.0,3245.997142953951,1.0,24.27104887230783,6688.06939094458
1.527024096211862,7.0,5.0,3.0,6.891903615152552,1.0,2446.696542604438,968.9159998270146,0.0,12673.384843756632,10979.759494138121,50783.8072303051,0.0,0.0,0.0,0.0,0.0,37905.36144317793,1.0,27.10809638484745,50783.8072303051
2.0,6.174079234200104,1.0,2.1740792342001036,1.0,1.0,3695.9867822906835,1440.0,0.0,8617.017718698984,7554.75086626778,20333.342621560187,0.0,0.0,0.0,0.0,0.0,18237.40792342001,1.0,34.34815846840021,20333.342621560187
1.0,7.0,5.0,3.0,6.911378983070051,1.0,3769.0,632.0084029038956,0.0,18473.95021249015,15229.268573741329,15562.08488988684,0.0,179.02465859399555,0.0,0.0,0.0,8368.007502158092,1.0,24.29837443098999,15741.109548480837
1.0,5.320105670655057,5.0,2.8399471646724717,7.879630152707303,1.0,1644.7736205433184,1241.2143785232101,0.0,4294.30161330602,3826.133325801015,3883.478781130406,0.0,0.0,0.0,0.0,0.0,0.0,1.0,29.60052835327528,3883.478781130406
1.7728227800168046,6.227177219983195,5.0,3.0,7.409759460117631,1.0,3769.0,488.11114278756463,0.0,20316.744095858954,18202.452253279596,11577.030138757316,0.0,136.30633198991728,0.0,0.0,0.0,10081.36356712001,1.0,21.90870887993278,11713.336470747234
1.0,7.539892633937132,5.0,3.0,9.0,1.0,3769.0,588.066549329835,0.0,3440.815717640649,3225.12699107725,9738.218252230687,0.0,0.0,0.0,0.0,0.0,0.0,1.4601073660628678,25.84973158484283,9738.218252230687
1.868664873590622,5.262670252818756,5.0,2.0,1.0,1.0,3392.234319525158,501.8419365221283,0.0,11214.184193652212,9726.321506183878,10175.341443759007,1302.997310385933,0.0,18949.318988724975,0.0,0.0,6005.750050524021,2.737329747181244,22.97002689614067,30427.657742869917
2.0,6.868054322532293,4.472217290129171,2.1319456774677072,8.07638025772605,1.0,3769.0,543.5032847739717,0.0,8040.081661353789,7144.4146987615395,3413.9917004629897,0.0,0.0,0.0,30.875288527443473,0.0,3651.4939199048627,1.0,24.979185162015607,3444.866988990433
2.0,7.9632366534401315,1.0,2.963236653440132,2.1470533862394725,2.926473306880264,3769.0,292.7851457528029,0.0,6499.330315515465,6120.801588849292,10471.690374470323,0.0,0.0,0.0,0.0,0.0,9797.42471706223,1.0,35.036763346559866,10471.690374470323
2.0,6.968697686252484,4.8747907450099355,2.9373953725049677,8.780883803767386,1.0,1813.1993714562352,1466.606966685389,0.0,8742.969362836688,8067.964340716927,18911.7900798595,0.0,6.886509024453574,0.0,0.0,0.0,13005.697021102047,1.9686976862524839,29.15651156873758,18918.676588883955
1.0,6.731270066973686,5.0,3.0,6.850160535789485,1.0,4046.06056095013,496.6616136039456,0.0,15318.440328895136,13280.512395667767,7577.703352909211,0.0,641.7270800668389,0.0,0.0,0.0,537.459866052629,1.0,23.224759196315773,8219.43043297605
1.0904754890521815,6.9095245109478185,5.0,2.0,2.54285293431309,1.0,3769.0,216.2760487885407,0.0,4017.923686073184,3917.6037567767244,4472.857353284346,0.0,0.0,45.23774452609081,0.0,153.80833138870867,99.52303795739977,1.0,38.09047548905218,4671.903429199145
2.0,6.857360092092499,4.4294403683699946,2.142639907907501,8.00152064464749,1.0,3769.0,805.1885771361531,0.0,8165.046839295115,7369.6052337695655,20008.497568688552,0.0,0.0,0.0,0.0,0.0,20008.497568688552,1.0,25.1426399079075,20008.497568688552
2.0,6.035479527729791,5.0,3.0,9.0,1.0,3769.0,167.36136850086376,0.0,9944.654470753798,9253.921280112467,1538.6622315858704,0.0,0.0,0.0,0.0,0.0,0.0,1.0,23.070959055459582,1538.6622315858704
1.2399059215619028,5.239905921561903,4.040376313752389,3.0,1.0,1.0,1168.9568846521481,1440.0,0.0,8024.507642396992,7200.355544985792,0.0,0.0,0.0,0.0,0.0,0.0,0.0,1.2399059215619028,29.67934145093332,0.0
1.4422987623809103,5.884597524761821,5.0,2.8845975247618205,5.903908663333628,1.0,3769.0,188.8459752476182,0.0,8389.923684158099,7846.423621579848,2111.540247523818,0.0,83.65518564286346,0.0,0.0,0.0,2111.540247523818,1.0,22.88459752476182,2195.1954331666816
1.6880480095048696,7.0,5.0,1.623903980990261,1.623903980990261,1.0,3274.293481165999,1103.0918502652592,0.0,7205.952457755301,6780.110284492703,10186.521956977247,0.0,353.4416052309828,0.0,0.0,0.0,6952.696312304361,1.623903980990261,33.072912180592525,10539.96356220823
1.3207427404381273,6.679257259561872,3.71702903824749,2.0,6.43405807649498,1.0,3134.2501166729458,706.4021596731777,0.0,9458.744163015399,8438.75178009675,35910.909382844286,0.0,0.0,0.0,0.0,0.0,35910.909382844286,1.0,28.528170144819402,35910.909382844286
2.0,6.448845345228234,5.0,3.551154654771766,6.795381380912936,1.0,3507.477116310797,469.2736186970833,0.0,5954.392443018245,5335.026172731112,14724.422672614117,0.0,0.0,0.0,0.0,0.0,13275.577327385883,1.0,21.929041291701182,14724.422672614117
2.0,6.491674024061929,5.0,1.5083259759380714,3.0333039037522855,1.0,2483.2165368290507,1440.0,0.0,7389.869371592625,6950.170872501258,11283.948247642178,0.0,0.0,0.0,0.0,0.0,6711.029741626697,1.0,36.71253310827868,11283.948247642178
2.0,6.799640856451287,4.198563425805149,3.0,7.597485995159012,1.4007182870974253,3769.0,328.3555521132255,0.0,6652.546932668057,6225.441746564917,4672.412800297855,0.0,0.0,0.0,0.0,0.0,4672.412800297855,1.7996408564512874,24.40430972258455,4672.412800297855
2.0,6.868122813490531,1.0,2.868122813490531,1.0,1.0,3465.4770300367245,1440.0,0.0,15114.133552870328,13203.764707347327,39715.14527713955,0.0,0.0,868.122813490531,0.0,0.0,39715.14527713955,1.0,38.604368440471596,40583.26809063008
1.0,6.285075959797752,5.0,2.2850759597977524,3.280607678382019,1.0,3562.3869523815506,1157.774799800225,0.0,16139.999103976561,14120.717605206315,18551.043791722295,0.0,0.0,1072.3860603033716,0.0,0.0,8881.076857793822,1.0,27.57462020101124,19623.429852025663
1.0,5.562750286343382,5.0,2.4372497136566174,7.688250859030148,1.0,3769.0,730.9346392073379,0.0,17783.670123655887,15115.496639162884,32251.00114537353,0.0,0.0,6915.821649782423,0.0,0.0,7813.751431716913,1.0,25.31174914096985,39166.82279515595
2.0,7.0,2.886129840410051,3.0,2.886129840410051,1.0,2560.0301481478186,1440.0,0.0,14134.93613911409,12573.656963685122,43300.72722071759,0.0,0.0,528.4675398974873,0.0,0.0,42357.662300512566,1.0,34.28467539897487,43829.19476061508
2.0,7.456767194210042,5.0,2.456767194210042,5.345862446319665,1.0,4209.32357521848,907.631850325841,0.0,7577.174493852662,6625.181922928608,19603.264821321958,0.0,0.0,0.0,0.0,0.0,19603.264821321958,1.0,26.370301582630127,19603.264821321958
1.8407542617207355,5.840754261720735,5.0,2.1592457382792647,3.114720167954851,1.0,3769.0,2182.3990348479592,0.0,6714.627954994514,6061.881972292795,26186.28589558985,0.0,0.0,0.0,0.0,0.0,26186.28589558985,1.0,24.88527983204515,26186.28589558985
1.2037012492762742,6.203701249276274,5.0,1.4074024985525484,1.7962987507237258,1.0,3521.9103846278795,3360.6725867456266,0.0,17259.99809522788,15865.775755193139,83965.56777860415,0.0,0.0,48494.593919074905,0.0,0.0,0.0,1.4074024985525484,33.98149375361863,132460.16169767905
1.0,5.908835509593809,5.0,3.726506528781425,1.7293159232495334,1.0,2402.6781835035945,1440.0,0.0,8812.665682058296,8244.25607378518,11425.166454821816,0.0,0.0,0.0,0.0,0.0,9091.164490406192,1.0,25.911644904061916,11425.166454821816
1.1536580381611126,5.846341961838887,4.38536784735555,1.3073160763222254,1.1536580381611126,1.0,2534.1870776770634,1461.5121253425557,0.0,7744.19604902033,6922.576321505931,12137.8239237188,0.0,2065.074386886885,0.0,0.0,0.0,12137.8239237188,1.0,29.768290190805562,14202.898310605686
1.5463063653947173,6.5463063653947176,2.8147745384211307,3.0,3.268468173026413,1.0,3742.2309880956586,1440.0,0.0,14219.49217197096,12642.372119500451,43175.85544223698,0.0,0.0,546.3063653947173,0.0,0.0,42268.46817302641,1.0,38.09261273078943,43722.161807631695
2.0,6.939291212543488,5.0,2.469645606271744,5.242835149826049,1.0,4221.738364445961,899.0385183971788,0.0,7517.827429320592,6650.7617910348945,19614.4209572509,0.0,0.0,0.0,0.0,0.0,19614.4209572509,1.0,26.939291212543488,19614.4209572509
2.0,7.0,5.0,2.0357237849566387,1.142895139826555,1.0,3995.873902837508,1416.958158702968,0.0,18660.069095074665,15287.864327601217,33928.552430086726,0.0,0.0,1767.8485935390252,0.0,0.0,9910.690537608403,1.0,27.857104860173443,35696.401023625745
2.0,6.0,5.0,3.0,2.0,1.0,3769.0,1210.243908116327,0.0,9907.467030129681,9302.205917342102,11697.007326637848,0.0,0.0,0.0,0.0,0.0,11564.925914749467,1.0,29.780786967184163,11697.007326637848
1.0,7.0,5.0,2.1766718933739115,1.7058320266565221,1.0,4101.115641904787,1447.0583202665653,0.0,3069.612005095173,2014.342647980164,7911.920717364781,0.0,0.0,0.0,0.0,0.0,6441.080850647392,1.0,31.94167973343478,7911.920717364781
2.0,6.823672069919822,1.3526558601603558,3.0,2.0,1.0,3769.0,1003.9849749745654,0.0,10581.047319038707,9619.714301634449,30337.66798610354,0.0,0.0,0.0,0.0,0.0,30000.0,1.911836034959911,32.55918017479956,30337.66798610354
1.9675112636137777,6.967511263613778,5.0,1.097466209158667,2.9350225272275554,1.0,1537.0157069963748,809.182656123817,0.0,7665.527755929565,6939.3757284790845,10436.647294643659,0.0,0.0,0.0,0.0,0.0,9967.511263613778,1.0,32.74009010891022,10436.647294643659
1.8145411253233457,6.814541125323346,1.7418354987066174,2.1854588746766543,2.0,1.0,3769.0,1802.0996366197455,0.0,13513.523739350292,11163.016934636344,57781.88312014982,0.0,0.0,370.9177493533087,0.0,0.0,2781.883120149815,1.0,36.77449350388015,58152.800869503124
2.0,6.46209729076566,1.0,3.0,5.234681035359625,2.0758054184686787,3769.0,842.7416255406035,0.0,7189.792479000279,6685.4437695625065,3257.7934285423667,0.0,0.0,0.0,0.0,0.0,2795.696137776706,1.0,35.84838916306264,3257.7934285423667
1.001231835166426,7.0,4.995072659334296,3.0,8.992608989001445,1.0,3769.0,499.8571071206946,0.0,22393.211875648627,22152.916235208682,0.0,0.0,0.0,0.0,0.0,0.0,0.0,1.0,23.019709362662816,0.0
2.0,7.0,5.0,3.0,6.606690939510292,1.0,2267.7968918078304,982.0930822395667,0.0,17335.35952620105,13847.783335391203,50523.07155761119,0.0,0.0,0.0,0.0,0.0,38629.87209757657,1.0,26.589963590734563,50523.07155761119
1.0,7.0,5.0,1.6073064482626713,4.748854862161301,1.0,3769.0,179.15070951660823,0.0,4146.1185334876,3553.527406629378,4617.808065521199,0.0,0.0,0.0,0.0,0.0,0.0,1.7853871034746576,31.32420962046541,4617.808065521199
1.2475399556033753,6.0,1.0,2.0,1.0,1.0,2474.7386404009285,1440.0,0.0,6847.0,5395.0,37840.0,0.0,0.0,0.0,0.0,0.0,37840.0,1.0,36.75246004439663,37840.0
2.0,7.0,5.0,3.4415873274168023,5.091111291917614,1.0,3769.0,419.61428920126826,0.0,4595.400575047853,4224.661540136919,7295.003119328044,0.0,0.0,0.0,0.0,0.0,0.0,2.116825345166396,22.116825345166397,7295.003119328044
1.2255401424437355,5.2255401424437355,5.0,3.2255401424437355,9.0,1.0,1810.391020240207,1252.1250613443683,0.0,4534.942916803863,4075.3254235708105,3367.6961084443633,0.0,338.31021366560316,0.0,0.0,0.0,0.0,1.6766204273312062,27.323379572668795,3706.0063221099663
1.0,7.0,5.0,3.0,8.03504718553086,1.0,3769.0,1266.3084933955547,0.0,6867.4975918716555,6465.039668035013,8107.431413344231,0.0,2280.151583770114,0.0,0.0,0.0,8107.431413344231,1.3216509381563801,30.07009437106172,10387.582997114345
1.3484805331977352,6.651519466802265,2.3939221327909412,2.348480533197735,1.3484805331977352,1.0,6263.016518919069,1450.454415995932,0.0,11557.155079578672,10250.787559456632,11808.335706741245,0.0,0.0,0.0,0.0,0.0,11581.823360162718,1.6515194668022648,30.21215573441812,11808.335706741245
1.0,6.325925463952075,2.3037018558082996,2.0,3.607403711616599,1.0,3048.414320964768,1088.000498931759,0.0,8100.183408895728,6855.472003969247,36914.371682376106,0.0,0.0,0.0,0.0,0.0,36914.371682376106,1.0,33.0888944325751,36914.371682376106
1.5902639388856223,6.590263938885623,5.0,1.819472122228755,4.27788848891502,1.0,4115.484932125861,1129.4200656753019,0.0,4328.617510921731,3902.7512294237886,10976.886818855704,0.0,0.0,590.2639388856225,0.0,0.0,0.0,3.0,24.36105575554249,11567.150757741329
2.0,6.433246748971656,2.7329869958866224,2.566753251028344,2.0,1.0,3769.0,2931.9896098765985,0.0,8316.112210040908,7618.902858929848,20170.025975308505,0.0,0.0,0.0,0.0,0.0,20170.025975308505,1.0,27.732986995886623,20170.025975308505
2.0,6.015648592597096,5.0,3.0,2.984351407402904,1.0,3769.0,496.087851850726,0.0,6841.062456305235,5647.822648307181,8818.433492748924,0.0,0.0,0.0,0.0,0.0,25.147288303533287,2.968702814805808,20.984351407402904,8818.433492748924
1.8504193573324343,6.850419357332434,4.401677429329737,2.8504193573324343,5.252096786662171,1.0,3609.098292988372,1440.0,0.0,4549.166896487763,3587.008446311245,37976.06709717319,0.0,0.0,10205.03228798921,0.0,0.0,32873.55095317859,1.0,37.850419357332434,48181.0993851624
1.0,6.0,5.0,3.0,9.0,1.0,3769.0,588.1510834795663,0.0,2961.4197967182217,2809.854091424702,9842.036477143825,0.0,0.0,0.0,0.0,0.0,0.0,2.0708028067283797,22.46459859663581,9842.036477143825
1.6804566263593252,6.3609132527186505,2.278173494562699,2.6804566263593252,2.6804566263593252,1.0,3769.0,692.6788989368919,0.0,25876.747524411952,25128.331090553787,176.38794224965244,0.0,0.0,0.0,0.0,0.0,176.38794224965244,1.0,33.887306021749204,176.38794224965244
2.0,6.208909832240063,3.4178196644801253,3.0,6.23118441284022,1.0,3769.0,1128.9396430626591,0.0,7132.560975192457,6652.454879341067,237.3270503279812,0.0,0.0,0.0,0.0,7356.963722372944,7356.963722372944,1.7910901677599373,26.328721342079497,7594.290772700925
2.0,7.0,1.1012005925172406,3.9746998518706897,1.0,1.0,4036.761581039448,1440.0,0.0,10977.867880260656,9539.529960250482,14154.040759721544,0.0,0.0,7.590044438793029,0.0,0.0,14154.040759721544,1.0,29.05060029625862,14161.630804160337
2.0,6.278112372073065,5.0,3.0,2.721887627926935,1.0,3769.0,430.47190698173375,0.0,7362.053058565034,6282.197603300598,9295.330180056759,0.0,0.0,0.0,0.0,0.0,446.9265819214154,2.44377525585387,20.721887627926936,9295.330180056759
1.656983857564493,6.656983857564493,5.0,1.656983857564493,7.02904842730652,1.0,3769.0,980.3583691364207,0.0,10991.098038331105,10224.840943969495,19128.063148214227,0.0,0.0,72728.99317528438,0.0,0.0,16471.07929064973,1.0,29.226822433209424,91857.05632349862
1.7570592676112233,7.242940732388776,5.0,3.0,3.700585126721437,1.0,3769.0,408.58814647775534,0.0,5177.576689249593,4668.289486543556,8584.975839992063,0.0,0.0,0.0,0.0,0.0,0.0,2.5141185352224467,23.971762929555105,8584.975839992063
1.952648638038717,6.905297276077434,5.0,1.0,1.047351361961283,1.0,3084.0456292501626,1417.2713462585841,0.0,7039.401954550601,6692.0376276798925,10803.972957058075,0.0,31.251898894446754,0.0,0.0,0.0,6208.1459533728985,1.0,38.24237820861947,10835.224855952521
2.0,6.90781865298464,1.3687253880614394,2.9078186529846404,8.90781865298464,1.0,3769.0,227.51445593291837,0.0,5232.885274768152,4812.114974216022,3110.6176164184317,0.0,488.4064353057364,46.090673507679924,0.0,156.70828992611177,101.39948171689582,4.631274611938561,31.737450776122877,3801.82301515796
2.0,7.724285308126412,2.1028587674943524,2.275714691873588,2.0,1.0,3769.0,1953.4276778781061,0.0,6078.196885352145,5420.665495772009,8066.171526049661,0.0,0.0,0.0,0.0,0.0,131.09564077088055,1.5514293837471762,32.41570900564335,8066.171526049661
1.749161639101283,6.498323278202566,2.0033534435948677,3.0,3.0067068871897353,1.0,3017.590875981413,1179.1281046653344,0.0,9456.48355798635,8325.35277368615,22499.771958035522,0.0,0.0,0.0,0.0,0.0,19877.706221181033,1.0,31.735747864721812,22499.771958035522
1.1459220740351455,6.145922074035146,5.0,3.0,7.978545481753982,1.0,3769.0,462.48935111578254,0.0,4067.140408521859,3755.8616565344723,9452.790654870094,0.0,0.0,0.0,0.0,0.0,0.0,1.291844148070291,23.0,9452.790654870094
2.0,5.0,1.4111696179706628,3.0,5.691622786522003,1.0,3769.0,1358.3828308328234,0.0,10574.571820810666,9227.084984854066,18205.58480898533,0.0,0.0,102.7924044926657,0.0,0.0,1076.6491146088013,2.205584808985331,29.869283550580676,18308.377213477997
1.0,6.141809003688328,5.0,3.0,5.567236014753314,1.0,2431.0802367501046,1440.0,165.56230553480765,7956.078300221763,7179.4817163102825,668.5291716595164,0.0,0.0,0.0,0.0,342.54270110649855,668.5291716595164,1.0,26.28728649446751,1011.071872766015
1.9816323630594601,7.0,1.07347054776216,3.0,1.14694109552432,1.0,7058.450048612251,1422.3670685370816,0.0,17262.67602611722,14578.300383672335,8036.73527388108,0.0,0.0,0.0,0.0,4908.1618152973,11963.26472611892,1.0,36.76122071977298,12944.89708917838
2.0,6.035287236896817,2.929425526206366,3.4470691446547748,4.623505329138859,1.0,2390.355796687821,1440.0,0.0,6483.790908465587,5680.63780215111,13308.428125752926,0.0,0.0,0.0,0.0,0.0,13308.428125752926,1.0,30.10586171069045,13308.428125752926
2.0,7.789650420081132,1.8413983196754744,2.2103495799188684,2.0,1.0,3769.0,2097.230924178489,0.0,6119.638366331437,5455.831926003649,8050.483899180528,0.0,0.0,0.0,0.0,0.0,142.92672603468478,1.4206991598377372,33.26545546105471,8050.483899180528
1.0,6.653983432355161,2.3840662705793583,2.3079668647103206,1.6920331352896791,1.0,7275.005180856015,2170.7869908659013,0.0,9558.914538042449,8334.78604535802,0.0,0.0,0.0,0.0,0.0,0.0,0.0,1.6539834323551603,35.65398343235516,0.0
1.775804735792956,7.224195264207044,1.8967810568281758,3.7758047357929563,1.0,1.0,5276.661077366054,1440.0,0.0,10691.456238883706,9231.385209372253,13801.80034666058,0.0,0.0,0.0,0.0,0.0,13801.80034666058,1.224195264207044,29.224195264207044,13801.80034666058
1.0,6.058762495767613,1.0,3.0,1.0,1.0,6551.170540905308,1440.0,0.0,9464.592633200602,8587.862581524578,37764.95001692955,0.0,0.0,0.0,0.0,0.0,10353.61254655625,2.0587624957676134,36.176287487302844,37764.95001692955
2.0,7.0,1.0,3.0,8.49308609497561,1.0,3769.0,1016.2409082921952,0.0,8936.569096979318,7927.866035434146,31666.867958953026,0.0,0.0,0.0,0.0,0.0,31666.867958953026,1.0724162721463415,32.07241627214634,31666.867958953026
1.4657577940235549,7.0,2.8630311760942195,3.0,4.726062352188439,1.0,3785.56150838527,825.1997118889076,0.0,8601.747031607383,7888.652556871016,6232.878897011778,0.0,0.0,0.0,0.0,0.0,6232.878897011778,1.5342422059764451,28.41090647171734,6232.878897011778
1.8825334858196001,6.1174665141804,4.5301339432784005,2.2349330283607998,1.0,1.0,4891.981019211624,1440.0,0.0,12832.742195427058,10724.137281977275,14903.442525343711,0.0,0.0,0.0,0.0,0.0,14903.442525343711,1.0,27.3523995425412,14903.442525343711
1.9174914655595787,5.9174914655595785,5.0,2.9174914655595785,6.247525603321264,1.0,3769.0,1323.662966439006,0.0,2544.891985900612,2463.466045930079,0.0,0.0,0.0,0.0,0.0,0.0,0.0,2.8349829311191574,26.834982931119157,0.0
1.1754859531031663,5.175485953103166,4.298056187587335,3.0,1.0,1.0,629.7661996745169,1440.0,0.0,8371.08206547834,7636.574502907195,0.0,0.0,0.0,0.0,0.0,0.0,0.0,1.3509719062063323,29.754859531031663,0.0
1.6421986490717286,7.0,5.0,2.0,6.495390543502101,1.0,3059.4799211092377,404.5886214270048,0.0,11831.73647128612,10315.225768177259,4909.995485734639,0.0,53.670202639240706,0.0,0.0,0.0,4909.995485734639,1.3578013509282714,25.862410807426173,4963.665688373881
1.6779052977806646,5.644189404438671,1.0,3.0,1.6779052977806646,1.0,3778.9849357687995,993.260408762542,0.0,7862.996412569059,7462.683636251034,6033.895264889034,0.0,1084.6484764490633,0.0,0.0,0.0,4237.446225770272,1.3220947022193354,27.89885231997402,7118.543741338097
1.9774663863147857,7.0,5.0,1.0450672273704285,2.1577352957965,1.0,3769.0,315.8312814682354,0.0,11651.95512644375,11115.031815424407,2490.6593398854825,0.0,0.0,0.0,0.0,0.0,2458.4029491370948,2.9549327726295713,25.864798317888713,2490.6593398854825
2.0,7.0,5.0,2.799140910137706,1.4017181797245883,1.0,3883.277150149692,1391.7938184330494,0.0,12587.798301220566,11711.952937395778,13494.727984989193,0.0,0.0,440.60136290360595,0.0,0.0,13494.727984989193,1.0,28.99140910137706,13935.329347892799
2.0,6.306806059177319,3.7727757632907237,2.693193940822681,2.0,1.6136121183546381,3769.0,1166.262001414454,0.0,10539.46212950585,9668.513548390609,11697.899295815274,0.0,0.0,0.0,0.0,0.0,11247.323234280531,1.0,29.295284828482465,11697.899295815274
2.0,7.821440728009867,1.7142370879605342,2.642881456019733,2.1785592719901334,2.642881456019733,3364.384689670357,345.243447602682,0.0,6687.3790107967625,6260.954961616432,10441.072036400494,0.0,0.0,0.0,0.0,0.0,9794.639817997533,1.0,34.64288145601973,10441.072036400494
1.9588165047207284,6.917633009441457,5.0,2.0,9.0,1.0,3769.0,192.9988058025238,0.0,6053.889663992942,5863.156374598784,479.40825236036414,0.0,0.0,0.0,0.0,0.0,0.0,1.0,23.082366990558544,479.40825236036414
2.0,7.0,2.318458166582351,3.0,3.6369163331647023,1.0,3629.0904397674176,1440.0,0.0,10736.855152936529,9541.954495420088,17122.920716607645,0.0,0.0,0.0,0.0,0.0,14541.886554215149,2.0,31.681541833417647,17122.920716607645
2.0,7.903099948710654,1.1938001025786922,2.048450025644673,2.048450025644673,1.0,3769.0,2460.1929471719736,0.0,6279.9866642840825,5570.986451051432,8038.275520259292,0.0,0.0,0.0,0.0,0.0,172.23054535831417,1.096900051289346,35.2732496153299,8038.275520259292
2.0,7.0,5.0,2.0,1.8757800332719405,1.0,3460.3133826807725,1229.8127920147342,0.0,11237.867396998397,9960.871295837444,5692.814548085082,0.0,289.0074109797404,8441.010149723734,0.0,0.0,5692.814548085082,1.0,25.614859567464773,14422.832108788554
1.8962213026850383,5.207557394629923,1.0,2.8962213026850385,1.8962213026850383,1.0,3757.1692285060944,1565.4709823759054,0.0,6163.669499463787,5674.04520153374,12902.39486651422,0.0,0.0,0.0,0.0,0.0,12902.39486651422,1.0,33.896221302685035,12902.39486651422
2.0,6.215670087869192,2.6208934504922556,2.594776637376936,2.0,1.0,3769.0,808.9604120209914,0.0,8129.186251200069,7861.658004873487,5004.523724432495,0.0,2055.471059588324,0.0,0.0,0.0,3428.3656353836145,1.0,25.405223362623065,7059.994784020819
1.0,5.0,5.0,2.0,6.316232073037318,1.0,3769.0,143.10164835057017,0.0,5667.2191562653525,5131.248956971365,0.0,383.395418137526,0.0,0.0,0.0,0.0,0.0,1.766790836275052,27.300372508825156,383.395418137526
1.612944174865606,6.225888349731212,5.0,1.7741116502687881,9.0,1.0,3769.0,794.7715532204063,0.0,10333.794373413122,9458.555790855053,11495.25889329141,0.0,633.2233299198687,0.0,0.0,0.0,1108.2030681570154,2.387055825134394,24.87055825134394,12128.482223211278
1.7011641136626863,6.701164113662686,3.8046564546507446,3.0,6.9081487956388035,1.0,3769.0,631.0313700214067,0.0,5339.116271227525,4885.181006492671,14551.746170494029,0.0,0.0,0.0,0.0,0.0,13149.417943168657,1.2988358863373137,24.78137418139702,14551.746170494029
1.9352018152994597,6.870403630598919,5.0,1.0,1.0647981847005403,1.0,3096.5898947996884,1408.8968713437407,0.0,7053.551327792138,6701.9997634640085,10777.802722949189,0.0,42.76680190235663,0.0,0.0,0.0,6220.3587292903785,1.0,37.963229044791355,10820.569524851546
1.9473504626310387,7.0526495373689615,5.0,2.8947009252620775,8.842051387893116,1.0,3769.0,170.55038007440817,0.0,5574.5176239134225,5053.471457366249,15000.0,0.0,7.897430605344198,0.0,0.0,0.0,13105.299074737923,1.0526495373689613,20.84239259790338,15007.897430605344
2.0,5.374695339786053,5.0,1.3746953397860522,2.0,1.6253046602139478,3769.0,1694.5978485175888,0.0,8481.880720089612,7701.763730567456,28688.566310748818,0.0,0.0,0.0,0.0,0.0,28688.566310748818,1.6253046602139478,25.37469533978605,28688.566310748818
1.7834227259416147,7.0,1.0,2.0,5.133690903766459,1.0,3769.0,1797.3525021963358,0.0,6687.887962326549,5865.470798945758,11284.948896960033,0.0,0.0,0.0,0.0,0.0,11284.948896960033,1.0,34.917113629708076,11284.948896960033
1.387742014118842,6.612257985881158,3.449031943524632,3.612257985881158,6.285805901168106,1.0,3769.0,479.0678248953783,0.0,6187.875374332453,5801.916661824174,1816.3226042356525,0.0,0.0,0.0,0.0,198.3715874254952,1816.3226042356525,1.387742014118842,34.285805901168104,2014.694191661148
2.0,6.515601552425959,3.0624062097038376,2.4843984475740406,2.0,1.0,3769.0,2941.872186291115,0.0,8272.793583423945,7584.478551085949,20145.319534272214,0.0,0.0,0.0,0.0,0.0,20145.319534272214,1.0,28.062406209703838,20145.319534272214
1.0,7.0,5.0,3.0,3.0,1.0,3769.0,808.0474129980644,0.0,22447.217685531938,19028.4805399793,9603.50792902045,0.0,0.0,1153.2115977825479,0.0,0.0,9603.50792902045,1.0,22.3216402365985,10756.719526802997
1.5530014525919584,6.106002905183917,5.0,2.5530014525919587,5.871010168143709,1.0,3769.0,902.0688234005137,0.0,27102.576695491127,26379.818264290443,246.74319816923895,0.0,0.0,0.0,0.0,0.0,246.74319816923895,1.0,21.893997094816083,246.74319816923895
1.40252413736807,7.0,2.6100965494722796,1.59747586263193,1.0,1.0,4352.415144824208,1440.0,0.0,6178.931545199705,5530.780096957622,13056.080897871876,0.0,0.0,402.5241373680699,0.0,0.0,0.0,2.40252413736807,31.37728276368737,13458.605035239945
1.216167446581138,7.0,5.0,2.783832553418862,7.2706604273508955,1.0,3231.823895245872,1440.0,924.1385804808382,10349.437748322656,9356.664019732892,8527.540967692536,0.0,0.0,972.7535096151214,0.0,0.0,6724.726094829153,1.0,25.24251169871707,9500.294477307656
1.4809038314489849,7.0,3.0763846742040606,3.9618076628979697,3.5954808427550757,1.0,3038.5070800289923,1440.0,0.0,6886.751062100577,6239.209370145801,7402.818626795588,0.0,0.0,0.0,0.0,0.0,5845.530121142542,1.0,30.84723065159188,7402.818626795588
1.9592458939075272,5.0815082121849455,1.163016424369891,3.0,6.122262318277418,1.0,3769.0,1394.1108765398756,0.0,10710.537580512637,9295.968142714339,17948.120022944284,0.0,0.0,52.980337920214595,0.0,0.0,1151.0950726890326,1.9592458939075272,31.081508212184946,18001.100360864497
1.8360005190105029,6.836000519010502,5.0,1.3279989619789945,7.852003633073519,1.0,3769.0,149.016003114063,513.6437036450029,13719.778237959343,11803.138113396823,50344.9086306396,0.0,0.0,10991.998442968492,0.0,0.0,1734.5819727449762,1.0,21.65599792395799,61336.90707360809
2.0,6.4386072164895385,2.7544288659581535,2.5613927835104615,1.4386072164895385,1.0,3230.6243206134673,1618.9517443277316,0.0,6724.472802070974,6125.9535649540685,0.0,0.0,0.0,0.0,0.0,0.0,0.0,1.5613927835104615,31.491142268083692,0.0
2.0,7.174479679622175,3.8993062394962332,3.0,1.2751734401259416,1.0,4467.732803718593,1539.062438445339,0.0,7081.230823098689,6088.616155640652,19404.9173943434,0.0,0.0,0.0,0.0,0.0,19404.9173943434,1.0,28.0,19404.9173943434
2.0,7.0,5.0,2.8134427033796428,4.25377081351857,1.0,3906.0473677596515,1098.3540645805501,0.0,17007.02753396657,14414.097122752972,32373.114593240716,0.0,0.0,1067.9015669583218,0.0,0.0,7966.393241550893,1.0,25.55967188986107,33441.01616019904
1.0,5.699411628253092,5.0,2.349705814126546,3.797646513012369,1.0,3724.1297011747315,983.6339125648573,0.0,13206.227936059491,11907.658484996382,228.70760243876117,0.0,1138.0148252785443,650.2941858734539,0.0,0.0,228.70760243876117,1.0,31.055001159848715,2017.0166135907593
2.0,7.0,2.917115714305149,3.0,5.6450474999659885,1.0,3769.0,470.0538857166179,0.0,8178.128157878919,7165.025775017346,33198.19732144072,0.0,0.0,0.0,0.0,0.0,20427.06849431032,1.5207210714237127,27.686489642813413,33198.19732144072
1.3842579780577573,6.231484043884485,5.0,3.0,6.694452131653457,1.0,3769.0,441.5736487151754,0.0,10836.506998571207,10126.562200515147,17984.67636218304,0.0,0.0,1184.7226065826728,0.0,0.0,0.0,2.1527739341732715,28.00464628524916,19169.398968765712
2.0,6.670982562185338,3.683930248741351,1.6580348756293244,1.0,1.0,2327.387491301524,1440.0,0.0,16422.328494740053,15306.483866978724,16683.93024874135,0.0,0.0,658.0348756293243,0.0,0.0,16683.93024874135,1.0,31.645087189073312,17341.965124370676
2.0,7.0,3.1192696292133397,3.4105477780899953,1.529817407303335,1.0,2625.045751969014,1574.0438040477438,0.0,7943.672982480299,6805.654333626378,7976.15821667135,0.0,0.0,0.0,0.0,0.0,7976.15821667135,1.0,27.76146074157332,7976.15821667135
1.2557209344050444,5.0,5.0,2.0,1.7442790655949556,1.0,3654.181300452135,1654.3012950696277,0.0,14403.377098320689,12328.152915028018,5971.739550739168,383.5814016075667,0.0,15013.330260513798,0.0,0.0,1022.8837376201777,1.5114418688100888,24.72139532797478,21368.65121286053
2.0,6.0,4.487331115892484,3.871832778973121,8.102829452811848,1.0,3769.0,836.8038273011937,0.0,5237.928627144246,4988.655743090073,2256.334442053758,0.0,1430.7897006454855,0.0,0.0,0.0,0.0,4.256334442053758,25.897170547188153,3687.124142699243
1.4336553339563889,6.566344666043611,3.2653786641744444,3.0,3.831723330218056,1.0,3792.417388033645,1440.0,0.0,7018.224229552028,6283.350813409972,7005.828126893453,0.0,0.0,0.0,0.0,0.0,5306.79412876262,1.4336553339563889,30.03558733769472,7005.828126893453
1.0,7.0,5.0,2.043661657707361,1.0873233154147224,1.0,2842.308146318433,1419.0424043004666,0.0,27305.717912337903,21656.21861212571,13225.353369170556,0.0,0.0,956.3383422926388,0.0,0.0,13225.353369170556,1.0,26.825353369170557,14181.691711463194
1.1616725441468025,6.8383274558531975,4.35330982341279,2.0,7.706619646825579,1.0,3788.8857229300565,1037.6028211904652,0.0,9586.280060378995,8832.077944486145,17710.40785912444,4191.637279265987,58.68292190972382,838.3274558531973,0.0,0.0,12682.847154089632,1.0,28.970035264880817,22799.05551615335
2.0,6.979138860708462,5.0,3.0,9.0,1.0,3769.0,150.3755005072477,0.0,9323.726629653833,8134.741311199764,2035.027040732651,0.0,0.0,0.0,0.0,0.0,0.0,1.0,24.958277721416923,2035.027040732651
2.0,5.69347396152534,3.6130520769493204,1.6934739615253398,2.0,1.65326301923733,3769.0,1408.042188457602,0.0,9203.24192519156,8204.346737346823,28475.05075860578,0.0,0.0,0.0,0.0,0.0,28475.05075860578,1.65326301923733,29.85431773067738,28475.05075860578
1.3323146253551088,7.667685374644891,5.0,3.0,1.3323146253551088,1.0,2629.261065481171,729.0526015802513,66.7685374644891,4130.415969508153,3862.0614591317308,11594.54559582742,0.0,0.0,0.0,0.0,0.0,9598.166325639197,1.0,30.676853746448913,11594.54559582742
1.5424786357193674,7.0,5.0,3.0,3.0,1.0,3769.0,699.6102548547036,0.0,19940.0,16448.0,9400.0,0.0,0.0,0.0,0.0,0.0,9400.0,1.0,21.3725640928419,9400.0
2.0,5.986553693567599,5.0,2.5067231532162007,5.452937927486597,1.0,3769.0,1032.1016757891607,0.0,9251.56234986629,8480.386074217095,27372.186405613462,0.0,197.31073871351984,0.0,0.0,0.0,11452.937927486597,1.0,21.0134463064324,27569.497144326982
1.9184735104475732,7.0,5.0,3.0,1.6522119164194136,1.0,2654.8916318270935,1358.7996164057831,0.0,23066.658779998113,21628.480078529265,77961.83776118934,0.0,0.0,0.0,0.0,0.0,2445.794686572801,2.8369470208951464,29.592367552237867,77961.83776118934
1.0,7.0,1.0,2.8065227222476636,1.0,1.0,7239.307172683161,1440.0,0.0,11476.015854571693,9923.763763240499,12878.303244527706,0.0,0.0,0.0,0.0,0.0,12878.303244527706,1.5967386388761682,31.790215916628505,12878.303244527706
2.0,6.0,4.117755500310707,3.0,1.2205611249223232,1.4411222498446465,3719.115911995029,1369.4204400248566,0.0,8872.417991019245,7842.6838054381515,3080.504810596648,0.0,0.0,0.0,0.0,0.0,3080.504810596648,2.5588777501553537,30.882244499689293,3080.504810596648
1.0,6.163200422664694,5.0,2.581600211332347,9.0,1.0,3769.0,373.0912701623393,0.0,8044.867863690636,7535.891098920018,1601.5333825390146,0.0,62.759968300147904,0.0,0.0,348.9601267994084,1601.5333825390146,1.0,22.581600211332347,2013.253477638571
1.7964217196577574,7.0,5.0,2.7964217196577574,7.371373757262059,1.0,3789.5614063145667,434.1193680722525,0.0,12342.551813835427,10649.530477876835,11144.516350892587,0.0,0.0,21557.06063589309,0.0,0.0,11144.516350892587,1.0,26.442939364106913,32701.576986785676
1.0,7.0,5.0,3.0,3.1168331560614657,1.0,3769.0,696.2940640800068,0.0,15444.111665379558,14645.78028543127,5298.058615388893,0.0,0.0,0.0,0.0,0.0,987.5315773753969,1.0,24.202262031384667,5298.058615388893
1.1741933365782535,7.651613326843493,5.0,3.0,1.1741933365782535,1.0,8547.943161221647,1388.4387723728369,0.0,9823.845212548064,8494.70953550743,12371.096930932092,0.0,0.0,0.0,0.0,0.0,12371.096930932092,1.8258066634217465,30.174193336578252,12371.096930932092
2.0,7.0,5.0,3.921561102973954,9.0,1.0,3769.0,479.1945622492517,0.0,3235.8564960198687,3138.9152292555564,6091.685476915239,0.0,0.0,0.0,0.0,0.0,187.782719480354,1.0,21.0,6091.685476915239
2.0,6.584092633853059,5.0,2.1681852677061184,9.0,1.0,3769.0,137.9386863817387,0.0,9198.120918506473,8043.038914050342,2733.9107836070402,0.0,0.0,0.0,0.0,0.0,0.0,2.663629464587763,22.504555803118354,2733.9107836070402
1.0,7.8462452920190495,4.384981168076197,2.8462452920190495,1.0,1.0,9254.794527065318,1440.0,0.0,10170.280567094302,8661.984945640816,12423.122646009524,0.0,0.0,0.0,0.0,0.0,12423.122646009524,2.0,30.461264123942854,12423.122646009524
1.0,6.74247036358811,2.4849407271762196,2.8862944546178353,2.8561759089702745,1.0,4369.470401386678,1440.0,0.0,5860.457544755839,5491.828099294055,14852.86903253981,0.0,55.68527726910824,0.0,0.0,0.0,14852.86903253981,1.371235181794055,34.74247036358811,14908.554309808917
1.7353502986657525,7.0,5.0,2.7353502986657525,2.2646497013342475,1.0,3769.0,828.7710272483757,0.0,10586.631215776259,9368.57391113719,35161.62425333562,0.0,158.7898208005484,0.0,0.0,0.0,23576.361821783103,1.0,22.206050895997258,35320.41407413617
2.0,7.0,5.0,2.2322761119332197,2.2322761119332197,1.0,3769.0,1354.1091526894324,0.0,8548.788243123885,7355.918836822235,8081.5904810036045,0.0,0.0,0.0,0.0,0.0,8081.5904810036045,1.0,23.07089555226712,8081.5904810036045
1.0,7.0,5.0,2.980620472427929,5.038759055144142,1.0,4328.0301283427825,743.3140629876355,0.0,4979.797492125513,4453.541649606999,8534.980866131646,0.0,0.0,0.0,0.0,0.0,6059.205275596734,1.0,31.427326771604733,8534.980866131646
1.4566994766367116,7.0,5.0,3.543300523363288,9.0,1.0,3769.0,99.68546598138626,0.0,6924.837474430423,6119.88637057882,1752.5204398132219,0.0,0.0,0.0,0.0,176.02936956970544,923.6108897175902,1.9133989532734232,31.062906803722747,1928.5498093829274
2.0,6.02799173561745,2.9440165287651,3.0,5.597971074661075,1.0,3769.0,341.2211156916443,0.0,6117.60661150604,5673.60661150604,3000.0,0.0,276.52977688109405,0.0,0.0,0.0,0.0,3.541987603426175,26.13995867808725,3276.529776881094
2.0,5.823883243819841,5.0,4.176116756180159,4.295532975279366,1.0,3210.9325991925148,887.9982266407061,0.0,6356.243074223842,5646.882261333899,14411.94162190992,0.0,0.0,0.0,0.0,0.0,13588.05837809008,1.0,24.116408646630553,14411.94162190992
1.0,6.941211108486986,5.0,1.0587888915130146,9.0,1.0,3769.0,102.3280018893705,0.0,4981.80945329459,4629.576653105652,6993.239277476004,0.0,0.0,0.0,0.0,0.0,6960.9053871438455,1.0587888915130146,24.352733349078086,6993.239277476004
1.6044848301509846,7.0,5.0,2.0,6.231393811056893,1.0,2984.693418189403,421.936978130547,0.0,11861.64352969027,10381.338092745324,4856.5550043239455,0.0,59.32727547735229,0.0,0.0,0.0,4856.5550043239455,1.3955151698490154,26.164121358792123,4915.882279801298
2.0,6.393811286438829,5.0,2.6061887135611714,4.756679005071799,1.0,3769.0,1029.2830703417574,0.0,8112.77916747784,7186.9732839797125,25396.905643219416,0.0,157.52451457553138,0.0,0.0,0.0,14515.049029151063,1.0,23.030943567805856,25554.430157794945
1.5977235652558643,7.0,2.6091057389765426,3.4022764347441354,9.0,1.0,3769.0,338.97560436513896,0.0,6840.372030268102,6188.637401728358,2556.5378690116536,0.0,0.0,0.0,0.0,130.33756485709995,1958.8143037557893,1.0,37.59772356525586,2686.8754338687536
2.0,6.207043905394368,4.171824378422526,2.2070439053943685,7.343648756845052,1.0,3561.3349628894484,631.1847835022559,0.0,8115.517679440747,7385.105658580916,20376.81990781775,0.0,0.0,0.0,0.0,0.0,19652.16623893746,1.0,28.070439053943684,20376.81990781775
1.3449906611678915,6.655009338832109,5.0,3.0,4.41493462817524,1.0,3769.0,804.7069107357604,0.0,19834.14946579738,18212.720224131972,12663.723720633556,0.0,393.00560329926515,0.0,0.0,0.0,12117.844452840836,1.0,23.620037355328435,13056.729323932821
1.0078666836593277,5.0157333673186555,5.0,2.0,2.0550667856152938,1.0,3769.0,324.01666454258407,0.0,6023.448400968582,5784.014802192053,3.9333418296637888,992.1333163406724,0.0,0.0,0.0,0.0,0.0,2.9842666326813445,30.937066530725378,996.0666581703363
1.2838545286086451,7.0,3.86458188556542,3.0,7.29687282834813,1.0,3769.0,467.0728746813972,0.0,22441.822978920685,22133.697892054613,0.0,0.0,0.0,0.0,0.0,0.0,0.0,1.0,27.541672457738322,0.0
1.6408489703337685,6.0,5.0,3.0,1.6408489703337685,1.0,2997.1844372472688,1135.1461099505875,0.0,9433.5346633077,8541.224850951705,25688.445400346074,0.0,0.0,0.0,0.0,0.0,13251.841281681149,1.0,26.436604118664924,25688.445400346074
1.6161528481322036,7.0,5.0,1.3838471518677964,2.0,1.0,3007.83109784616,465.86191770976257,0.0,11893.67303225602,11222.8818917612,3096.103771790057,0.0,57.577072780169445,0.0,0.0,0.0,3075.770727801694,2.6161528481322036,27.91923575933898,3153.6808445702263
1.5341871929797515,6.5341871929797515,5.0,3.0,5.4658128070202485,1.0,2428.724332813804,1440.0,0.0,11630.0,10538.0,47000.0,0.0,0.0,0.0,0.0,0.0,45000.0,1.0,32.72650245616199,47000.0
2.0,6.16400193621879,5.0,1.3280038724375811,9.0,1.0,3769.0,125.75605615034493,0.0,9085.116520842854,7975.404311731225,3428.7407974941207,0.0,0.0,0.0,0.0,0.0,0.0,4.343992255124838,19.984011617312746,3428.7407974941207
1.7642079060407903,5.0,5.0,2.0,1.2357920939592097,1.0,3425.8706501876854,770.0424513950659,0.0,12214.84917240044,10475.22639038736,7903.9900429550025,1146.3118590611853,0.0,18420.192970473294,0.0,0.0,3056.8316241631605,2.5284158120815805,22.17896046979605,27470.494872489482
1.7760002070354295,7.0,1.0,3.2239997929645705,1.0,1.0,5036.167553424579,1440.0,0.0,11526.744159210246,10074.744159210246,15747.072418625638,0.0,0.0,0.0,0.0,0.0,15048.672232293751,1.7760002070354295,32.32800062110629,15747.072418625638
1.4053101830857435,7.0,5.0,2.5946898169142565,5.43186109851446,1.0,3769.0,514.364666364347,0.0,9604.080273863698,9061.48910727261,5405.310183085743,0.0,0.0,0.0,0.0,0.0,0.0,1.0,24.21593054925723,5405.310183085743
1.0,6.601855383662008,1.0,2.3981446163379916,1.3981446163379916,1.0,3700.388486262531,1613.9891973397023,0.0,5558.764140220896,4988.984497647355,12996.84889925856,0.0,0.0,0.0,0.0,0.0,12996.84889925856,1.3981446163379916,34.194433849013976,12996.84889925856
2.0,6.265081066452613,5.0,2.6325405332263063,6.060324265810449,1.0,3604.0106994186117,244.24508241958597,0.0,12089.984530249412,10301.04139748409,8968.888322371424,551.1892001605408,0.0,22530.162132905225,0.0,0.0,7205.082881857693,1.7349189335473878,22.897621599678917,32050.239655437188
2.0,5.627151362811065,3.508605451244262,2.3728486371889344,2.0,1.3728486371889344,3769.0,2147.1513628110656,0.0,7732.223881886144,7192.223881886144,25183.098613448685,0.0,104.39761841290165,0.0,0.0,0.0,25183.098613448685,1.0,27.118545911566805,25287.496231861584
2.0,6.4873847947941945,5.0,2.0,1.9747695895883897,1.0,4220.613995786314,1323.0276492493933,0.0,12389.039743444302,10906.571083023002,14777.752533573846,0.0,0.0,487.3847947941948,0.0,0.0,14777.752533573846,1.0,24.07569123123483,15265.137328368042
1.0,6.413031174647697,3.347875301409212,1.413031174647697,1.0,1.0,2865.5269299011525,1440.0,0.0,7236.567113501774,6393.174480363726,12270.730887013957,0.0,1432.2039338596192,0.0,0.0,0.0,12270.730887013957,1.0,30.65212469859079,13702.934820873576
1.9308672138133804,6.9308672138133804,1.2765311447464778,2.138265572373239,1.9308672138133804,2.861734427626761,3684.727133638511,546.3674747391547,0.0,9419.774420038211,8253.40205892138,12207.533066083768,0.0,0.0,0.0,0.0,0.0,12032.765382603993,1.0,38.03214099338733,12207.533066083768
2.0,7.0,5.0,2.4371653888168265,6.377007667099041,1.0,3769.0,738.1896254045218,0.0,45608.67772609752,41111.91691115932,13808.819276985092,0.0,0.0,1000.0,0.0,0.0,8986.897699870287,1.0,22.31149616645048,14808.819276985092
2.0,6.902606607446447,1.3895735702142087,3.0,1.9026066074464478,1.0,3762.766822876573,636.6801193726615,0.0,7962.389139913294,7482.241248747025,2893.492420321319,0.0,0.0,2707.8198223393433,0.0,0.0,2893.492420321319,1.1947867851071043,36.318246252125135,5601.312242660662
2.0,5.594979200919679,2.620083196321286,2.5949792009196786,4.240166392642572,1.0,3198.4149463180283,904.562503615815,0.0,7045.842807381297,6279.349047105394,141.75727967811252,0.0,0.0,0.0,0.0,0.0,0.0,2.4050207990803214,28.519667214714858,141.75727967811252
2.0,5.0,5.0,3.7787551994953454,1.0,1.0,2109.6426077064593,1440.0,0.0,6913.681548811439,6344.585446518426,12638.71912903748,0.0,0.0,0.0,0.0,1282.3070405298872,13859.963929542133,1.0,24.150428798822475,13921.026169567365
1.4205851006564991,7.0,3.317659597374003,2.579414899343501,6.055904295404505,1.0,3769.0,923.4670147484092,0.0,14026.104465496737,11495.552765636763,55000.0,0.0,0.0,0.0,0.0,0.0,17382.446980305023,1.0,30.888191409190988,55000.0
1.3373787209916796,5.33737872099168,5.0,2.33737872099168,7.987863837024961,1.0,3769.0,505.7039965982683,0.0,4379.208484224309,3894.024074034518,0.0,0.0,0.0,0.0,0.0,0.0,0.0,1.6747574419833593,25.67475744198336,0.0
2.0,6.809476984090748,5.0,3.1905230159092524,8.23790793636299,1.0,3678.5968289510597,227.65042065919923,0.0,5722.50629922965,5155.070984938717,14904.738492045373,0.0,0.0,0.0,0.0,0.0,13095.261507954627,1.0,20.666830555682385,14904.738492045373
2.0,6.3042464910608755,5.0,2.6521232455304378,6.216985964243503,1.0,3612.8033372431664,240.6614460679299,0.0,12117.537406461326,10322.249474909464,8974.116906556626,521.8151317043432,0.0,22608.492982121752,0.0,0.0,7304.308485102729,1.6957535089391242,22.956369736591313,32104.42502038272
2.0,7.0,5.0,2.312148056696447,6.0,1.0,3769.0,1440.0,0.0,9598.978058453871,8755.994951732442,28656.21920216454,0.0,0.0,31947.706355803035,0.0,0.0,24719.775032075195,1.0,34.56074028348223,60603.925557967574
1.399045946137111,6.600954053862889,5.0,3.0,9.0,1.0,3769.0,416.15264861806224,0.0,19633.107859758442,16802.7865950381,10399.04594613711,0.0,0.0,0.0,0.0,0.0,9600.95405386289,1.0,22.802862161588667,10399.04594613711
2.0,7.0,5.0,1.2840274921545884,8.857986253922705,1.0,3519.1978206500394,333.1977324397096,360.35422664753645,13308.990130967459,11542.152440742415,54146.26963524074,0.0,0.0,14689.40550928018,0.0,0.0,1790.7194382552052,1.0,22.27812371469565,68835.67514452091
1.0090304041295504,5.018060808259101,5.0,2.0,8.936787171093147,1.0,3769.0,46.41727470752235,0.0,5448.835546896678,4733.278505728417,0.0,0.0,0.0,0.0,0.0,0.0,0.0,1.0,25.0180608082591,0.0
1.0,6.0,5.0,2.4115873666593943,5.707301066724844,1.0,4193.346575025836,769.2095979917098,0.0,14277.531255219374,13045.702707216755,5117.079573310062,0.0,2571.584741602269,0.0,0.0,0.0,3059.1427400130897,1.0,27.88111156661576,7688.664314912332
2.0,7.0,5.0,2.401286019899892,9.0,1.0,3769.0,167.12026676620667,0.0,7512.7366049761895,6802.830436617748,4137.2531546757455,0.0,0.0,0.0,0.0,0.0,4137.2531546757455,1.4012860198998924,22.598713980100108,4137.2531546757455
2.0,6.810020670969314,1.0,2.396659776343562,4.413360894625752,1.396659776343562,3769.0,1471.732782107485,0.0,15234.525641500246,12775.903730272772,22383.966663500567,0.0,111.06473737619736,0.0,0.0,0.0,22383.966663500567,1.0,33.82672178925151,22495.031400876764
2.0,7.0,1.0,2.0,2.185139285541681,1.0,1465.587100610067,1440.0,0.0,6720.1756021346755,6103.378576431574,11467.264400019332,0.0,0.0,0.0,0.0,0.0,11467.264400019332,1.0,29.89622285686669,11467.264400019332
2.0,7.234674038261551,4.061303846953796,1.234674038261551,2.1733701913077557,1.0,2124.3145082240735,1440.0,0.0,17518.368643179438,15800.46135908722,18938.696153046203,0.0,0.0,0.0,0.0,0.0,18938.696153046203,1.0,31.64271826783086,18938.696153046203
2.0,7.0,5.0,3.1162903303392473,8.185967687625268,1.0,3769.0,155.81451651696239,0.0,9198.593863535001,8019.526122996065,2040.6506448043947,0.0,0.0,0.0,0.0,0.0,232.58066067849472,1.0,24.883709669660753,2040.6506448043947
2.0,5.884048747565715,5.0,2.0,1.4420243737828575,1.0,3518.468943828503,731.3004739776004,0.0,11277.796289785783,9794.577847008275,7439.891001870147,836.9634393257137,145.86804334834298,15137.731888388567,0.0,0.0,4761.607996027864,2.115951252434285,22.32607312134857,23560.45437293277
1.330889362989172,6.330889362989172,5.0,1.330889362989172,8.007331911032484,1.0,3769.0,543.3917464054904,0.0,9961.617718956815,9254.057633618764,14100.990419841073,0.0,0.0,102892.7339235016,0.0,0.0,11770.101056851901,1.0,25.639782992880892,116993.72434334268
1.448777573831403,6.0,3.204889704674388,2.448777573831403,1.0,1.0,3610.1454964111067,1440.0,0.0,14937.788198235876,13771.329521779784,16976.60110131042,0.0,0.0,1724.3887869157015,0.0,0.0,11795.110295325612,1.0,31.692665442988417,18700.989888226126
1.6693904014593612,6.669390401459362,2.3224383941625546,2.6693904014593612,3.644876788325109,1.0,6484.04746831917,1023.4319058387953,0.0,18464.89688740896,15787.871205802581,31657.133594892235,0.0,214.20492846699563,2603.2684817512336,0.0,0.0,13012.256806567126,1.6693904014593612,32.03268481751233,34474.60700511046
2.0,7.145756568244751,1.5830262729790068,2.8542434317552483,2.0,1.0,3769.0,593.7269704734255,0.0,7917.948413860473,7521.948413860473,2967.704862127914,0.0,397.0408918987036,2562.730295265745,0.0,0.0,2967.704862127914,1.0,35.396677749307734,5927.476049292362
1.5505661647862623,6.449433835213737,3.202264659145049,2.5505661647862623,1.5505661647862623,1.0,5489.432721198188,1307.8641204512971,132.13587954870295,11390.232347886547,10265.741896194184,11697.188609367557,0.0,0.0,0.0,0.0,0.0,11339.320602256485,1.4494338352137377,28.5954706817099,11697.188609367557
1.587884371110387,6.587884371110387,1.0,2.5878843711103867,5.7030749688830955,1.0,3328.4483927170036,1198.9674078447413,0.0,8013.950476654118,6815.916524973805,34287.41474537993,0.0,0.0,0.0,0.0,0.0,34287.41474537993,1.0,34.060578144448066,34287.41474537993
1.0,7.0,5.0,2.9485833548514337,2.8971667097028675,1.0,3719.1772708510393,559.7146466978695,0.0,27347.939159996055,23944.8372131888,10174.816593505126,0.0,0.0,3276.600051643441,0.0,0.0,10174.816593505126,1.0,21.308499870891396,13451.416645148565
2.0,6.252527782075419,5.0,2.0,9.0,1.0,3769.0,229.89989041884925,0.0,57238.384442998205,54628.43308934562,16474.722179245808,0.0,2305.204320079407,252.52778207541925,0.0,0.0,16272.699953585472,1.0,21.0,19032.454281400634
1.6407492520837543,7.0,3.5629970083350178,1.3592507479162457,6.1259940166700355,1.0,3977.724684539339,619.8409573327943,0.0,8082.114339073993,7219.755617298836,12595.47763943241,0.0,0.0,0.0,0.0,0.0,1158.474647767428,2.0,26.02951047082744,12595.47763943241
1.3793585899224237,7.620641410077576,3.482565640310305,2.6206414100775763,1.3793585899224237,1.7587171798448475,7360.651840118933,1075.8157536744732,0.0,9710.462978131807,8327.165948950395,12408.195221238773,0.0,0.0,0.0,0.0,0.0,12408.195221238773,1.6206414100775763,33.414227309301815,12408.195221238773
2.0,7.0,3.4221526305795313,2.394461842355117,9.0,1.0,3769.0,321.38348429247844,0.0,7705.016219411283,6850.483303627805,3390.9592551567202,0.0,0.0,0.0,0.0,0.0,2996.497412801603,1.0,28.916927635326758,3390.9592551567202
1.6432679469599982,6.070196159120005,5.0,3.0,6.146143575679987,1.0,3160.058385460717,227.01961591200052,35.67320530400016,2812.6928212160005,2603.147088431552,10709.896785549603,0.0,0.0,0.0,0.0,0.0,11573.071787839994,1.6432679469599982,25.63751668952002,10709.896785549603
2.0,7.0,2.8659522988012176,1.5335119252996956,1.9329761494006088,1.0,1101.2655202493293,1135.8497752954015,0.0,7111.362063637592,6481.7963532951335,11040.214310359635,0.0,0.0,0.0,0.0,0.0,10853.619080479513,1.0,30.332440373501523,11040.214310359635
1.2182096701549705,6.563580659690059,5.0,3.0,7.690741979070176,1.0,3769.0,386.4456104914502,0.0,11143.530319883459,10387.756188846231,17441.20025041722,0.0,0.0,1234.5370989535088,0.0,0.0,0.0,1.654629010464912,30.16327428798538,18675.737349370727
2.0,5.0,3.8215423764488143,4.410771188224407,1.2946144058877964,1.0,3099.589071187519,1481.2460168242915,0.0,6675.056085384338,5956.652644374598,13684.762585700058,0.0,0.0,0.0,0.0,0.0,13684.762585700058,1.0,29.062300841214576,13684.762585700058
1.4463686465125856,7.0,5.0,3.0,6.321788120924486,1.0,3769.0,480.0,0.0,19424.569209903217,16131.876497158686,9732.178812092448,0.0,0.0,0.0,0.0,0.0,9732.178812092448,1.0,22.21452541394966,9732.178812092448
1.0,6.728432355348338,5.0,2.864216177674169,2.864216177674169,1.0,3769.0,625.7868431090465,0.0,28091.982053557676,25081.575210027004,8717.114446665548,0.0,0.0,2938.335004092174,0.0,0.0,8717.114446665548,1.0,21.27156764465166,11655.449450757722
1.5581402495938628,6.558140249593863,5.0,1.5581402495938628,7.325579251218411,1.0,3769.0,847.9079344557763,0.0,10679.048767967824,9930.58352304093,17604.29008773899,0.0,0.0,81872.02691256769,0.0,0.0,15046.149838145127,1.0,28.13954274553249,99476.31700030668
1.4600941604977875,7.0,2.84037664199115,3.0,2.4600941604977873,1.0,3769.0,1050.0,0.0,41041.97602198885,39372.17286005774,20863.84934320354,0.0,107.9811679004425,460.09416049778747,0.0,0.0,13563.378540714602,1.0,30.47887007402655,21431.92467160177
1.034187765939158,6.0341877659391585,5.0,2.068375531878316,9.0,1.0,3769.0,178.97436702182526,0.0,18590.66780699264,15251.18008993471,33863.24893624337,0.0,0.0,1738.4620213095152,0.0,0.0,9829.061170304209,1.0,23.863248936243366,35601.71095755288
2.0,7.0,5.0,1.0,8.893543842857293,1.0,3776.811220530346,177.03298514283324,0.0,8957.204624828631,7965.356414957198,11805.964025994646,0.0,0.0,13.30701964283844,0.0,0.0,1783.9409084857482,2.0133070196428386,21.066535098214192,11819.271045637484
1.0,7.0,5.0,2.7540583829407463,6.3689124255888805,1.0,3769.0,1270.300284229115,0.0,6218.281612056738,5617.69720491327,7680.57465258101,0.0,0.0,0.0,0.0,0.0,5049.48707816989,1.0,26.63108757441112,7680.57465258101
1.0,7.537738175144707,5.0,3.0,9.0,1.0,3769.0,541.5095270057883,0.0,3802.0,3538.0,9660.0,0.0,0.0,0.0,0.0,0.0,0.0,1.0,26.075476350289414,9660.0
1.948303162758473,6.896606325516946,5.0,2.0,8.638122139309312,1.0,3769.0,206.46210465519087,0.0,6077.053280277233,5905.331107995843,474.1515813792365,51.696837241526964,0.0,0.0,0.0,0.0,0.0,1.103393674483054,23.413574697932216,525.8484186207635
1.0,6.640002966836914,5.0,2.6400029668369136,6.12002373469531,1.0,3664.9608574158683,806.3970628314554,0.0,17093.687971890788,14039.439320594347,17494.07116475967,0.0,0.0,539.9955497446294,0.0,0.0,7487.988355165114,1.0,25.799985165815432,18034.0667145043
2.0,6.22470117697268,5.0,2.77529882302732,5.10119529210928,1.0,3769.0,1531.6780802048534,0.0,3065.0612911570356,2995.222251054609,0.0,0.0,0.0,0.0,0.0,0.0,0.0,2.55059764605464,27.0,0.0
2.0,5.819989562527277,4.279958250109106,2.1800104374727236,2.0,1.1800104374727236,3769.0,2339.9895625272766,0.0,6654.2583454725245,6114.2583454725245,25864.203134846342,0.0,50.40292249236258,0.0,0.0,0.0,25864.203134846342,1.0,26.540031312418172,25914.606057338704
1.9114444157767587,5.177111168446483,5.0,2.9114444157767587,2.61988908956269,1.0,3769.0,2492.779932917615,0.0,13466.436801624453,11600.452834649628,33933.61003354119,0.0,0.0,0.0,0.0,0.0,30442.777921116205,1.0,27.734333247330277,33933.61003354119
2.0,5.2066179142480316,1.0,2.8966910428759842,2.6198537427440938,1.0,3585.213365276376,1565.5367460026378,0.0,6163.698153615435,5674.226051507254,12902.519817405011,0.0,0.0,0.0,0.0,0.0,12902.519817405011,1.0,33.896691042875986,12902.519817405011
2.0,4.415329299557412,3.338682801770355,3.0,3.754012101327766,1.0,3769.0,1166.297991591666,0.0,8839.690607324961,8196.63141257443,5567.062001434421,0.0,1734.4742611017955,0.0,0.0,0.0,4466.439357607282,1.0,31.431377704868474,7301.536262536217
2.0,6.6882078658665955,1.0,3.0,1.0,1.0,4308.866758973544,1440.0,0.0,12541.774138562592,11187.053284412215,15514.05730490651,0.0,0.0,623.5842682668092,0.0,0.0,14894.670225626574,1.6882078658665955,33.62358426826681,16137.64157317332
2.0,6.602621011535599,1.0,3.0,1.397378988464401,1.0,3164.5711254297944,2012.2257433887376,0.0,8510.855844365542,7557.143732351154,21215.98393753411,0.0,0.0,0.0,0.0,0.0,19106.810397159516,1.0,32.02621011535599,21215.98393753411
1.4798970815920733,7.0,3.080411673631707,2.4798970815920733,5.640720428855488,1.0,3769.0,590.3505991641952,0.0,10492.362814057698,9653.327754141277,32600.514592039635,0.0,0.0,0.0,0.0,0.0,32600.514592039635,1.4798970815920733,28.839176652736587,32600.514592039635
1.314032264017016,7.6859677359829845,2.2561290560680636,3.0,1.0,1.0,6358.925777998664,1440.0,0.0,17946.93854110719,15774.13725349895,28141.303664968193,0.0,219.5096755145549,6768.38716820419,0.0,0.0,16851.78762522343,1.685967735982984,33.85967735982984,35129.20050868694
2.0,6.0,1.0,3.0,2.0,1.0,3769.0,2825.9155831889348,0.0,6836.443680596587,5744.540014565681,2452.0052965146792,0.0,0.0,0.0,229.93312909659775,0.0,4220.721674180816,1.0173797901854797,37.86096167851616,2681.938425611277
1.0,7.0,5.0,2.3231306570702785,1.646261314140557,1.0,3113.1136067011,1284.8972846062663,0.0,25153.247679244716,20134.230441595264,12107.477371718885,0.0,0.0,676.8693429297214,0.0,0.0,12107.477371718885,1.0,25.707477371718888,12784.346714648607
2.0,6.026902251929654,5.0,3.0,2.973097748070346,1.0,3769.0,493.2744370175866,0.0,6863.400970080363,5675.022742913972,8838.88139175618,0.0,0.0,0.0,0.0,0.0,43.23191885095321,2.946195496140693,20.973097748070348,8838.88139175618
1.5801122296954682,6.419887770304532,5.0,3.580112229695468,9.0,1.0,3769.0,478.0944545165087,0.0,5710.815448152237,5407.799366277628,1580.1122296954682,0.0,1709.943885152266,0.0,0.0,0.0,0.0,3.580112229695468,25.839775540609065,3290.056114847734
2.0,7.0,5.0,2.7457754201025066,4.525347479384959,1.0,3769.0,225.35636428348522,0.0,8807.426956706036,7958.477651664806,8280.095738388669,0.0,0.0,0.0,0.0,0.0,8203.82836441942,1.0,20.0,8280.095738388669
1.5217300466362131,7.0,5.0,3.0,5.869619720182721,1.0,3769.0,328.4316759495849,0.0,16010.395946168896,14468.641663958098,5290.913076612539,0.0,0.0,0.0,0.0,0.0,1565.1901399086394,1.0,20.521730046636215,5290.913076612539
2.0,7.0,5.0,3.0,5.601425583153593,1.0,2197.08880451402,1440.0,0.0,17513.025567332275,16638.203214027766,62251.64417926472,0.0,0.0,26293.860475163387,0.0,0.0,3944.079071274508,1.6853069762418307,30.0,88545.5046544281
1.532244988826299,6.4677550111737006,3.1289799553051965,2.532244988826299,1.532244988826299,1.0,5559.566182772927,1282.4554833074155,0.0,10662.883879816789,9598.547648151445,11872.261202681688,0.0,0.0,0.0,0.0,0.0,11872.261202681688,1.467755011173701,31.9355100223474,11872.261202681688
1.8742584881933513,5.0,5.0,2.0,8.119809417353459,1.0,3769.0,144.02849294397632,0.0,6362.21229341902,5817.970339527734,305.9904708676729,125.74151180664883,0.0,0.0,0.0,0.0,0.0,3.0,20.508898141679786,431.7319826743217
1.8672853461807226,5.867285346180722,5.0,2.8672853461807226,1.0,1.0,3238.6041958318556,1440.0,0.0,12330.060360742891,10850.87520905123,0.0,0.0,232.25064418373543,132.71465381927737,0.0,0.0,0.0,1.0,28.327146538192775,364.96529800301283
1.1435423620393927,6.143542362039393,1.5741694481575714,3.0,1.1435423620393927,1.0,6340.942286795704,1336.6494993316371,0.0,9861.092195149939,8876.689286270775,37497.601732862124,0.0,0.0,0.0,0.0,0.0,12731.695055643235,1.8564576379606073,34.133949293487895,37497.601732862124
2.0,7.0,4.759279167707367,3.0,1.0,1.0,3950.5755133748944,1440.0,0.0,12754.417626333843,11809.920313974339,13409.675037769208,0.0,0.0,281.9459375780525,0.0,0.0,13355.512850503364,1.0601802080731582,31.120360416146315,13691.62097534726
2.0,7.0,2.068404326634633,3.0,3.1368086532692656,1.0,3733.0879530012744,1135.5047669091296,0.0,18897.844636817543,15562.039546318192,44212.451158838696,0.0,0.0,732.8989183413418,0.0,0.0,37099.54935426863,1.0,34.72638269346147,44945.35007718004
1.837618105337679,6.837618105337679,1.6495275786492836,2.837618105337679,2.299055157298567,1.0,2019.2157779495883,1235.3988127254756,0.0,11210.83894164629,9903.58514983319,37350.472421350714,0.0,0.0,292.2874103921776,0.0,0.0,10837.618105337679,1.837618105337679,33.21379915871447,37642.75983174289
1.8116509162343986,7.0,5.0,4.0,3.3184435863592103,1.0,3769.0,175.5146191104718,0.0,8046.121087964663,7148.171294244773,1943.4952748703195,0.0,0.0,0.0,0.0,61.02510314005487,1943.4952748703195,1.0,26.44853808895282,2004.5203780103745
2.0,6.269170525129123,5.0,3.0,2.7308294748708763,1.0,3769.0,462.3161264819227,0.0,6489.4179045712135,5454.150265950238,8641.956211178982,0.0,0.0,0.0,0.0,0.0,0.0,3.0,21.538341050258246,8641.956211178982
2.0,7.0,1.6246553791686957,2.843836155207826,2.2493107583373915,1.0,6343.544109539077,1292.5813305161878,0.0,35100.15144422423,33239.46376805916,19632.335555618607,0.0,168.76723104156522,156.16384479217393,0.0,0.0,15288.223703745738,1.0,33.657542328117394,19957.26663145235
1.7654387066651713,6.765438706665171,5.0,2.4691225866696573,1.7654387066651713,1.0,3483.069783424844,1792.1018050659789,0.0,9010.840186786512,8082.244343107248,9716.206581323539,2296.316119995514,4624.0152269643,0.0,0.0,0.0,9123.235631773092,1.0,25.0,16636.537928283353
1.0,7.0,5.0,3.0,2.256572170257207,1.0,3769.0,1037.6415680204434,0.0,19394.272016623432,18064.71089514618,13645.63442781161,0.0,578.0080996922394,0.0,0.0,0.0,13478.320410224766,1.0,24.9633468328204,14223.64252750385
1.2553065247284318,6.489386950543136,3.9787739010862726,1.5106130494568637,2.0,1.2553065247284318,3769.0,2622.146343401921,0.0,14245.072253146593,13231.447202873875,25225.910617023394,0.0,71.48582692396091,0.0,0.0,0.0,25225.910617023394,1.7446934752715682,32.72346737635784,25297.396443947357
1.3383676496288532,7.661632350371146,2.353470598515413,3.0,1.0,1.0,6242.602634774082,1440.0,0.0,17917.176364503914,15755.47201273467,27958.520583637684,0.0,211.72235211876696,7060.411795546239,0.0,0.0,17034.03532807048,1.6616323503711468,33.61632350371147,35230.65473130269
2.0,7.0,1.0854748503978784,2.9786312874005305,1.1709497007957568,1.0,6754.804057859019,1426.3240239363395,0.0,34340.75188453369,33265.31557254908,21544.44134724138,0.0,261.62736713687036,0.0,0.0,0.0,16651.284910238726,1.0,35.72220673620689,21806.06871437825
1.0,5.0,5.0,2.0,6.3799226300214515,1.0,3769.0,140.41754630623882,0.0,5661.9692346396605,5121.6316828667605,0.0,374.2967671397927,0.0,0.0,0.0,0.0,0.0,1.7485935342795853,27.245780602838757,374.2967671397927
1.9824840091379379,7.0,4.9299360365517515,2.0350319817241243,2.9649680182758757,1.0,3820.514529125325,1204.2038378068949,0.0,11643.283390634142,10898.671877213457,14537.589147344484,0.0,0.0,982.4840091379377,0.0,0.0,14537.589147344484,1.0,21.15764391775856,15520.073156482424
2.0,7.0,4.023410838310503,2.244147290422374,9.0,1.0,3769.0,202.44147290422373,0.0,5814.675501614749,5388.815966644612,3000.0,0.0,131.35124224723737,0.0,0.0,0.0,0.0,3.4882945808447485,22.685620194646116,3131.351242247237
1.8308771913417055,7.0,5.0,2.0,7.816140339391938,1.0,3433.629470430602,317.7964919828155,0.0,11682.114387266027,9984.47228357799,5177.352980131196,0.0,25.36842129874418,0.0,0.0,0.0,5177.352980131196,1.1691228086582945,24.352982469266358,5202.721401429941
1.8646088359550368,5.40617349213489,5.0,4.458435343820147,1.6769558202248165,1.0,2948.48621467867,1440.0,0.0,6646.357639640415,5906.091113941551,14135.391164044964,0.0,20.30867460674449,0.0,0.0,0.0,14135.391164044964,1.1353911640449632,28.21852047640467,14155.699838651708
2.0,6.768519364523791,1.0,3.0,7.379635551666539,1.4629612709524176,3769.0,658.8883812857252,0.0,7033.82364345739,6338.267559994544,3186.7035074304804,0.0,0.0,0.0,0.0,0.0,2418.184142906689,1.0,37.07407745809517,3186.7035074304804
1.0,6.113109819076573,5.0,3.0,1.9048785526125842,1.0,4683.383776532053,1294.0883333912209,0.0,13113.462724646137,11936.013856491547,7089.356757070493,0.0,2117.8937520451436,0.0,0.0,0.0,1773.780361846854,1.0,30.642682171081123,9207.250509115636
1.7955103716964032,6.0,1.0,2.0,1.0,1.0,1976.0855617562731,1440.0,0.0,6847.0,5395.0,37840.0,0.0,0.0,0.0,0.0,0.0,37840.0,1.0,36.2044896283036,37840.0
2.0,6.081322203006495,1.325288812025983,1.1626444060129915,2.5692554210454706,1.0,3604.810472129885,2220.8761274444787,0.0,7693.204166156685,6933.011097645308,16411.165968072306,0.0,202.10911533857094,0.0,0.0,0.0,13167.199359052818,1.0813222030064957,33.59338898496752,16613.275083410877
2.0,7.0,3.4024381701849444,2.600609542546236,3.5975618298150556,1.0,3769.0,1385.9451411708387,0.0,6516.609892770409,6149.914593998692,10895.853709788904,0.0,0.0,0.0,0.0,0.0,10895.853709788904,1.0,28.792685489445166,10895.853709788904
1.0,7.0,5.0,2.059124643661935,1.1182492873238703,1.0,2857.291779708415,1385.1323306817242,0.0,27623.6713604648,22021.827479597105,13198.97621154942,0.0,0.0,1141.8991447886442,0.0,0.0,13198.97621154942,1.0,26.64525213802839,14340.875356338065
2.0,6.653677767423755,5.0,2.1731611162881226,7.787872185983142,1.0,3769.0,248.48511256067434,0.0,6136.312605032055,5712.15673824114,3000.0,0.0,0.0,0.0,0.0,0.0,0.0,2.8268388837118774,20.17316111628812,3000.0
1.6669715169909072,6.666971516990907,2.332113932036371,3.0,1.3330284830090928,1.0,6474.2364729151195,1008.3950860202159,330.0312266620109,17740.54049962488,15624.357589430334,30333.485758495455,0.0,213.43088543709032,6496.799071595474,0.0,0.0,11336.22941141362,1.6669715169909072,32.33668668689998,37043.715715528015
2.0,7.0,2.6912590531530074,2.422814763288252,1.577185236711748,1.0,3256.1256921313507,1523.1146740864917,0.0,18346.17609804064,16179.808025697348,65570.36908220629,0.0,0.0,0.0,0.0,0.0,0.0,1.8456295265765037,35.19466713040573,65570.36908220629
2.0,7.65142633275803,5.0,2.0,4.440015670693793,1.0,3769.0,620.6385269547834,0.0,8396.839388842942,7837.7069125737,3501.0230563845353,0.0,1774.4853304328724,0.0,0.0,0.0,3501.0230563845353,1.0,24.954278998274088,5275.508386817408
2.0,7.159287445242805,1.0,2.1592874452428052,5.362850219028779,1.3185748904856103,3769.0,1250.2886527158191,0.0,6834.57713533375,6050.858007736124,10946.020407306745,0.0,0.0,0.0,0.0,0.0,10834.519195636782,1.0,35.8407125547572,10946.020407306745
1.604953922690541,5.0,5.0,2.0,1.395046077309459,1.0,3497.375688711947,1046.9851284411495,0.0,12900.278316739912,11055.54790571567,7298.824906224056,907.4308840358112,0.0,17353.191282026623,0.0,0.0,2419.8156907621633,2.209907845381082,22.975230386547295,25559.44707228649
1.3181115536181194,7.0,2.272446214472478,2.3181115536181194,1.3181115536181194,1.0,4165.177187347873,1061.4472511944377,0.0,7192.562151002581,6522.754087281572,12920.64749857372,0.0,0.0,0.0,0.0,0.0,511.205266664318,1.6818884463818806,30.228326695728207,12920.64749857372
2.0,7.0,5.0,1.0,2.0684906597788366,1.0,4277.599497838728,1269.041494435386,0.0,6213.533245231092,5487.862109499718,11675.43488386827,0.0,0.0,866.4386675276454,0.0,0.0,241.478889110017,2.866438667527645,25.332193337638227,12541.873551395916
1.9933369373586285,7.0,1.026652250565486,2.9933369373586283,9.0,1.0,3769.0,1025.535748030281,0.0,8844.393296512952,7825.752561291791,31818.34178964031,0.0,0.0,0.0,0.0,0.0,31818.34178964031,1.0,31.9533585615104,31818.34178964031
1.7524277626155724,7.0,5.0,2.7524277626155724,2.2475722373844276,1.0,3769.0,821.7521895649998,0.0,10581.815370942408,9346.339053074524,35118.93059346107,0.0,148.54334243065648,0.0,0.0,0.0,23543.299851576252,1.0,22.257283287846718,35267.47393589173
1.0904816952870506,7.909518304712949,5.0,3.0,1.0904816952870506,1.0,2216.4522538549954,504.1479766169572,90.95183047129493,3358.727089660979,3006.2147196208725,11882.32678260841,0.0,0.0,0.0,0.0,0.0,9162.86705151669,1.0,33.095183047129495,11882.32678260841
1.2886855955306382,7.0,2.1547423821225524,3.4226288089387236,1.5773711910612762,1.0,5860.975663544394,1370.7154570726468,0.0,11139.585742355242,9895.439371137303,14283.658927964214,0.0,0.0,288.6855955306381,0.0,0.0,14283.658927964214,1.0,27.401829640224257,14572.344523494852
1.1091096317657496,6.218219263531499,4.5635614729370015,2.0,8.236232577639752,1.0,3769.0,813.8548782608694,0.0,7889.565606446317,7312.472450634428,6218.2192635315,0.0,0.0,0.0,0.0,0.0,19.7488433496007,1.0,25.309315581188997,6218.2192635315
2.0,6.349488352208284,1.0,3.0,2.0,2.3010232955834313,3769.0,920.7916392412781,0.0,7563.047899122273,7284.139995724781,3196.1971258833987,0.0,0.0,1048.4650566248527,0.0,0.0,3196.1971258833987,1.0,35.04846505662485,4244.662182508251
1.0,7.0,5.0,3.0,9.0,1.0,3769.0,1219.2794126824376,590.7273474370658,18644.329954541212,16127.121941623196,2295.572593667354,0.0,0.0,0.0,0.0,0.0,2295.572593667354,1.7651908645557848,23.0,2295.572593667354
1.0,7.851349661761423,4.702699323522847,1.2229755073578645,5.628374154403559,1.0,3839.9805365089205,1440.0,0.0,5204.001000237237,5001.70344950145,14982.607910426086,0.0,138.85122463210678,0.0,0.0,0.0,14982.607910426086,1.9256748308807117,35.851349661761425,15121.459135058194
1.5618276535880122,5.8763446928239755,5.0,3.4381723464119878,5.0672064248839135,1.0,3769.0,300.34933797108505,0.0,6847.107462560659,6434.655871502322,2430.375949664416,0.0,0.0,0.0,0.0,141.967840237484,744.892988900379,1.5618276535880122,28.010757542591804,2572.3437899019
2.0,7.0,4.605502598353777,2.098624350411556,2.8027512991768884,1.0,3846.3214907226597,1223.6698440987734,0.0,11660.240847067696,10857.231314771378,14707.321924281536,0.0,0.0,901.3756495884443,0.0,0.0,14618.560008911136,1.0986243504115558,22.183492204938666,15608.69757386998
1.0,7.0,5.0,3.0,3.732653045752035,1.8778911590413276,3769.0,648.5663280391766,0.0,14914.214290588108,12884.071430196036,2713.5326591109542,0.0,0.0,0.0,0.0,0.0,2713.5326591109542,1.0,24.389455795206636,2713.5326591109542
1.3171957167653985,5.365608566469203,5.0,3.0,2.2687828670615944,1.0,4472.971216014874,1440.0,0.0,11698.145663518379,10693.371057923117,6436.660407024652,0.0,2211.0047900449076,0.0,0.0,0.0,3022.638990851645,1.0,33.268782867061596,8647.66519706956
1.131099374459429,6.131099374459429,4.475602502162284,2.131099374459429,7.951205004324568,1.0,3495.133406754253,345.1852118188806,0.0,17558.203219856492,14479.000451000738,34524.397497837715,0.0,0.0,1564.021125973028,0.0,0.0,10131.099374459429,1.131099374459429,25.44209311905372,36088.41862381074
1.3756722518817264,7.0,5.0,2.3756722518817264,1.0,1.0,3573.218921013436,1440.0,0.0,13486.899060914013,12256.221431017233,20668.373760244376,0.0,0.0,13127.01675564518,0.0,0.0,20292.70150836265,1.0,32.61894973306446,33795.39051588956
2.0,6.703130725439719,1.0,3.0,2.0,1.5937385491205616,3769.0,719.21548649936,0.0,7702.736636548689,7360.173105969539,3025.3878596126156,0.0,0.0,2109.3921763191574,0.0,0.0,3025.3878596126156,1.0,36.109392176319155,5134.780035931773
1.0,7.0,5.0,2.649074658794393,1.649074658794393,1.0,3428.953344371767,1193.3516296581306,0.0,22321.53502186236,19509.948778248196,13490.870452231215,0.0,389.44479527663583,350.92534120560697,0.0,0.0,13633.66687716598,1.0,25.701850682411212,14231.240588713457
1.671618772114919,7.014856316344757,2.3135249115403242,2.343237544229838,4.298668595195568,2.343237544229838,2838.0392189457953,640.1020424111316,0.0,6858.026218561107,6375.868401787857,10433.580938605746,0.0,0.0,0.0,0.0,0.0,9832.09530697127,1.0,35.0,10433.580938605746
1.0,7.0,5.0,3.0,2.369791251670856,1.369791251670856,3769.0,770.4166998663316,0.0,15233.85943351441,14116.172635687322,4150.130965700688,0.0,0.0,0.0,0.0,0.0,1849.8690342993118,1.0,25.0,4150.130965700688
2.0,5.609831805498694,2.560672778005222,2.6098318054986946,4.121345556010444,1.0,3184.171298526752,924.1976468692742,0.0,7061.690536467107,6290.740994817499,136.5588680754569,0.0,0.0,0.0,0.0,0.0,0.0,2.3901681945013054,28.757308887979114,136.5588680754569
1.4365610726515412,6.436561072651541,1.0,2.563438927348459,1.4365610726515412,1.0,5461.007098827422,1502.864794461822,0.0,11732.241025547391,10020.237430415524,45421.5382350762,0.0,0.0,0.0,0.0,0.0,6197.828200833047,1.5634389273484588,37.30968321795462,45421.5382350762
2.0,5.858740887301607,5.0,2.3804197042327977,2.521678816931191,1.0,2229.342965018502,1440.0,0.0,9980.967740050799,9165.101974584133,5382.612555716404,0.0,696.1680587460198,2788.1113309524103,0.0,0.0,5382.612555716404,1.0,36.6195802957672,8866.891945414834
1.0,7.0,2.806001113394093,2.451500278348523,4.612002226788186,1.0,4087.678338279508,931.6106865795629,0.0,8748.554420134165,8037.866366691249,15231.241259056424,0.0,0.0,586.9503618530803,0.0,0.0,0.0,1.5484997216514769,34.096999443302956,15818.191620909503
1.5964854749854216,6.596485474985421,2.6140581000583136,4.192970949970843,4.228116200116627,1.0,2862.9385634971445,1181.7507039906698,0.0,7639.196250208281,7066.355387611429,6880.9632151207,0.0,0.0,0.0,0.0,0.0,6880.9632151207,1.0,28.947282124781324,6880.9632151207
1.4543131115045265,7.0,5.0,2.5456868884954735,2.091373776990947,1.0,3253.808931553867,903.0441017204541,0.0,11410.603855115218,10713.599377635534,4545.686888495474,0.0,68.146966725679,0.0,0.0,0.0,1817.2524460181062,1.4543131115045265,25.27156555752263,4613.833855221153
2.0,7.0,3.222322188995194,3.0,5.444644377990388,1.0,3747.223446815191,806.6381761363698,0.0,21628.014299162627,16827.887441327726,48762.0608106608,0.0,0.0,444.41945275120156,0.0,0.0,33966.9508374253,1.0,30.110711244019225,49206.480263412
2.0,5.985332942953736,1.0,2.014667057046264,1.014667057046264,1.0,3890.1959519833094,1445.280140536655,0.0,8626.032855118327,7576.1930190777575,20019.706658859075,0.0,0.0,0.0,0.0,0.0,18246.10736154235,1.0,33.91199765772242,20019.706658859075
2.0,6.174123415402302,2.651753169195396,3.0,2.0,1.0,3769.0,1608.0652236758592,0.0,11704.766491354017,10384.882616656088,31581.553659504592,0.0,0.0,0.0,0.0,0.0,30000.0,1.5870617077011508,30.935308538505755,31581.553659504592
1.0,6.1684443851427195,5.0,2.1684443851427195,3.1791106959990376,1.0,3769.0,3344.262358023172,48.848871691388695,7257.772407558771,6491.793740180484,197.2483750021247,0.0,706.8222726286883,0.0,0.0,101.06663108563178,197.2483750021247,1.0,35.81022299314464,1005.1372787164448
1.3574240310528105,6.35742403105281,5.0,3.0,6.498031782630327,1.0,3769.0,437.1091162736627,0.0,4451.439464422956,4071.634078361846,9152.45787590501,0.0,0.0,0.0,0.0,0.0,0.0,1.7148480621056208,23.0,9152.45787590501
1.240655672077134,6.759344327922866,4.037377311691464,3.759344327922866,7.315410295460062,1.0,3769.0,323.89173404137637,0.0,6392.7666487965525,6012.103044601776,1772.1967016231401,0.0,0.0,0.0,0.0,246.02756224700858,1772.1967016231401,1.240655672077134,35.31541029546006,2018.224263870149
1.0,7.5004453091307415,3.001781236522966,2.5004453091307415,5.003562473045932,1.0,4059.2412753950393,999.6081279649475,0.0,5122.32304796745,4678.483359254517,11828.067358372582,0.0,0.0,0.0,0.0,0.0,0.0,1.4995546908692585,30.996437526954068,11828.067358372582
1.4576363350202617,7.0,3.1694546599189533,2.4576363350202617,5.796545654858168,1.0,3769.0,579.6654408097256,0.0,10501.62328463157,9663.6567405506,32711.81832489869,0.0,0.0,0.0,0.0,0.0,32711.81832489869,1.4576363350202617,28.661090680162093,32711.81832489869
2.0,5.0,1.1940857613360354,3.0970428806680177,1.9514785596659912,1.0,3722.9531531230255,1573.2069983532388,0.0,6204.74135127915,5730.691375474899,12981.91794115739,0.0,0.0,0.0,0.0,0.0,12981.91794115739,1.0,33.66034991766194,12981.91794115739
1.8471673613725743,7.0,5.0,3.0,9.0,1.0,3769.0,334.4465934087907,44.32146520195349,7253.144905394494,6019.342513580363,1716.575780723938,0.0,0.0,0.0,0.0,91.69958317645546,178.96701983271566,2.6943347227451486,24.152832638627427,1808.2753639003934
1.0,6.91423651595147,1.0,2.08576348404853,1.0857634840485302,1.0,3664.7770371815323,1477.4786425292077,0.0,5990.474865044931,5255.757984622555,12735.698272664571,0.0,0.0,0.0,0.0,0.0,12735.698272664571,1.0857634840485302,33.25729045214559,12735.698272664571
2.0,6.813766288319586,4.255065153278346,2.186233711680414,7.510130306556691,1.0,3590.4018704984833,430.9298024837128,0.0,6340.354728929218,6038.266456519321,406.88314415979323,0.0,0.0,0.0,0.0,0.0,0.0,1.1862337116804136,25.234804540164962,406.88314415979323
2.0,6.891081658153269,5.0,1.2178366836934629,2.76242839292712,1.0,3769.0,303.4444120392968,0.0,11435.611490978434,10891.927249752503,2422.665719709261,0.0,0.0,0.0,0.0,0.0,2227.7041453831716,2.782163316306537,25.673244974459806,2422.665719709261
1.0,6.851008144029805,5.0,3.0,7.808065152238442,1.0,3922.610603505271,342.19949420155115,0.0,15745.546049754315,13540.942713264827,7672.2964337835465,0.0,355.79255205682495,0.0,0.0,0.0,297.9837119403894,1.0,21.787902271642338,8028.088985840372
1.0,6.053247594537919,5.0,2.5266237972689596,2.5266237972689596,1.0,3769.0,908.6892578886118,0.0,29981.486606685634,27631.410459227547,5527.5416365971305,0.0,0.0,1790.5209107144626,0.0,0.0,5527.5416365971305,1.0,21.94675240546208,7318.062547311592
2.0,5.246069658797998,1.0,3.0,2.0,1.0,3769.0,2065.7552315018384,0.0,7695.828366147748,7033.252842997565,20073.820897639398,0.0,0.0,0.0,0.0,0.0,20073.820897639398,1.0,27.507860682404004,20073.820897639398
1.5233045249588408,6.47669547504116,3.0932180998353633,2.9533909500823183,1.0,1.0,5631.992678584787,1440.0,0.0,12058.244555811261,10216.905989241883,14608.156319516167,0.0,0.0,0.0,0.0,0.0,14608.156319516167,1.0,28.430086425123477,14608.156319516167
2.0,6.211269352363299,5.0,3.7887306476367004,5.845077409453198,1.0,3394.7473076963856,628.4495339165893,0.0,6107.153806430399,5453.576593170714,14605.63467618165,0.0,0.0,0.0,0.0,0.0,13394.36532381835,1.0,22.76055726672845,14605.63467618165
1.0,6.9011715231390935,5.0,3.0,9.0,1.0,3769.0,516.0468609255637,0.0,3802.0,3538.0,9660.0,0.0,0.0,0.0,0.0,0.0,0.0,1.0,24.802343046278185,9660.0
2.0,5.253124283864177,5.0,3.253124283864177,3.771869987049241,1.0,3769.0,512.1467840507505,0.0,6491.970017560407,6113.883581078638,2746.8757161358226,0.0,379.6864257962659,0.0,0.0,0.0,0.0,2.5062485677283544,22.01249713545671,3126.5621419320887
2.0,7.0,3.8619636283970977,3.0,3.0,1.0,3769.0,461.2730179667216,0.0,17700.377322632034,17031.487723157825,2146.472721297823,0.0,0.0,0.0,0.0,0.0,2146.472721297823,1.0,26.121163672213058,2146.472721297823
2.0,7.0,5.0,3.0,6.915063470058662,1.0,2461.2235615942964,894.2069110332811,0.0,18430.39038217831,14483.030748320845,51199.25542397113,0.0,0.0,0.0,0.0,0.0,37407.25210708492,1.0,26.127404794912007,51199.25542397113
2.0,6.177606581182942,1.7104263247317677,2.0,1.177606581182942,1.0,3870.154390514498,1717.0662666453893,0.0,8532.81828017948,7551.413044276314,20016.44786837634,0.0,0.0,0.0,0.0,0.0,18536.139714505636,1.0,33.28957367526823,20016.44786837634
1.4308620915380335,6.5691379084619665,5.0,3.4308620915380335,9.0,1.0,3769.0,432.2746621021762,0.0,5903.049626099013,5557.58680493243,1430.8620915380334,0.0,1784.5689542309833,0.0,0.0,0.0,0.0,3.4308620915380335,26.138275816923933,3215.4310457690167
1.0,7.0,1.4131428406395106,2.1032857101598776,1.8262856812790211,1.0,4289.9910023971115,1323.7002903599778,0.0,6971.963693235696,6328.132836884999,14281.660131605986,0.0,0.0,134.27142320784083,0.0,0.0,0.0,1.8967142898401224,34.793428579680246,14415.931554813827
1.0712802700551638,7.0,5.0,1.0712802700551638,2.4989618903861475,1.0,3769.0,1353.2013932650875,0.0,2200.0179971567363,1077.0006888163132,6920.7363396986575,0.0,0.0,0.0,0.0,0.0,6842.328042637977,1.0,28.42975783955869,6920.7363396986575
1.0453399699666925,7.0,5.0,2.9546600300333075,8.863980090099922,1.0,3769.0,660.9974154928211,0.0,16801.47646872494,13441.718069076607,34520.121757872526,0.0,0.0,23816.119459400466,0.0,0.0,971.0007968066857,1.9546600300333075,25.36271975973354,58336.24121727299
2.0,7.0,1.0,3.0,4.417148429980562,1.0,3769.0,905.6083145280438,0.0,9777.376809586867,8859.508930290158,30620.51653266787,0.0,0.0,0.0,0.0,0.0,30620.51653266787,1.6546930814313483,32.65469308143135,30620.51653266787
1.3800745089372053,6.239850982125589,5.0,2.3800745089372053,2.6199254910627947,1.0,3769.0,1727.3369045224752,0.0,11912.179205293258,10874.06744188745,35795.16380666906,0.0,371.95529463767684,0.0,0.0,0.0,26900.372544686026,1.0,23.040596071497642,36167.11910130674
2.0,6.197154126572878,1.0,3.0,1.0,1.0,3924.371681106563,1440.0,0.0,13869.092395873513,12667.580308382774,14433.73907846033,0.0,0.0,1605.6917468542454,0.0,0.0,14256.30036454474,1.1971541265728773,34.60569174685425,16039.430825314575
2.0,6.5208167705564,5.0,2.4791832294436,1.4791832294436,1.0,2343.524498987133,1298.1617640846944,0.0,9994.821540636156,8668.84539103494,12520.392485012344,0.0,0.0,0.0,0.0,0.0,12520.392485012344,1.0,27.3542826061052,12520.392485012344
1.194558323185301,5.610883353629398,5.0,3.0,1.778233292741204,1.0,4599.410368795955,1440.0,0.0,12089.35894903889,11078.697748551784,6654.464418022905,0.0,2279.436455662602,0.0,0.0,0.0,2627.2560339494103,1.0,32.778233292741206,8933.900873685507
2.0,6.501005176770573,5.0,3.0,8.334673569027432,1.0,3769.0,339.55772222094765,0.0,9499.158290193578,8887.303035648541,6287.76086851975,0.0,304.3868421699501,0.0,0.0,0.0,6287.76086851975,1.0,24.32864250840399,6592.147710689701
1.6173517574129743,6.234703514825949,2.530592970348103,1.6173517574129743,4.061185940696206,1.0,820.4072766360127,1440.0,0.0,7030.959664640957,6417.491202064249,11140.822108895569,0.0,0.0,0.0,0.0,0.0,10987.762811860759,1.0,30.67853769810918,11140.822108895569
2.0,7.0,5.0,2.4769152754182153,2.4769152754182153,1.0,3769.0,997.1806131648239,0.0,8651.78133095107,7567.531713236756,8214.918825102928,0.0,0.0,0.0,0.0,0.0,8214.918825102928,1.0,22.09233889832714,8214.918825102928
1.3299039653890583,6.329903965389058,5.0,2.0,6.3607682768875335,1.0,3845.2078160048723,595.6789963902135,0.0,18736.0,15328.0,34000.0,0.0,0.0,1800.0,0.0,0.0,10000.0,1.0,25.319615861556233,35800.0
1.9296058774219893,6.859211754843979,5.0,3.8592117548439786,2.4927588580460753,1.0,3769.0,198.59211754843977,0.0,8356.786800335305,7396.931538665957,2014.0788245156023,0.0,10.559118386701613,0.0,0.0,0.0,2014.0788245156023,1.0,23.85921175484398,2024.6379429023038
1.0,7.0,5.0,3.0,5.274178506626718,1.0,3769.0,774.6787301368145,0.0,18797.64813526123,16226.557549677667,14888.026065156886,0.0,319.3561280034241,0.0,0.0,0.0,10165.419739510524,1.0,24.53226021333904,15207.38219316031
1.4190679467372023,7.0,5.0,2.5809320532627975,5.514407680423213,1.0,3769.0,505.2949128522048,0.0,33685.48914048272,29207.60226924043,9580.932053262797,0.0,0.0,2394.2369278307146,0.0,0.0,9245.677695873035,1.0,21.0,11975.168981093513
1.0896263391549421,6.089626339154942,5.0,2.9103736608450577,9.0,1.0,3769.0,746.2241965070348,0.0,8035.360857059163,7555.8688267538055,6788.352495414096,0.0,0.0,0.0,0.0,0.0,6761.464593667613,1.0,20.0,6788.352495414096
2.0,7.0,3.870543143634518,1.2823642140913705,7.023450501360407,1.0,3769.0,554.9102830070253,301.4070300816244,13480.659740852792,11297.63891272333,54523.48983815667,0.0,0.0,7535.17575204061,0.0,0.0,785.0935497840408,1.0,26.08255585364467,62058.66559019728
1.3999052068041562,6.399905206804156,5.0,3.0,6.200663552370907,1.0,3769.0,432.0113751835013,0.0,4528.627760763152,4135.058473758605,9092.134606338099,0.0,0.0,0.0,0.0,0.0,0.0,1.7998104136083124,23.0,9092.134606338099
1.9767252386625789,6.023274761337421,1.0930990453496845,1.0232747613374211,2.1629233293619476,1.0,3769.0,2259.0445674212297,0.0,7647.529506863541,6881.205289679836,16207.206566528428,116.37380668710557,216.50878579938683,23.27476133742107,0.0,0.0,13145.528448984262,1.0,33.860351431975474,16563.36392035234
2.0,5.823174015595661,1.0,3.0,1.1768259844043398,1.0,3813.4513968421657,1323.4716762775402,0.0,7833.432733079856,7090.381706412424,6008.841299220217,0.0,282.92157504694364,0.0,0.0,0.0,5540.252440548717,1.8231740155956602,32.408566140360946,6291.76287426716
1.0,7.477518959483882,2.9100758379355267,2.4775189594838816,1.0,1.0,8532.459641628924,1440.0,0.0,10899.989979181399,9343.02248183327,12238.75947974194,0.0,0.0,0.0,0.0,0.0,12238.75947974194,2.0,31.567443121548354,12238.75947974194
1.0,6.876777345827834,1.0,3.0,1.0,1.0,3477.070734379,1440.0,0.0,5463.682001556064,4910.885830503887,34492.890616688666,0.0,0.0,0.0,0.0,0.0,1355.4491958938265,2.876777345827834,38.630332037483505,34492.890616688666
1.859415793280589,6.140584206719411,4.437663173122356,3.0,1.0,1.0,4006.163040461128,1440.0,0.0,11921.080933868689,10434.95887098489,0.0,0.0,0.0,0.0,0.0,0.0,0.0,1.140584206719411,28.265257860474698,0.0
1.7997810954240216,7.0,1.8008756183039134,2.5995621908480433,2.0,1.0,3769.0,1272.4728338841132,0.0,11277.094522879892,10350.626224652187,29199.124381696085,0.0,0.0,0.0,0.0,0.0,29199.124381696085,2.0,33.200218904575976,29199.124381696085
1.0,7.0,5.0,3.0,4.107510777222198,1.0,3769.0,559.3519398999956,0.0,7484.1208079761145,6908.851282173891,8544.697133469263,0.0,1385.327872077124,0.0,0.0,0.0,8544.697133469263,2.6308297409259342,22.215021554444395,9930.025005546386
1.29527828922031,6.29527828922031,5.0,3.0,6.933051975457829,1.0,3769.0,586.9203908710601,0.0,3232.10756558919,3020.4289591455445,9480.310210972255,0.0,0.0,0.0,0.0,0.0,0.0,3.0,22.29527828922031,9480.310210972255
1.7934072581478373,7.0,5.0,1.7934072581478373,7.553850807034861,1.0,3769.0,372.552943435237,0.0,1764.575423336854,1421.4552621365183,6117.731128939605,0.0,0.0,0.0,0.0,0.0,5244.983144976984,1.0,22.6527419348173,6117.731128939605
2.0,6.814771553452591,5.0,3.6295431069051807,8.81477155345259,1.0,3769.0,477.40329757799606,0.0,3463.4453476220783,3349.663416753527,5748.065951559922,0.0,0.0,92.61422327370484,0.0,314.8883591305964,203.75129120215064,1.0,24.334112037853373,6155.568533964223
2.0,7.0,4.671009956685509,3.0,4.671009956685509,1.0,1462.3288766384117,1440.0,0.0,12019.85320132767,10854.817411711854,46424.26742419964,0.0,0.0,82.2475108286227,0.0,0.0,44588.76244585689,1.0,29.822475108286227,46506.514935028266
1.424527425196362,5.849054850392724,5.0,2.575472574803638,1.424527425196362,1.0,4477.406739583279,1613.2071894801156,0.0,5420.471180865854,4819.564952393096,0.0,0.0,0.0,0.0,0.0,0.0,0.0,1.575472574803638,28.150945149607278,0.0
2.0,5.174077925175317,5.0,2.0,8.39072726188639,1.0,3769.0,268.5774052766494,0.0,6354.337635355434,5797.671661886991,319.5363630943195,0.0,0.0,0.0,0.0,0.0,0.0,2.8259220748246827,19.69631170070127,319.5363630943195
2.0,6.815748643504281,5.0,3.4472459305128424,3.289759495470034,1.0,3769.0,185.44414283683818,0.0,8478.949184625551,7445.683086957859,2313.2273060427224,0.0,0.0,0.0,0.0,0.0,1631.4972870085617,1.7370054259828764,23.078743217521406,2313.2273060427224
1.0,7.252980633923225,3.5059612678464496,1.7470193660767752,4.50596126784645,1.0,3769.0,1603.2237314877755,0.0,4970.704733298067,4763.812036119303,14439.735475442418,0.0,93.97354754424185,0.0,0.0,0.0,14439.735475442418,2.0,36.0,14533.70902298666
1.4735008058462191,7.0,3.105996776615124,3.0,6.158995164922686,1.0,3769.0,445.0739065218386,0.0,22474.44213860555,22120.801945202456,0.0,0.0,0.0,0.0,0.0,0.0,0.0,1.0,30.576012893539506,0.0
2.0,6.1123043444112195,5.0,1.112304344411219,7.213869589121466,1.0,3489.9237041381202,516.796518187668,0.0,13025.621184536698,12422.797011074415,5515.507826223551,0.0,0.0,505.3695498504863,0.0,8876.956555887808,5515.507826223551,1.0,24.57226082175707,14897.833931961846
1.0025840148449823,6.9948319703100355,1.0,2.0025840148449823,2.0,1.0,3769.0,3086.0981375840765,0.0,5917.65375575578,5246.211902962296,12172.961267267341,0.0,0.0,0.0,0.0,0.0,12172.961267267341,1.0,31.007752044534946,12172.961267267341
1.0,6.3620147942067025,5.0,2.4480591768268094,1.6379852057932975,1.0,4177.714702659367,1291.987432255955,0.0,4252.328566729411,3735.724128467401,9781.00739710335,0.0,0.0,0.0,0.0,0.0,7970.93342606984,1.0,30.06820711889383,9781.00739710335
2.0,6.515175170333731,3.0607006813349265,2.4848248296662683,5.121401362669853,1.0,3304.0529883500485,801.1827887861728,0.0,6757.785111873443,6240.71123451373,257.5875851668658,0.0,0.0,0.0,0.0,0.0,0.0,1.4848248296662683,28.81789795599522,257.5875851668658
1.0,6.0,2.6258457235074113,2.4064614308768526,3.032307154384264,1.0,3134.5072696073557,1440.0,0.0,8791.105023883987,7485.431138999655,41563.18670683197,0.0,0.0,0.0,0.0,0.0,40750.26384507827,1.0,37.0,41563.18670683197
1.7937438503805163,6.587487700761033,5.0,3.0,1.0,1.0,4059.0606346786917,1440.0,0.0,12998.967776373516,12017.66571010137,13570.08510997443,0.0,1031.2807480974184,238.12315511415488,0.0,0.0,13449.837774746273,1.0,29.7624631022831,14839.489013186005
2.0,6.64660591342286,5.0,3.0,2.35339408657714,1.0,3769.0,338.348521644285,0.0,8093.512738144377,7172.846492743053,9964.882944689336,0.0,0.0,0.0,0.0,0.0,1039.0957028705361,1.7067881731542798,20.35339408657714,9964.882944689336
2.0,6.1747734428273775,4.300906228690492,2.349546885654754,1.0,1.0,4543.3881998752995,1440.0,0.0,12709.188457264176,10643.219898727744,14856.336229995895,0.0,0.0,0.0,0.0,0.0,14856.336229995895,1.0,27.349546885654753,14856.336229995895
1.3607725191105997,6.9176824426682,5.0,2.4430900764423993,4.196137404447001,1.0,3426.6268793640406,1440.0,0.0,5754.567358825761,5340.786766442093,14639.2274808894,0.0,95.88412213341002,0.0,0.0,0.0,14639.2274808894,1.6392274808894003,32.7530473280046,14735.11160302281
2.0,6.8117822095755205,1.3764355808489586,3.0,8.341237733514323,1.0,3769.0,516.2356441915105,0.0,6918.2586134850935,6115.52573598914,3120.483516936772,0.0,0.0,0.0,0.0,0.0,1932.2657265122928,1.0941088952122398,36.40014878139193,3120.483516936772
1.230055299748321,6.230055299748321,5.0,1.4601105994966421,9.0,1.0,3769.0,118.40442397986568,0.0,9929.933484791858,8889.919254020719,13561.076372810214,0.0,0.0,123492.59446094804,0.0,0.0,5389.612901761752,1.230055299748321,21.769944700251678,137053.67083375825
2.0,7.0,2.773451768253131,2.556637057936717,4.546903536506262,1.0,3210.6930308894725,854.7609164764667,0.0,8340.4734144088,7296.356612151635,23540.248215205538,0.0,177.3451768253131,0.0,0.0,0.0,16848.0350323499,1.0,28.906192926987476,23717.59339203085
2.0,5.744355002190728,1.0,2.2556449978092723,1.2556449978092723,1.0,3860.5556652694595,1532.0321992113381,0.0,8330.834877683641,7382.205776763536,20014.887100043816,0.0,0.0,0.0,0.0,0.0,18675.048096100505,1.0,32.466130013144365,20014.887100043816
2.0,7.0,5.0,2.302060501834795,9.0,1.0,3769.0,175.8351598532164,0.0,8882.907060109115,8133.5252106595535,7292.161330417508,0.0,0.0,0.0,0.0,0.0,7082.779480967946,1.0,20.60412100366959,7292.161330417508
2.0,6.7319580675856345,5.0,3.0,2.2680419324143655,1.0,3769.0,317.01048310359135,0.0,8262.936764157485,7379.142649354479,10119.967808803098,0.0,0.0,0.0,0.0,0.0,1176.2566146101146,1.536083864828731,20.268041932414366,10119.967808803098
1.0,6.851174260852771,1.5953029565889167,3.0,2.1906059131778335,1.0,3795.3864020864357,1344.7515269457733,0.0,7846.06798956782,7044.574800009656,6104.9221460987965,0.0,0.0,0.0,0.0,0.0,6104.9221460987965,1.8511742608527708,31.91643965193879,6104.9221460987965
1.6714246695306145,7.0,3.6856986781224577,3.0,6.371397356244915,1.0,5530.492346646376,573.8621763055074,0.0,9607.689249405263,8293.345034401917,1373.734873859637,0.0,0.0,0.0,0.0,0.0,0.0,1.3285753304693855,28.61432863516324,1373.734873859637
1.1904700242315582,6.619059951536883,1.0,2.1904700242315585,1.1904700242315582,1.0,3676.7135827623974,1466.6658033924182,0.0,6120.618671478125,5402.33095932915,12714.665026445595,0.0,0.0,0.0,0.0,0.0,12714.665026445595,1.0,33.19047002423156,12714.665026445595
1.233343864799594,5.4666877295991885,5.0,2.0,9.0,1.0,3769.0,182.80012637759512,0.0,8373.097883175282,8044.530527999244,2517.114312262648,0.0,114.9984202800609,0.0,0.0,0.0,2517.114312262648,1.0,22.233343864799593,2632.112732542709
2.0,6.0,1.598815871827831,3.149703967956958,3.047927775698704,1.0,3769.0,1047.4533445982959,0.0,5310.298845287102,4935.892415696643,2000.0,0.0,224.55595193543658,0.0,0.0,0.0,1700.5920640860845,2.2994079359139157,29.251480160215213,2224.5559519354365
2.0,5.423944812913302,1.0,3.0,2.0,1.847889625826604,3769.0,1802.0493415106505,0.0,7963.035544738976,7753.256940759512,1772.20740770528,0.0,0.0,0.0,0.0,2193.0420972390593,3619.6163926923205,2.152110374173396,35.1521103741734,3965.249504944339
2.0,5.152983800828562,1.6119352033142507,2.8470161991714376,3.070886605799939,1.8470161991714373,3769.0,1351.717819088581,0.0,10745.392161332029,10190.705716452487,22513.944079140827,0.0,237.16453576800245,0.0,0.0,0.0,22513.944079140827,1.0,28.541048597514312,22751.10861490883
1.764764415198015,6.235235584801985,4.05905766079206,2.764764415198015,1.764764415198015,1.0,4669.481818621998,1462.9429324559405,0.0,11213.30459304644,10281.592566724654,11579.379571641091,0.0,0.0,0.0,0.0,0.0,11082.282701762382,1.235235584801985,26.88188467841588,11579.379571641091
2.0,7.0,1.5229615013957898,2.0,1.8692596246510527,2.7385192493021053,3411.163592669931,605.5107603349895,0.0,9571.051530307073,8253.93626852652,12383.772241085688,0.0,0.0,0.0,0.0,0.0,12383.772241085688,1.0,37.038894369765785,12383.772241085688
1.527108034366818,7.0,2.8915678625327286,3.0,1.9457839312663643,1.0,5377.2066128531615,1001.156255892407,0.0,30705.491419947633,28593.345959829567,16114.453198655086,0.0,105.42160687336357,1607.8326831528193,0.0,0.0,13478.913026820997,1.0,28.90662051550227,17827.70748868127
2.0,6.0,3.1414324073706434,2.0,5.282864814741287,1.0,3826.1509534733527,893.9347361204859,0.0,8308.865828246495,7477.716231020412,20009.29283796315,0.0,0.0,0.0,0.0,0.0,19172.937421279938,1.0,29.717135185258712,20009.29283796315
1.8215540347722279,5.0,1.7137838609110885,3.0,6.535337895683316,1.0,3769.0,1504.240547481998,0.0,10991.027804418385,9685.93295413058,16750.878243405594,0.0,291.9375991126352,0.0,0.0,0.0,985.8648417266735,2.1784459652277723,31.0,17042.81584251823
1.0,7.0,2.249087144195184,3.0,2.312271786048796,1.0,3769.0,881.9977791057478,0.0,31733.460569287705,29975.964465691963,17977.647281833968,0.0,137.5456427902408,1061.7240725659065,0.0,0.0,14539.006212077946,1.0,31.31592320926806,19176.916997190114
1.23024616842787,6.23024616842787,5.0,3.23024616842787,2.8419693474229595,1.0,2114.7990159514925,242.3704597886556,0.0,12447.461607828573,11431.417538940925,27352.04681939187,0.0,0.0,0.0,0.0,0.0,10049.585135113173,1.0,26.92778448414917,27352.04681939187
1.0,6.412372329036852,4.175255341926294,3.0,1.7938138354815736,1.0,4612.507599044882,411.21726921588066,786.6695109622394,16923.56806969117,15083.856370980115,30103.093082259213,0.0,65.97957264589645,11335.045272556523,0.0,0.0,6958.768562925051,1.2061861645184264,27.474233974221118,41504.11792746163
1.36203920668403,5.72407841336806,5.0,2.0,9.0,1.0,3769.0,184.34447048020837,0.0,8347.23011945651,7928.781937508384,2692.011281883597,0.0,95.69411899739552,0.0,0.0,0.0,2692.011281883597,1.0,22.36203920668403,2787.705400880992
1.2568838476457147,5.256883847645715,5.0,2.2568838476457147,3.0550707811657185,1.0,3717.7249854875545,1113.2437457946507,0.0,12354.889081361964,11067.588907212616,390.46344842148653,0.0,1300.453266619999,743.1161523542852,0.0,0.0,0.0,1.0,33.40362613295999,2434.0328673957706
1.6320154860204186,7.632015486020419,5.0,3.0,1.0,1.0,5206.596069491721,1440.0,0.0,6617.030138736642,5555.267351252966,18745.146258018074,0.0,0.0,0.0,0.0,0.0,18745.146258018074,1.3679845139795814,29.839922569897908,18745.146258018074
1.0,5.116909228217108,5.0,2.058454614108554,9.0,1.0,3769.0,199.4069318840399,0.0,8382.296773899983,8182.185169730292,2139.850202082298,0.0,141.23180788371693,0.0,0.0,35.07276846513234,2139.850202082298,1.0,22.058454614108555,2316.1547784311474
1.0,7.0,5.0,2.141774393527102,2.141774393527102,1.0,2067.138622364243,665.4070479793871,0.0,12099.274659036291,11252.014733428374,4141.774393527102,0.0,128.73384097093472,0.0,0.0,0.0,3432.9024258915924,1.8582256064728981,29.865804851783185,4270.5082344980365
1.2745402540001254,7.0,5.0,3.0,7.352758475999248,1.0,3769.0,1108.9044536758488,855.3170405338522,9960.915078745811,8952.21577360984,9129.699059527891,0.0,0.0,0.0,0.0,0.0,7461.14164372818,1.0,21.45091949199975,9129.699059527891
1.5970469168956916,6.597046916895692,3.3881876675827667,3.4029530831043084,5.776375335165533,1.0,4153.8201943646145,639.9571313597731,0.0,5882.067158173016,5366.244343159275,14905.708978553592,0.0,0.0,0.0,0.0,0.0,13711.615144762209,1.0,25.641343163460316,14905.708978553592
1.0,7.0,5.0,3.0,9.0,1.0,3769.0,1139.180675441085,195.99396107533903,7775.0,7019.0,1171.0,0.0,0.0,0.0,0.0,600.0,1171.0,1.0,24.351682490174753,1771.0
1.0,7.114566066440946,3.2291321328818916,2.3281509003385814,3.7864151661023646,1.0,4191.794703274449,1440.0,0.0,5640.17688866696,5327.361798633102,14896.40422977359,0.0,83.59245498307094,0.0,0.0,0.0,14896.40422977359,1.557283033220473,35.11456606644094,14979.996684756661
2.0,6.1084181708455425,1.0,3.0,2.0,1.445790914577229,3769.0,1675.178543918376,0.0,9090.439793986763,8217.9143427331,24427.78673100358,0.0,124.8214560816241,0.0,0.0,0.0,24427.78673100358,1.0,34.54209085422771,24552.608187085203
2.0,5.724516851398618,1.0,3.0,1.2754831486013818,1.0,3808.1239099755253,1258.4566050716894,0.0,7839.253505767481,7163.683979410826,6013.774157430069,0.0,440.77303776221106,0.0,0.0,0.0,5283.743813636407,1.7245168513986182,31.52065166258756,6454.54719519228
1.9841789082344174,5.0,1.0632843670623298,3.0,6.047463275296748,1.0,3769.0,1445.6955930356096,0.0,10703.019153516847,9274.979898891626,17889.252357640922,0.0,25.883306128492872,0.0,0.0,0.0,1181.0146898813011,2.0158210917655826,31.0,17915.135663769415
2.0,7.65890997552578,3.635639902103118,2.3410900244742203,2.0,1.0,3769.0,747.6729926577339,0.0,8262.787503553323,7866.787503553323,3269.439065609158,0.0,1794.8707733322233,1023.2700734226617,0.0,0.0,3269.439065609158,1.0,29.751990269216428,6087.579912364044
1.1812929428807672,5.0,4.274828228476931,3.0,8.456121171357697,1.0,3769.0,1734.7345405629237,0.0,12124.930198158161,11303.8727333403,12269.05060016537,0.0,1339.4047454470647,0.0,0.0,0.0,217.55153145692066,2.8187070571192328,31.0,13608.455345612436
2.0,7.0,5.0,2.0,6.222535871493606,1.0,3769.0,792.3934205514353,0.0,8551.737641505633,7530.805692562931,7761.969788731721,0.0,0.0,0.0,0.0,0.0,7581.003965667709,1.0,21.587122359146512,7761.969788731721
1.3372271327554204,5.674454265510841,5.0,2.0,1.6627728672445796,1.0,2930.9905751027804,1876.7673195141779,0.0,13736.929824361598,12006.863974680859,5161.869023722602,0.0,0.0,10332.401231752301,0.0,0.0,1848.0046874997038,1.0,29.709498460309625,15494.270255474903
2.0,7.716574376989022,4.6220991693186955,2.0944752076703264,2.0,1.0,3769.0,843.4812106707475,0.0,8434.370123321101,8058.776768177891,3713.7460357894415,0.0,2617.8098665785533,0.0,0.0,0.0,3463.386735463077,1.0,25.905524792329675,6331.555902367994
1.7726227274493827,5.454754545101235,1.9095090902024698,2.5452454548987653,2.0,1.7726227274493827,3769.0,1856.5183633749139,0.0,12156.149426559394,11471.537481217201,23657.407890373473,0.0,216.3343636858271,0.0,0.0,0.0,23657.407890373473,1.2273772725506173,30.13688636275309,23873.7422540593
2.0,7.0,5.0,1.2648954472367335,1.7351045527632665,1.0,3468.608562833544,616.6829009051414,0.0,11807.31409469387,11180.772988321803,2921.601621096288,0.0,39.734317085510014,0.0,0.0,0.0,2897.3431708551,2.7351045527632665,26.529790894473468,2961.335938181798
1.6452898375257168,6.645289837525717,5.0,1.6452898375257168,7.064130487422849,1.0,3769.0,964.6883822844607,0.0,10954.180017068687,10190.027846314058,18947.788135296454,0.0,0.0,73810.69002887118,0.0,0.0,16302.498297770735,1.0,29.098188212782887,92758.47816416764
2.0,6.0,3.3830029127558268,3.0,1.0,1.0,2101.5904209624678,1440.0,0.0,10982.805442576948,9938.543664871144,0.0,0.0,0.0,0.0,0.0,0.0,0.0,1.8084985436220866,31.446741989921478,0.0
1.0,6.4011879140389825,5.0,2.4011879140389825,4.808315398272879,1.0,3769.0,2811.2796768507296,116.34449507130498,7402.538882532247,6639.353137500715,469.79104733964874,0.0,508.99027306686475,0.0,0.0,240.7127484233896,469.79104733964874,1.0,32.78455711749322,1219.494068829903
2.0,5.366956079204801,5.0,3.0,2.0,1.0,3769.0,1809.9131762385598,0.0,9500.220119056476,8817.32634939412,27605.566899021756,0.0,0.0,0.0,0.0,0.0,10275.127691069763,1.0,23.100868237614403,27605.566899021756
1.0,6.656439525224296,5.0,2.656439525224296,6.251516201794368,1.0,3669.7110227898215,790.1248700279468,0.0,17137.853004277684,14035.675348723636,17445.123093882048,0.0,0.0,515.340712163556,0.0,0.0,7423.474863494638,1.0,25.71780237387852,17960.4638060456
1.617155783395647,6.3828442166043535,2.5313768664174128,1.382844216604353,4.679909516230472,1.0,3769.0,1633.4221685235343,0.0,8428.15479424805,7687.719577843564,16596.620286582514,1914.221083021766,162.573367509347,382.84421660435316,0.0,0.0,12582.083112580978,1.0,30.17155783395647,19056.25895371798
1.0,5.4424099364806695,5.0,2.5575900635193305,7.3272298094420085,1.0,3769.0,882.5634800343564,0.0,17521.5688416549,15057.011229129605,31769.63974592268,0.0,0.0,8323.803743176166,0.0,0.0,7212.049682403347,1.0,25.67277019055799,40093.44348909884
2.0,5.168136886748578,1.0,3.0,1.831863113251422,1.0,3605.4028091936334,1739.470720770512,0.0,6641.703172561324,6048.073668021965,19663.726226502844,0.0,0.0,0.0,0.0,0.0,19663.726226502844,1.0,28.504410660245732,19663.726226502844
2.0,6.669602616133962,2.3215895354641525,2.330397383866038,2.0,2.3392052322679238,3769.0,717.8861163835475,79.29537212784913,9972.411110982617,8922.966623844708,11991.03891383624,0.0,0.0,0.0,0.0,0.0,11776.280614323316,1.0,34.37443662587547,11991.03891383624
1.0,5.139863211418868,5.0,3.0,9.0,1.0,3769.0,1684.6128505794336,0.0,12713.907981472843,11909.06616680694,10775.519545672716,0.0,1521.5918930593657,0.0,0.0,0.0,0.0,2.8601367885811317,30.230752337196225,12297.111438732081
1.359831776171834,6.640168223828166,5.0,3.0,6.121345790625329,1.0,3552.741102520728,604.5804679042433,0.0,12875.377476138716,11752.750335691862,418.67001838362063,0.0,0.0,0.0,0.0,0.0,418.67001838362063,1.0,22.518822433202835,418.67001838362063
1.728852563499815,6.7288525634998155,5.0,1.271147436500185,1.0,1.0,2124.3342318903437,1440.0,0.0,16860.13037697612,15733.353992310107,18379.60641110026,0.0,0.0,406.7211547502772,0.0,0.0,15830.820507998522,1.0,29.728852563499814,18786.327565850537
1.5928119916534227,7.592811991653423,5.0,3.0,1.0,1.0,5257.050966742045,1440.0,0.0,6581.2373483795745,5526.531189881959,18698.925338159384,0.0,0.0,0.0,0.0,0.0,18698.925338159384,1.4071880083465773,30.035940041732886,18698.925338159384
1.6801319311034515,6.360263862206903,2.2794722755861945,1.6801319311034515,3.558944551172389,1.0,808.8557246769649,1440.0,0.0,6970.753478071791,6369.338808843653,11216.158317324142,0.0,0.0,0.0,0.0,0.0,11088.211089765522,1.0,30.23907648227584,11216.158317324142
1.0,7.769170810845988,4.076683243383952,3.230829189154012,1.0,1.0,8899.060127667683,1440.0,0.0,10111.602257259869,8631.912108069413,12887.331379400432,0.0,0.0,0.0,0.0,0.0,12887.331379400432,1.769170810845988,30.0,12887.331379400432
1.4568586448803686,5.913717289760737,5.0,2.0,5.198010514162581,1.0,3769.0,959.8427172721651,0.0,37298.396079635844,33774.509976732945,4411.541831949355,0.0,0.0,456.8586448803687,0.0,0.0,4046.0549160450596,1.0,22.086282710239264,4868.400476829723
1.1903248628190677,7.0,1.7612994512762712,3.0,2.5225989025525424,1.0,8109.668410426977,1194.4809269634025,0.0,10043.565674285925,8561.79872654696,389.4046693278127,0.0,0.0,0.0,0.0,0.0,0.0,1.8096751371809323,33.90642650899025,389.4046693278127
2.0,6.052338875786508,1.0,3.0,2.366372130505558,2.895322248426983,3769.0,1088.596674528095,0.0,7398.359512224667,7149.700053733886,3352.85738081753,0.0,0.0,0.0,0.0,0.0,3300.518505031022,1.0,34.209355503146035,3352.85738081753
2.0,7.0,5.0,3.378476423485869,4.649334964401083,1.0,3769.0,411.0943171705923,0.0,4741.691650359756,4339.902050714803,7430.0604537402405,0.0,0.0,0.0,0.0,0.0,0.0,2.243047153028262,22.24304715302826,7430.0604537402405
1.637055728154008,6.0,5.0,3.362944271845992,1.637055728154008,1.0,3326.5709326197357,1251.4315044664136,0.0,9372.842563882574,8805.553226406877,11675.79692893173,0.0,0.0,0.0,0.0,0.0,10758.273809705062,1.0,28.822334368924047,11675.79692893173
1.995480490704257,5.0,5.0,2.004519509295743,8.963843925634055,1.0,3774.5635159430594,123.97479128897226,0.0,6405.391288963983,5816.0896702868085,348.41817174649,0.0,0.0,0.0,0.0,0.0,0.0,2.995480490704257,19.045195092957428,348.41817174649
2.0,6.553647648802357,1.0,2.553647648802358,1.0,1.0,2858.539962188551,1440.0,0.0,12119.386559544853,10375.06060097721,39035.878921413096,0.0,0.0,553.6476488023578,0.0,0.0,39035.878921413096,1.0,37.660942946407076,39589.52657021545
2.0,6.3335695494722,5.0,2.332860901055599,1.3335695494722004,1.0,3368.4752992327926,1066.4021045911354,0.0,12004.861813558762,10845.08574645841,844.9316688130837,0.0,0.0,0.0,0.0,0.0,833.9238736805011,1.6671390989444008,26.6664304505278,844.9316688130837
1.4195249932833254,5.839049986566651,3.3219000268666985,1.4195249932833254,5.643800053733397,1.0,856.8074012358682,1440.0,0.0,7220.675531441291,6569.224330151689,10903.429991939991,0.0,0.0,0.0,0.0,0.0,10671.239989253321,1.0,32.06332504701672,10903.429991939991
2.0,6.0887673941077685,1.3550695764310738,2.9112326058922315,2.0,1.0,3769.0,2890.6520872929323,0.0,8497.308350699313,7762.895229262953,20273.36978176767,0.0,0.0,0.0,0.0,0.0,20273.36978176767,1.0,26.355069576431074,20273.36978176767
2.0,6.0,4.846662943819252,3.0,1.038334264045187,1.0766685280903736,3707.453392898892,1427.73303550554,0.0,9210.813271668088,7990.834243331263,3013.992006376493,0.0,0.0,0.0,0.0,0.0,3013.992006376493,2.923331471909626,30.153337056180746,3013.992006376493
1.3650399544089669,7.634960045591033,5.0,2.2699200911820663,6.079680364728265,1.0,3983.278453238064,881.2351598798908,0.0,4525.509189638572,4108.1924087868065,10388.254709045888,0.0,0.0,365.0399544089669,0.0,0.0,0.0,1.7300799088179337,26.634960045591033,10753.294663454855
1.2451621800591521,5.490324360118304,5.0,2.754837819940848,6.0,1.0,3769.0,1440.0,0.0,15458.692784614761,13960.39680050729,28631.014386549694,0.0,0.0,20241.959951626686,0.0,0.0,9024.582347851043,1.0,28.470973080354913,48872.974338176384
1.1704779381739177,5.340955876347835,5.0,1.1704779381739177,2.0,1.0,3769.0,1084.9603286814815,0.0,7920.935402493134,7222.191287007912,9132.921327793038,0.0,547.4845608052144,0.0,0.0,0.0,7059.116173227831,1.0,23.170477938173917,9680.405888598252
2.0,7.0,5.0,2.0,4.275822824041631,1.0,3099.3478853079014,948.6265763937554,0.0,12016.284062566874,10723.185323681877,4580.230117708374,0.0,88.57832204921942,0.0,0.0,0.0,4580.230117708374,1.590522146994796,25.95261073497398,4668.808439757593
1.5773108866038106,6.422689113396189,5.0,1.845378226792379,8.42268911339619,1.0,3769.0,839.5966779320371,498.3504646941075,12106.08728158464,11315.196507154467,7146.507708348538,0.0,0.0,0.0,0.0,5773.108866038105,6174.322747537301,1.0,22.57731088660381,12919.616574386642
1.1781935560989132,7.0,1.7127742243956527,2.821806443901087,3.2473548926923925,1.0,3769.0,951.2807699212021,0.0,35293.15374498258,33320.643254224495,19354.761193153696,0.0,164.36128878021736,178.19355609891318,0.0,0.0,15103.17412876913,1.0,33.327096658516304,19697.316038032826
2.0,6.001236679759409,1.0,2.001236679759409,1.0098934380752755,1.0,1792.4473892438714,1439.492961298642,0.0,6849.4548093224275,5397.989054978492,37832.52674421389,0.0,0.0,0.0,0.0,0.0,37832.52674421389,1.0,35.99505328096236,37832.52674421389
1.300853108353255,7.300853108353255,3.7965875665869797,3.0,6.894028241527215,1.6017062167065101,3769.0,1081.6839479512732,0.0,6646.202078862045,6286.202078862045,8737.090115465475,0.0,1747.8672291168623,0.0,0.0,0.0,8526.492939618196,1.0,32.90255932505976,10484.957344582337
1.018763625655696,6.018763625655696,5.0,1.018763625655696,1.018763625655696,1.0,2337.3761298316604,1448.6312678016202,0.0,8048.857443783974,7157.930318181686,11940.842648517413,56.29087696708848,2507.567815986162,0.0,0.0,0.0,11940.842648517413,1.0,28.924945497377216,14504.701341470663
2.0,6.525113456493782,5.0,2.0502269129875628,9.0,1.0,3769.0,292.4659630518656,0.0,9297.652949868838,8439.571261193316,2071.643873349336,0.0,0.0,0.0,0.0,0.0,0.0,1.9497730870124372,24.52511345649378,2071.643873349336
1.0,5.765052560488017,3.469894879023967,3.0,5.939789758047934,1.0,3780.8583146875644,1477.0484231853595,0.0,7573.540617218579,6939.240840967808,6475.454764212113,0.0,0.0,0.0,0.0,0.0,5796.233672480523,2.6174737197559916,35.234947439511984,6475.454764212113
2.0,7.0,4.520683991929415,3.0,8.04136798385883,1.0,2085.8806926554626,1440.0,0.0,9129.780856889509,8364.314235315745,18664.47879435059,0.0,0.0,0.0,0.0,0.0,13275.606704640586,2.0,29.479316008070587,18664.47879435059
2.0,6.0258353713719846,5.0,2.0258353713719846,8.844987771768093,1.0,3769.0,163.51018794850586,0.0,61894.474320712994,60453.67236419589,19025.835371371984,0.0,3004.3237146888,25.83537137198448,0.0,0.0,18767.48165765214,1.0,21.077506114115952,22055.994457432767
2.0,7.0,4.919894576296702,2.040052711851649,2.959947288148351,1.0,3774.4271424558983,1204.806325422198,0.0,11641.460865597852,10895.041889331258,14536.670353731148,0.0,0.0,979.9736440741756,0.0,0.0,14536.670353731148,1.0,21.160210847406596,15516.643997805324
2.0,7.0,5.0,2.525639549985514,3.102558199942055,1.0,3939.288631976673,1100.9624902593437,0.0,17618.75313650579,14737.443965591276,32948.72090002897,0.0,0.0,1326.9244050130376,0.0,0.0,8685.901125036216,1.0,25.897441800057944,34275.64530504201
1.7685998047885083,6.537199609577017,5.0,2.0,2.0,1.0,3769.0,1408.028775495131,0.0,12331.220005833038,10769.736632485234,5555.697658862092,0.0,253.63793558020777,9995.020839409413,0.0,0.0,4398.696682804633,1.0,24.462800390422984,15804.356433851714
1.0,5.487313432127733,4.025373135744534,3.0,7.050746271489067,1.0,3776.55335819798,1485.380597036168,0.0,7517.437313289802,6934.797014914044,6582.384328630823,0.0,0.0,0.0,0.0,0.0,5750.406716301076,2.7563432839361335,35.512686567872265,6582.384328630823
1.6715584436130373,7.0,1.0,3.328441556386963,1.0,1.0,5261.448437126679,1440.0,0.0,11446.428443138426,9994.428443138426,15535.89117298556,0.0,0.0,0.0,0.0,0.0,14931.488573733828,1.6715584436130373,32.01467533083911,15535.89117298556
1.90707085562061,6.90707085562061,1.0,2.09292914437939,1.90707085562061,1.0,4048.066220571308,1570.618203209368,0.0,13866.473401095087,11279.321609640752,53420.20454555037,0.0,0.0,0.0,0.0,0.0,1022.2205881732892,1.09292914437939,38.72121256686183,53420.20454555037
2.0,7.0,5.0,1.5140945328641597,7.200669134975441,1.0,3769.0,183.1342539788872,0.0,8947.305310381424,8009.912087127937,11499.286233015073,0.0,0.0,0.0,0.0,0.0,1756.333499447152,1.74295273356792,20.742952733567922,11499.286233015073
1.787901988292265,6.787901988292265,5.0,2.0,2.0,1.0,3769.0,2247.168458033957,0.0,6055.452530308875,5712.919603986698,0.0,0.0,180.28330995157478,0.0,0.0,0.0,0.0,1.0,29.333078128785083,180.28330995157478
1.0,6.13531380796646,5.0,1.541255231865839,1.8646861920335402,1.0,3921.7692891941333,1239.3928034482187,0.0,3967.818828997907,3519.224686607969,9667.65690398323,0.0,0.0,0.0,0.0,0.0,8991.087864150932,1.0,26.894393311530436,9667.65690398323
1.0,6.391513587340208,5.0,2.3915135873402087,9.0,1.0,3769.0,746.325489567838,302.24848942664113,16204.008805161242,14105.189858804619,3486.7891301278332,0.0,1642.9133141814366,0.0,0.0,0.0,3486.7891301278332,1.3915135873402087,24.216972825319584,5129.70244430927
1.4931615681795174,6.493161568179517,5.0,3.4931615681795174,4.945292545436139,1.0,2679.8042100177827,210.8206118184579,0.0,13143.398670971183,11994.845240608705,28256.47579453754,0.0,0.0,0.0,0.0,0.0,8324.860112742366,1.0,24.561545886384344,28256.47579453754
1.8406959793810196,6.84069597938102,5.0,2.681391958762039,9.0,1.0,3769.0,167.2556783504816,0.0,12618.58439721463,10538.038448349373,25667.638487208096,0.0,0.0,96929.72489692565,0.0,0.0,1115.1281443328621,1.8406959793810196,21.15930402061898,122597.36338413374
2.0,5.1262180661583,4.747563867683399,3.0,2.4417632315540514,1.0,3769.0,462.96056106862943,0.0,6839.02554707336,6395.02554707336,3000.0,0.0,33.95265979658279,0.0,0.0,0.0,0.0,2.1893270992374507,21.6310903307915,3033.952659796583
1.1176490284735587,7.0,5.0,3.0,3.0,1.0,3769.0,508.23523108884615,0.0,26462.338381523456,23160.926191373164,9929.410582915865,0.0,0.0,2999.993303189901,0.0,0.0,9929.410582915865,1.0,20.882350971526442,12929.403886105765
2.0,6.0,4.090570799615605,2.2273573000960987,7.408498899327308,1.0,3769.0,979.298958236403,0.0,8137.589939850548,7477.0353514401695,20068.20719002883,0.0,0.0,0.0,0.0,0.0,20068.20719002883,1.0,26.0,20068.20719002883
2.0,6.658325498103079,5.0,2.6583254981030793,5.050047011381525,1.0,3769.0,739.0762032738021,0.0,53925.0987239012,51877.10624572224,19658.32549810308,0.0,1053.7241638501039,658.3254981030791,0.0,0.0,13075.070517072287,1.0,22.97497649430924,21370.37516005626
2.0,6.380909525510988,1.0,3.0,1.0,1.0,4068.252158475103,1440.0,0.0,13372.4015525438,12113.557780584373,14838.000956124171,0.0,0.0,1238.1809489780255,0.0,0.0,14495.182383164283,1.3809095255109871,34.23818094897803,16076.181905102198
2.0,6.961034694232989,1.0,2.3463217685890037,4.614712925643985,1.3463217685890037,3769.0,1467.7057414871203,0.0,15567.96460486644,12949.267828979471,22335.239471994155,0.0,96.970095204921,0.0,0.0,0.0,22335.239471994155,1.0,34.22942585128797,22432.209567199076
1.0,7.521889335605469,5.0,2.5218893356054686,1.2390553321972657,1.0,2470.067452060732,608.3756017714453,76.09446678027344,3244.0322818396094,2854.294953866875,11418.657756048535,0.0,0.0,0.0,0.0,0.0,9143.433199318359,1.0,31.84850201022461,11418.657756048535
1.509724246751698,7.0,5.0,3.0,5.941654519489811,1.0,3769.0,825.272558417452,578.0351130797479,9607.9039056257,8650.004342924069,8925.559353819526,0.0,0.0,0.0,0.0,0.0,7797.925121348431,1.0,20.980551506496603,8925.559353819526
2.0,7.0,5.0,2.8252861082328966,4.048283350602619,1.0,3769.0,1006.3215270582242,0.0,51821.3950362655,49613.12037236192,19825.286108232896,0.0,538.8176422097463,825.2861082328968,0.0,0.0,11572.425025903929,1.0,23.8252861082329,21189.38985867554
1.2797035384714792,6.0,5.0,1.7202964615285208,9.0,1.0,3769.0,466.02200507216145,0.0,8355.998065086376,7644.314596773435,5356.681861515598,0.0,0.0,0.0,0.0,0.0,0.0,2.118814153885917,22.601482307642605,5356.681861515598
2.0,5.0,1.2304519235910676,2.942387019102233,1.9423870191022332,1.0,3613.790629461416,1571.9341826743125,0.0,6215.168577023849,5774.37840398086,12798.988081438478,0.0,0.0,0.0,0.0,181.4808898279657,12971.827024131779,1.0,33.19341826743126,12980.468971266444
1.8733366617238478,6.746673323447696,5.0,2.873336661723848,8.113356632066935,1.0,3769.0,159.06603427246893,0.0,7015.110447718291,5831.9068530565355,1585.106041028784,126.66333827615222,0.0,0.0,0.0,0.0,0.0,3.0,24.886643367933065,1711.7693793049361
1.1617642113521096,5.16176421135211,5.0,2.16176421135211,1.0,1.0,3613.9414395606777,1440.0,0.0,13021.471072874932,11525.353413947383,0.0,0.0,1466.9126301338083,838.2357886478903,0.0,0.0,0.0,1.0,35.38235788647891,2305.1484187816986
2.0,6.786275956757095,1.854896172971622,2.2137240432429053,2.0,2.572551913514189,3769.0,633.8813111348919,51.293770378297324,9790.050679588661,8683.20290886417,12085.310973059732,0.0,0.0,0.0,0.0,0.0,11946.390344951844,1.0,36.007863394599326,12085.310973059732
2.0,7.0,1.0,2.0,3.872936911588833,1.0,2484.6793072173377,1440.0,0.0,6800.177209609311,6074.010897738354,11278.231065902051,0.0,0.0,0.0,0.0,0.0,11278.231065902051,1.0,32.596699058542136,11278.231065902051
1.0,6.5665753621714185,5.0,3.0,2.133150724342837,1.0,4215.860801601268,882.4898436233241,0.0,11534.922698856477,10793.677777044815,5866.849275657163,0.0,1035.0180351346523,0.0,0.0,0.0,866.8492756571629,1.0,26.900821740457232,6901.867310791815
1.0,7.0,5.0,3.0,9.0,1.0,3769.0,874.8876841179858,113.40240128687059,7775.0,7019.0,1171.0,0.0,0.0,0.0,0.0,600.0,1171.0,1.0,23.782085526116347,1771.0
2.0,7.0,5.0,1.9976940016359805,2.50115299918201,1.0,2633.3873038535658,1068.3520144597105,0.0,6943.5703848858975,6558.767897455218,10599.538800327196,0.0,0.0,0.0,0.0,0.0,10399.077600654393,1.0,28.510376992638086,10599.538800327196
1.0,7.0,5.0,3.0,9.0,1.0,3769.0,880.5819054543078,115.1818454544712,7775.0,7019.0,1171.0,0.0,0.0,0.0,0.0,600.0,1171.0,1.0,23.794357554858422,1771.0
1.5397326187599427,6.460267381240057,2.8410695249602287,1.4602673812400573,5.2218716686804,1.0,3769.0,1677.844382950724,0.0,8596.240484672164,7861.379736121448,16680.469573882983,2301.3369062002857,150.95989281399142,460.26738124005715,0.0,0.0,12460.76101359683,1.0,31.238395712559658,19593.033754137316
1.3720499472273642,5.372049947227364,5.0,2.2559001055452716,8.627950052772636,1.0,3769.0,1279.1300738816901,0.0,12791.63440097422,12143.351195908048,8961.166289194043,0.0,1027.3262863360321,0.0,0.0,3720.499472273642,2053.71570869505,2.2559001055452716,28.023600422181087,13708.992047803718
1.0,7.0,5.0,3.0,4.95417716154571,1.6743038064090485,3769.0,954.5012593854851,251.43746145221462,15910.060358745146,13389.941886959283,3000.0,0.0,0.0,0.0,0.0,0.0,3000.0,1.3256961935909515,24.348607612818096,3000.0
1.4675188074405738,7.532481192559426,1.0,2.0649623851188523,1.0,1.0,9419.642741621754,1440.0,0.0,20111.779137541147,16802.76919053737,28863.68417395799,0.0,170.39398161901636,1597.4435776782784,0.0,0.0,20343.985093007173,2.0,35.12992477023771,30631.521733255286
2.0,7.0,3.885688269314927,3.2785779326712685,1.0,1.0,3947.6579753819224,1440.0,0.0,12294.93055138596,11232.498467743475,13494.81330223969,0.0,0.0,216.4266201986195,0.0,0.0,13494.81330223969,1.0,30.442844134657463,13711.23992243831
1.1412780492755057,6.141278049275506,5.0,1.2825560985510116,1.8587219507244943,1.0,3597.6297262288113,3511.23734514748,0.0,16740.574648021484,15343.355994386708,84276.43531460798,0.0,0.0,52296.1667991217,0.0,0.0,0.0,1.2825560985510116,34.29360975362247,136572.6021137297
2.0,7.0,1.8479299636089541,2.7880175090977612,9.0,1.0,3769.0,214.5621010917314,0.0,6480.250810676354,5817.761954388241,30664.510307315897,0.0,84.79299636089542,0.0,0.0,0.0,17364.052527293283,1.7880175090977615,29.45621010917314,30749.303303676792
2.0,6.63747000814854,1.7250599837029195,2.18126499592573,2.450119967405839,1.0,762.6885497148011,1440.0,0.0,7002.421747393338,6425.443688224489,11760.238256398345,0.0,0.0,0.0,0.0,0.0,10998.92527351028,1.0,28.36252999185146,11760.238256398345
2.0,5.645055955692831,3.7098880886143393,3.0,2.0,1.0,3769.0,2100.0979612056676,0.0,12620.053196651403,11008.124084193845,32594.71784484823,0.0,0.0,0.0,0.0,0.0,30000.0,1.3225279778464152,29.612639889232074,32594.71784484823
1.0228938249761201,7.0,5.0,3.97710617502388,9.0,1.0,3769.0,71.48809862344781,0.0,6737.867238564708,6344.163892487346,1702.6327898722539,0.0,0.0,0.0,0.0,316.58240070773707,1661.0804975405956,1.0457876499522405,36.70238027531044,2019.2151905799908
1.846208850331969,6.153791149668031,5.0,3.0,8.077253101991813,1.0,3769.0,418.42633578753987,0.0,20475.650202260138,17928.019279230615,10753.934160531151,0.0,0.0,0.0,0.0,0.0,9061.516459867213,1.0,21.30758229933606,10753.934160531151
2.0,6.223614434496311,5.0,1.2236144344963114,6.434698958525821,1.0,3213.3181302766666,632.5590118761637,0.0,12679.335494281975,12061.818388928463,5511.0554226201475,0.0,0.0,1006.2649552334005,0.0,7763.855655036888,5511.0554226201475,1.0,26.130602082948357,14281.176032890435
2.0,6.042677112105412,1.1707084484216512,2.957322887894587,2.0,1.0,3769.0,2885.1212534526494,0.0,8521.551839032552,7782.160967139937,20287.196866368377,0.0,0.0,0.0,0.0,0.0,20287.196866368377,1.0,26.17070844842165,20287.196866368377
1.4269585710691506,7.0,5.0,3.0,6.438248573585096,1.0,3769.0,1035.243274626445,442.38798313461564,16756.215589192507,14595.657176875447,3000.0,0.0,0.0,0.0,0.0,0.0,3000.0,1.5730414289308494,22.1460828578617,3000.0
2.0,6.932730740476255,5.0,1.1345385190474904,1.9327307404762548,1.0,3728.571175026229,395.34157066659463,0.0,11654.352516821391,11062.581258792881,2362.6069656263535,0.0,0.0,0.0,0.0,0.0,2331.826851190637,2.8654614809525096,26.067269259523744,2362.6069656263535
2.0,7.0,5.0,3.0,6.6993465980135,1.0,2325.915153603968,955.6862195661524,0.0,17664.37976954594,14038.65399190781,50726.2422527941,0.0,0.0,0.0,0.0,0.0,38262.51557552598,1.0,26.45098010297975,50726.2422527941
1.4793544401378518,6.0,1.0,1.0,1.4793544401378518,1.0,4377.114013918989,1847.451274117174,0.0,7597.0,6829.0,16182.0,0.0,220.0,0.0,0.0,0.0,13182.0,1.0,33.479354440137854,16402.0
2.0,5.313727691194096,2.254910764776384,2.686272308805904,4.196093838358673,1.686272308805904,3769.0,1174.8995396864943,0.0,10227.796834355011,9657.678976000378,22036.856212535924,0.0,192.1562464656531,0.0,0.0,0.0,22036.856212535924,1.0,28.058816926417713,22229.012459001577
2.0,6.212741888866751,3.4254837777335023,1.7872581111332488,7.819112833300126,1.0,3769.0,663.8451911252793,0.0,9659.328668074097,8488.557367402515,14245.351112068538,0.0,0.0,0.0,0.0,0.0,1568.6735342154923,2.0,24.936290555666243,14245.351112068538
1.8608019753824703,7.0,5.0,2.1391980246175297,8.164811852294822,1.0,3769.0,579.9554844550757,0.0,8444.398170676232,7885.409299562462,5860.80197538247,0.0,0.0,0.0,0.0,0.0,0.0,1.0,25.58240592614741,5860.80197538247
1.101738372707294,6.796523254585412,4.593046509170824,3.0,8.287831391048941,1.0,3769.0,1527.901954019102,260.49587191488473,7834.41520966106,7134.452705348237,1112.9073891841351,0.0,0.0,0.0,0.0,926.2749612722919,1439.1823504564272,1.203476745414588,26.119122099780235,2039.1823504564272
1.1706675948587164,5.512002784576149,4.317329620565134,2.8293324051412836,8.487997215423851,1.0,3769.0,577.4942986530649,0.0,13287.40245324068,11617.512158749932,24098.21098500745,0.0,0.0,0.0,0.0,0.0,24098.21098500745,1.0,22.072016707456893,24098.21098500745
1.682468552123263,7.0,3.729874208493052,2.6824685521232627,2.0,1.0,3769.0,1902.5047193055225,0.0,6151.769181930403,5913.8191810807975,11235.335615039006,0.0,0.0,0.0,0.0,0.0,11235.335615039006,1.0,26.22272013513716,11235.335615039006
1.9527975276012943,5.094404944797411,1.1888098895948227,3.0,1.9527975276012943,1.0,3875.2527653694865,1783.007109936466,0.0,7353.907790562185,6703.180619173789,19905.59505520259,0.0,0.0,0.0,0.0,0.0,19905.59505520259,1.0472024723987057,28.236012361993527,19905.59505520259
1.0,7.0,5.0,1.6991969303377275,7.601606139324545,1.0,3966.3483335878236,301.22294096651603,0.0,4933.3458887247425,4522.4181649943475,7541.877621011739,0.0,0.0,0.0,0.0,0.0,6667.88145808958,1.0,26.621988488766476,7541.877621011739
1.3336931141649604,7.0,5.0,2.0,1.6663068858350396,1.0,2069.305453926051,946.9329044820706,0.0,12341.0,11441.0,4000.0,0.0,150.0,0.0,0.0,0.0,4000.0,2.0,29.99892065750512,4150.0
1.8782380888747252,7.0,5.0,1.8782380888747252,3.7305714667516487,1.0,3769.0,255.38857066496703,0.0,1050.1382621424134,683.3296834596001,2165.2857333758243,0.0,0.0,0.0,0.0,0.0,1580.8285599745054,3.0,28.0259047109978,2165.2857333758243
1.4782340230480724,5.956468046096145,5.0,3.0,1.0,1.0,4284.019141566724,1440.0,0.0,13269.675208224755,12182.361839968906,14088.783266108969,0.0,2608.829884759639,143.47020691442168,0.0,0.0,13784.593701545995,1.0,27.869404138288434,16841.08335778303
2.0,7.0,5.0,3.0122151096935017,5.048860438774007,1.0,3883.0891548304007,1014.8696539287293,0.0,16584.536784346463,14190.77632425935,31975.569780612997,0.0,0.0,889.0064012758485,0.0,0.0,7469.462225766246,1.0,24.963354670919493,32864.57618188884
2.0,7.0,1.9302054334615204,2.76744864163462,9.0,1.0,3769.0,207.6744864163462,0.0,5486.042253053459,5047.623485654228,3000.0,0.0,412.8873691994255,0.0,0.0,0.0,0.0,4.53489728326924,28.441935057980817,3412.8873691994254
1.079965394359302,6.079965394359302,5.0,3.0,8.440242239484887,1.0,3769.0,656.2511430163048,0.0,2502.8427906949555,2406.1412701070885,9859.26090592763,0.0,0.0,0.0,0.0,0.0,0.0,3.0,22.079965394359302,9859.26090592763
2.0,7.0,4.106894521886771,1.2232763695283073,7.437065413301848,1.0,3769.0,470.17831390359265,326.22392479811094,13414.185915719347,11278.671714618587,54484.2555093668,0.0,0.0,8155.598119952773,0.0,0.0,849.7356517360317,1.0,25.01897465150953,62639.85362931957
1.877964947875605,7.0,1.0,3.122035052124395,1.0,1.0,4816.22960743232,1440.0,0.0,11605.15504491634,10153.15504491634,15953.245124604473,0.0,0.0,0.0,0.0,0.0,15163.076671516428,1.877964947875605,32.63389484362681,15953.245124604473
1.0,7.0,5.0,3.0,5.434255496629351,1.0,3769.0,765.2595602696518,0.0,19562.284688773012,16216.340018570774,9643.425549662936,0.0,0.0,0.0,0.0,0.0,9643.425549662936,1.0,23.405709249438225,9643.425549662936
1.0635508261163396,6.063550826116339,5.0,3.809347521650982,1.0,1.0,2581.7754130581698,1440.0,0.0,8809.283354769348,8271.010333210477,11486.501310546031,0.0,0.0,0.0,0.0,0.0,8820.468916221342,1.0,25.88971156562875,11486.501310546031
2.0,7.0,5.0,2.1238948074019577,9.0,1.0,3769.0,191.94683751887277,0.0,6115.558715615732,5584.053388953969,2853.1846532286804,0.0,0.0,0.0,0.0,0.0,0.0,3.0,20.49557922960783,2853.1846532286804
1.7222473762507389,6.444494752501478,2.1110104949970445,3.0,3.944268366244828,1.0,3769.0,1411.1463267510344,0.0,8747.041324142569,7577.044040777648,25304.249187340793,0.0,0.0,0.0,0.0,0.0,25304.249187340793,1.0,33.444947525014776,25304.249187340793
2.0,6.8514486375512655,1.0,3.8514486375512655,1.0,1.0,3999.891132138842,1440.0,0.0,11445.770330422007,10040.118355506012,14151.557857484126,0.0,0.0,297.10272489746944,0.0,0.0,14151.557857484126,1.0,29.89130817469241,14448.660582381595
1.9996674938795107,6.999334987759021,5.0,2.0003325061204893,6.0,1.0,3769.0,1440.0,0.0,12075.490957444274,11247.19569200928,24417.856714176814,0.0,0.0,40990.85608168654,0.0,0.0,21410.541579526045,1.0,32.99800496327706,65408.71279586336
1.9823121903867427,7.017687809613257,4.929248761546971,3.0,1.0,1.0,3164.5477299513695,1440.0,0.0,17129.632191157012,15261.566549973368,23121.853138005175,0.0,5.660099076242311,14787.746284640913,0.0,0.0,21856.535993806316,1.0176878096132573,27.176878096132572,37915.25952172233
1.397446836157135,7.602553163842865,1.0,3.0,1.0,1.0,7846.089360734501,1440.0,0.0,18331.0,16015.0,30500.0,0.0,320.0,3000.0,0.0,0.0,14500.0,2.0,36.60255316384286,33820.0
2.0,7.36479821914453,3.540807123421882,2.6352017808554704,2.0,1.0,3769.0,1162.5560821179647,0.0,5850.282070937632,5227.261441899756,8152.448427405313,0.0,0.0,0.0,0.0,0.0,66.02847766515984,2.270403561710941,27.742376848878884,8152.448427405313
1.0,5.386460841159147,5.0,3.0,4.454156635363411,1.0,3769.0,939.1467498577454,382.9826935887148,16558.0,14842.0,30000.0,0.0,0.0,13500.0,0.0,0.0,5000.0,1.0,26.227078317681705,43500.0
1.5644410906788826,5.0,5.0,3.0,1.5644410906788826,1.0,3951.4991830055483,2151.195774255392,0.0,18230.09682637529,15300.382754594262,31290.691558657883,0.0,0.0,0.0,0.0,0.0,29128.882181357763,1.0,26.25776436271553,31290.691558657883
1.0,6.616435088816279,5.0,2.8082175444081394,9.0,1.0,3769.0,1198.3541059542556,234.38308787836044,7898.69968385675,7255.928045638185,1368.3441468040246,0.0,28.767368338779086,0.0,0.0,484.9305266448837,1368.3441468040246,1.0,24.42465263322442,1882.0420417876874
1.2117553506654783,7.0,5.0,2.211755350665478,9.0,1.0,3341.4659470063993,758.1683783256387,0.0,9558.785713542507,8867.86784195848,17632.395533404604,3941.223246672608,55.177125453416515,788.2446493345217,0.0,0.0,11908.281160671688,1.2117553506654783,25.058776753327393,22417.04055486515
1.0,7.0,5.0,3.4846015870188647,9.0,1.0,3769.0,297.8060985376618,0.0,7267.622138391249,6697.709147806493,1427.3542395329794,0.0,0.0,0.0,0.0,466.24996198279337,1427.3542395329794,1.0,29.784422218264105,1893.6042015157727
1.0,5.491492911312274,4.017014177375453,3.0,1.2457464556561368,1.0,4085.032235080079,1344.1588822941067,0.0,26432.334197840093,23020.114182019366,26427.222683800723,0.0,49.149291131227386,0.0,0.0,0.0,25198.49040552004,1.0,26.948957467873644,26476.37197493195
1.6194977514075877,6.858493254222763,2.5220089943696493,2.3805022485924123,7.141506745777237,1.0,3769.0,1044.277661463891,0.0,15763.149596764253,12983.751155284697,22962.670688938804,0.0,0.0,0.0,0.0,0.0,22962.670688938804,1.0,30.150959525336578,22962.670688938804
1.702644951763161,6.702644951763161,5.0,2.0,3.378840385894711,1.0,3931.31098385729,1065.3326392215831,0.0,18736.0,15328.0,34000.0,0.0,0.0,1800.0,0.0,0.0,10000.0,1.0,26.810579807052644,35800.0
1.430337177508921,7.569662822491079,5.0,3.0,1.430337177508921,1.0,2796.5855620077286,820.2135750832967,56.96628224910788,4443.205933430967,4208.963271204072,11477.898758764384,0.0,0.0,0.0,0.0,0.0,9774.606919516058,1.0,29.69662822491079,11477.898758764384
2.0,6.170664758549998,1.6826590341999936,2.8293352414500017,3.194653309849989,1.0,3769.0,2401.3490832228044,0.0,7094.421412593798,6031.380954645798,2647.560569646448,0.0,0.0,0.0,194.06444649930037,0.0,4140.364004256451,1.0,35.440028621750024,2841.6250161457488
2.0,6.850740371325837,5.0,2.850740371325837,2.0,1.0746298143370816,3769.0,755.8223108817992,0.0,10487.222901640089,9041.314116926203,34164.16583548313,0.0,0.0,0.0,0.0,0.0,23581.632392241998,1.0746298143370816,23.149259628674162,34164.16583548313
1.7826960407441492,7.0,4.130784162976597,2.217303959255851,7.478872285209045,1.0,3769.0,616.3863934277413,0.0,40589.20001295949,35548.23491014219,11738.029886623719,0.0,43.46079185117014,782.6960407441492,0.0,0.0,10025.353257749146,1.0,24.25955938883776,12564.186719219038
1.7346125908118055,6.734612590811805,5.0,2.7346125908118055,4.592324455129168,1.0,3769.0,441.04561743586663,0.0,15661.968135598228,14749.181743354537,3212.309927350556,0.0,716.5460048081254,0.0,0.0,0.0,3212.309927350556,1.0,22.06154963675278,3928.855932158681
2.0,7.0,5.0,2.0,2.4221311028099857,1.0,1725.749473810352,1219.5696790644522,0.0,9971.396525596845,9230.064559054696,5863.08656581944,0.0,0.0,3700.051254669383,0.0,0.0,5809.756649464065,1.0,33.97797140652878,9563.137820488822
1.0,6.308381944430681,5.0,3.0,6.925145833292042,1.0,3769.0,1132.851583347042,0.0,12310.29056941408,10826.028736098257,49467.05555544545,0.0,0.0,0.0,0.0,0.0,40374.27083353979,1.0,33.29941666683183,49467.05555544545
2.0,6.854155022861558,3.472206697148744,3.0,1.381948325712814,1.0,4364.801814012847,1577.501397256613,0.0,7130.987919782171,6190.906496032876,19492.579575410222,0.0,0.0,0.0,0.0,0.0,19492.579575410222,1.0,28.0,19492.579575410222
1.366810373986536,7.0,5.0,2.633189626013464,2.266379252026928,1.0,3353.037035899268,816.9414080027514,0.0,11261.411687647043,10596.958228524052,4633.189626013464,0.0,55.021556097980394,0.0,0.0,0.0,1467.241495946144,1.366810373986536,24.83405186993268,4688.211182111445
1.2288946048466136,5.771105395153386,5.0,1.9155784193864545,1.0,1.0,2426.736248471773,1440.0,0.0,7768.144572055474,6893.878248346271,12453.162577322308,0.0,1881.4971641742627,0.0,0.0,0.0,12453.162577322308,1.0,28.542210790306772,14334.659741496569
2.0,7.0,4.0694178457492765,3.0,1.0,1.0,4183.903080479921,1440.0,0.0,17392.52549366216,15426.439128077576,24736.400640144297,0.0,74.44657234005791,12208.253537247827,0.0,0.0,20246.71756170408,1.2326455385626809,29.09380984706413,37019.100749732184
1.7791973702143609,5.441605259571278,1.0,2.779197370214361,4.895986851071804,1.0,3897.2863279054563,1440.0,0.0,9741.004876006746,8481.179821911828,17116.789480857442,0.0,0.0,0.0,0.0,0.0,935.036844257233,2.0,31.88321051914256,17116.789480857442
1.8262474043377055,6.173752595662295,1.695010382649178,2.8262474043377055,2.0,1.0,3769.0,2017.3967843516275,0.0,5404.968092565424,4814.053662421979,4086.8762978311474,0.0,793.1975081641973,0.0,0.0,0.0,0.0,5.131237021688527,33.042515573973766,4880.073805995345
1.3442763274383438,6.311447345123312,5.0,3.0,6.934342035369938,1.0,3769.0,428.2997407095301,0.0,10910.433070566502,10189.453336939485,17853.816419705698,0.0,0.0,1196.7171017684968,0.0,0.0,0.0,2.032828982315031,28.52440774330153,19050.533521474197
1.8480158852494015,6.151984114750599,5.0,3.0,7.93611119674581,1.0,3769.0,432.46824491544294,0.0,20401.561918561325,18200.647618754014,11386.03965146652,0.0,91.19046885035914,0.0,0.0,0.0,9723.44438621285,1.0,21.607936459002396,11477.230120316879
2.0,7.0,3.897269878706645,3.724317469676661,6.79453975741329,1.0,4887.168342991462,831.5733254716046,0.0,15545.275011623562,13889.852543968676,30137.84126516167,0.0,88.21840970346841,827.0475909700162,0.0,0.0,7618.984038071719,1.2756825303233388,25.859555424526743,31053.107265835155
1.0,7.584187267521086,1.8316254649578272,3.0,1.207906366239457,1.0,7009.455055714382,1170.553349353664,206.03520894330165,17962.382012657443,15771.125832401118,30396.046816880273,0.0,253.46996280337382,5183.016845514296,0.0,0.0,12524.88952072516,1.792093633760543,34.50512360512652,35832.53362519794
1.0,7.0,5.0,3.0,5.428790574511199,1.0,3769.0,765.6967540391041,0.0,19563.13266252168,16216.86009699235,9642.87905745112,0.0,0.0,0.0,0.0,0.0,9642.87905745112,1.0,23.4047984290852,9642.87905745112
1.3459242046280018,5.6918484092560035,5.0,1.0,6.9244547722319885,1.0,1130.830872433333,1214.4574185825427,0.0,7623.0,6891.0,10400.0,0.0,0.0,0.0,0.0,0.0,10000.0,1.0,34.308151590744,10400.0
2.0,6.0,3.583055038220902,2.3542362404447745,5.874582557331353,1.0,3769.0,1108.472480889549,0.0,4717.147557956947,4346.612492772781,4129.152751911045,0.0,340.06679082698355,322.88187977761277,0.0,1097.7983912438833,710.340135510748,2.7711812022238727,36.52034631688658,5889.8998137595245
2.0,7.0,2.89798151212544,3.0,5.67853235378048,1.0,3769.0,467.7577814550528,0.0,8156.688284336556,7147.948499571955,33186.2384450784,0.0,0.0,0.0,0.0,0.0,20402.844594350805,1.52550462196864,27.72954159771776,33186.2384450784
1.4816348465348623,5.963269693069725,5.0,2.5183651534651377,1.4816348465348623,1.0,4407.107503915585,1636.5070173862239,0.0,5454.164559455568,4890.26394001016,0.0,0.0,0.0,0.0,0.0,0.0,0.0,1.5183651534651377,28.036730306930274,0.0
2.0,6.176887145143854,1.0,3.353774290287709,1.0,1.0,3544.756520688717,1440.0,0.0,7749.945609055588,6922.030586664934,6176.8871451438545,0.0,0.0,0.0,0.0,0.0,6176.8871451438545,1.8231128548561455,34.17688714514385,6176.8871451438545
2.0,7.0,5.0,4.0,9.0,1.0,3769.0,425.81455784896616,0.0,14485.0,13081.0,30000.0,0.0,0.0,0.0,0.0,0.0,5000.0,1.0,21.225842479328737,30000.0
1.963822275482351,6.0,1.0,1.0,1.963822275482351,1.0,3811.255582236614,2259.2489341599985,0.0,7597.0,6829.0,16182.0,0.0,220.0,0.0,0.0,0.0,13182.0,1.0,33.96382227548235,16402.0
2.0,6.248580257714942,5.0,2.0,9.0,1.0,3769.0,228.4945717465194,0.0,57316.25725605734,54724.96979758109,16514.19742285058,0.0,2317.3784852071185,248.58025771494206,0.0,0.0,16315.333216678626,1.0,21.0,19080.15616577264
1.1338037362794888,7.866196263720512,5.0,3.0,8.063373846043579,1.0,3769.0,533.2392527441023,0.0,4045.121388819831,3737.7689782652765,9469.998694483125,0.0,0.0,0.0,0.0,0.0,0.0,1.2676074725589774,26.464785054882046,9469.998694483125
1.0,6.162838756752129,5.0,3.325677513504259,1.4185806216239354,1.0,4425.422478186577,1239.081301620511,0.0,6207.863935060437,5555.116577114797,9796.529049322648,0.0,276.2632102717973,0.0,0.0,0.0,5842.980603382485,1.0,32.302710054017034,10072.792259594444
1.209662264139852,6.0,5.0,3.0,1.209662264139852,1.0,2070.564205636542,553.0440565888,0.0,11051.347184947275,10153.863132116954,26274.8593207698,0.0,0.0,0.0,0.0,0.0,12113.50837732921,1.0,28.161350943440592,26274.8593207698
2.0,6.417851770220028,2.671407080880111,3.417851770220028,4.924962391540194,1.0,3769.0,1603.9923777308472,0.0,4697.573603242154,4252.28466537417,4877.488717462058,0.0,558.8623005887733,0.0,0.0,0.0,0.0,3.910741148899861,27.403630527579693,5436.351018050832
2.0,5.319025172761755,1.0,2.6809748272382445,1.6809748272382445,1.0,3808.240096249696,1685.150937805768,0.0,7809.805836633151,7039.815264073213,20006.380503455235,0.0,0.0,0.0,0.0,0.0,19432.135192484075,1.0,29.914151036570534,20006.380503455235
1.0,5.0,5.0,3.0,2.5175587853974175,1.0,4108.51785861481,1242.7173578983356,0.0,21833.052717570878,18212.479233026334,27341.758876833872,0.0,0.0,0.0,0.0,0.0,27341.758876833872,1.0,23.051525759126616,27341.758876833872
1.6189481930077214,6.618948193007721,5.0,3.237896386015443,9.0,1.0,3769.0,161.43155420976836,0.0,16104.851231524175,13937.22341031165,31524.207227969113,0.0,0.0,685.8932525861012,0.0,0.0,6905.259034961393,1.0,21.524207227969114,32210.100480555215
2.0,7.0,5.0,2.6470007898229477,3.58800315929179,1.0,3925.2714087754493,1022.6844905641989,0.0,17360.799821231325,14601.094612633919,32705.998420354106,0.0,0.0,1217.6992891593472,0.0,0.0,8382.498025442632,1.0,25.41199684070821,33923.69770951345
2.0,5.165696634045233,4.3372134638190705,2.1656966340452324,7.67442692763814,1.0,3610.096927950622,337.0509502077973,0.0,6587.798308526263,5950.089318312694,292.00617808416865,0.0,0.0,0.0,0.0,0.0,0.0,2.8343033659547676,21.651146144723718,292.00617808416865
2.0,7.0,2.4828047759570553,3.2585976120214726,1.7414023879785276,1.0,3939.5399764289095,1351.0317134425768,0.0,11199.129066836205,10014.033926508475,14313.676637000071,0.0,0.0,370.70119398926386,0.0,0.0,14313.676637000071,1.0,26.03439044808589,14684.377830989335
1.8011437222247042,6.801143722224704,5.0,1.5965688333258878,1.0,1.0,2950.571861112352,1440.0,0.0,7384.991472384097,7006.038516384632,11004.853149387269,0.0,0.0,0.0,0.0,0.0,6736.7689847152105,1.0,36.21601211114586,11004.853149387269
1.9353833201559139,7.0,1.2584667193763446,2.935383320155914,1.0,1.0,6560.240947026774,1440.0,0.0,33338.48441974952,31968.07835807919,21070.143225278494,0.0,187.07666403118276,64.61667984408615,0.0,0.0,16393.226624498926,1.0,35.41844988140323,21321.836569153762
1.9573667907129673,5.0426332092870325,5.0,3.0,1.9573667907129673,1.0,3677.3812332421667,1849.655204676396,0.0,10384.717211697716,9806.392453377273,28895.97496933964,0.0,0.0,0.0,0.0,0.0,8151.774225061837,1.0,22.298432465009228,28895.97496933964
2.0,7.371408567650141,3.514365729399437,1.3714085676501409,2.857042838250704,1.0,2418.1570118801524,1440.0,0.0,17579.762446874913,15504.157633902145,19485.634270600563,0.0,0.0,0.0,0.0,0.0,19485.634270600563,1.0,32.599859973550984,19485.634270600563
1.2658511366543135,8.0,3.936595453382746,3.0,1.2658511366543135,1.531702273308627,2515.807890268913,374.5394556321124,73.41488633456865,3977.615780537826,3599.9962078175295,11580.589249552357,0.0,0.0,0.0,0.0,0.0,9199.388352490736,1.0,34.26585113665431,11580.589249552357
2.0,7.0,3.584360493850032,3.0,6.876540740775049,1.0,3769.0,484.7900592601512,0.0,22453.87249876445,22128.93412839545,0.0,0.0,0.0,0.0,0.0,0.0,0.0,1.0,27.370377777674854,0.0
1.5006661650213817,7.0,5.0,3.0,9.0,1.0,3769.0,1523.6112495585708,385.4857206034933,17494.0,14278.0,3000.0,0.0,0.0,0.0,0.0,0.0,3000.0,2.0,24.001332330042764,3000.0
2.0,6.467961443989239,5.0,2.7339807219946195,6.871845775956954,1.0,3649.557344175584,225.68152787498468,0.0,12232.71087584643,10410.901121920173,8995.972852772564,399.02891700807106,0.0,22935.92288797848,0.0,0.0,7719.080318346736,1.5320385560107614,23.20194216598386,32330.92465775911
2.0,6.0,1.0,2.149237777950176,1.1492377779501761,1.0,3873.6437533121284,1654.9024002482536,0.0,8629.076222204982,7619.638408925437,20061.78657782605,0.0,0.0,0.0,0.0,0.0,18530.414578136366,1.0,32.80609777639859,20061.78657782605
1.8728002373125503,7.0,1.0,4.0,1.0,1.0,4379.62336637549,1440.0,0.0,10930.0,9478.0,14178.0,0.0,0.0,0.0,0.0,0.0,14178.0,1.0,29.12719976268745,14178.0
1.1353396078595823,7.0,5.0,2.8646603921404177,8.593981176421252,1.0,3769.0,734.4371200134192,0.0,16355.798261879349,13234.71890192296,33567.56559041418,0.0,0.0,25436.112941472482,0.0,0.0,2898.4330419208163,1.8646603921404177,26.08271686287666,59003.67853188666
1.7565220315951326,7.0,5.0,1.4869559368097345,1.4869559368097345,1.0,3225.0606592830995,1177.0437941227433,0.0,7160.965025241998,6754.843370341396,10337.644123730457,0.0,275.86053820271457,0.0,0.0,0.0,6781.990575233334,1.4869559368097345,34.37391860030752,10613.504661933173
1.3482893520890316,5.651710647910968,5.0,1.3482893520890316,1.0,1.0,1879.862650170046,1440.0,0.0,7655.240657152202,7009.650046206168,11527.988846904875,0.0,1590.1739809027627,0.0,0.0,1097.1114590804495,12572.85690317197,1.0,25.865395831198715,14215.274286888089
1.0,5.189314072013734,5.0,1.5679422160412013,7.48548742389013,1.0,1239.9315403741937,1440.0,0.0,7870.812120265978,7172.88865322845,10613.546273231492,0.0,0.0,0.0,0.0,0.0,9810.685927986266,1.0,33.10685927986266,10613.546273231492
1.0,7.0,5.0,3.3859186888152637,9.0,1.0,3769.0,911.2913963230884,178.08358024357346,7370.943132810418,6763.13590931548,1375.1509863832746,0.0,0.0,0.0,0.0,493.48644188698717,1375.1509863832746,1.0,29.631024265783168,1868.6374282702618
2.0,5.0,1.561739073412217,2.859565231646946,1.8595652316469458,1.0,3390.668734056872,1560.3391324305724,0.0,6280.100858388794,5861.1756372340005,12610.651336765155,0.0,0.0,0.0,0.0,442.36952031212104,13031.955641824317,1.0,32.03391324305724,13053.020857077276
2.0,7.0,5.0,2.0,5.860850227772204,1.0,3324.02551978671,710.8724658341694,0.0,11859.16822117208,10375.866193839416,4860.978096594152,0.0,58.85905822927118,0.0,0.0,0.0,4860.978096594152,1.3923937215284745,24.961968607642373,4919.837154823423
2.0,7.0,1.0,3.9562221906489485,1.0,1.0,4062.4580161970894,1440.0,0.0,10963.665135390958,9511.665135390958,14266.518730507827,0.0,0.0,0.0,0.0,0.0,14227.11870209188,1.0437778093510517,29.175111237404206,14266.518730507827
1.8668549958219032,7.0,5.0,3.0,9.0,1.0,3769.0,319.17288060164594,0.0,24236.526239871193,17805.242599474823,55668.345201778684,0.0,0.0,0.0,0.0,0.0,29255.371558588984,1.0,23.266290008356194,55668.345201778684
2.0,6.102149529657538,5.0,2.102149529657538,1.0,1.0,4574.6136471127365,1440.0,0.0,13059.03252417041,10994.192520250688,14819.297482035816,0.0,0.0,30.64485889726143,0.0,0.0,14819.297482035816,1.0,27.408598118630152,14849.942340933076
2.0,6.02392356137767,1.0,2.6586921462074438,3.365231415170226,1.6586921462074435,3769.0,1492.6953716965954,0.0,13498.823223521893,11873.464248461565,22637.613997528806,0.0,184.4338009380842,0.0,0.0,0.0,22637.613997528806,1.0,31.73046283034045,22822.04779846689
1.0,6.0571688585867385,4.771324565653047,3.0,8.542649131306094,1.0,3770.772234616189,836.5880694955125,0.0,7969.138826919056,7501.127906312626,6664.69595469635,0.0,0.0,0.0,0.0,0.0,6664.69595469635,1.0571688585867383,20.800364020214335,6664.69595469635
1.808883461636328,6.0,1.7644661534546877,2.191116538363672,1.9555826918183596,1.0,2168.2196294217065,1440.0,0.0,7761.110402993443,6377.912356804365,39590.62749141124,0.0,0.0,0.0,0.0,0.0,39208.39441468389,1.0,36.19111653836367,39590.62749141124
1.0764168594380514,6.076416859438051,5.0,2.847166281123897,2.53491801606636,1.0,3769.0,2560.551996866686,32.0950809639816,10345.147838145494,9685.858567494472,68803.00631376237,0.0,0.0,2649.543305223437,0.0,0.0,13937.347152654456,1.0,26.54149884337169,71452.5496189858
1.0,6.720632286065284,1.0,2.2793677139347164,1.2793677139347164,1.0,3686.847919388558,1562.083690989471,0.0,5722.913819342222,5090.419972299752,12897.551408849424,0.0,0.0,0.0,0.0,0.0,12897.551408849424,1.2793677139347164,33.83810314180415,12897.551408849424
1.9303188848378237,7.0,5.0,3.0,3.0,1.0,3769.0,482.22979568518963,0.0,20455.08280327881,16978.133924153837,9441.808669097305,0.0,0.0,236.9157915513997,0.0,0.0,9441.808669097305,1.0,20.069681115162176,9678.724460648706
1.2530584328007845,7.0,5.0,2.7469415671992152,9.0,1.0,3769.0,274.6941567199215,0.0,6334.001367927615,5878.148172702054,1506.116865601569,0.0,1493.883134398431,0.0,0.0,0.0,0.0,3.0,25.228590970394507,3000.0
2.0,7.21882957621308,4.124681695147677,1.4376591524261615,2.7811704237869193,1.4376591524261615,1998.867819698841,670.0508584211495,0.0,7373.753112693301,6723.157715044567,10410.941478810653,0.0,0.0,0.0,0.0,0.0,9945.29260594673,1.0,33.437659152426164,10410.941478810653
2.0,6.8251321959287035,1.6994712162851848,3.0,7.60105756742963,1.0,3757.808460539437,680.8783797455925,0.0,7329.737224432687,6416.292746722742,3109.7425820585177,0.0,0.0,0.0,0.0,0.0,2284.610386129814,1.3497356081425924,36.60105756742963,3109.7425820585177
1.5045478965390182,6.504547896539018,5.0,1.9909042069219636,5.531835275773128,1.0,3769.0,1443.1299900331624,211.91011654638766,11651.375632340545,10390.990385599764,62096.761748612815,0.0,0.0,6288.657120581654,0.0,0.0,7983.756950728412,1.0,23.97271262076589,68385.41886919447
1.3863489098483155,7.0,5.0,2.6136510901516843,4.090791278786524,1.0,5150.328603931442,1061.3780683486507,0.0,6836.651452107227,5944.285695125384,18757.243863302698,0.0,0.0,0.0,0.0,0.0,18757.243863302698,1.6136510901516845,29.909208721213474,18757.243863302698
1.5498755675802403,7.450124432419759,5.0,2.0997511351604805,7.649626702740721,1.0,3769.0,703.1667394424779,0.0,5382.139774708837,5004.18457037995,15000.0,0.0,67.51866486296394,0.0,0.0,0.0,13900.24886483952,1.4501244324197597,27.201990918716156,15067.518664862964
1.0,7.226964694365364,1.9078587774614566,2.226964694365364,1.0,1.0,8041.623836261749,1440.0,0.0,11395.836869850944,9805.796209507173,12113.482347182682,0.0,0.0,0.0,0.0,0.0,12113.482347182682,2.0,32.31910591690391,12113.482347182682
2.0,7.0,1.0,3.0,2.7742635870980905,1.0,3769.0,861.0157259355196,0.0,10116.280482890052,9235.025465806151,30198.764523716465,0.0,0.0,0.0,0.0,0.0,30198.764523716465,1.8893909161288442,32.889390916128846,30198.764523716465
2.0,6.549380343270242,1.0,3.0,5.845662402891694,1.9012393134595158,3769.0,790.3717940378547,0.0,7145.365405275446,6586.552071074816,3237.5437603613036,0.0,0.0,0.0,0.0,0.0,2688.163417091062,1.0,36.19752137308097,3237.5437603613036
1.0,7.0,5.0,3.0,8.177216083192699,1.0,3769.0,1364.7740418919038,681.258688032109,17234.47044452707,14338.650928724652,3214.511521167618,0.0,0.0,0.0,0.0,0.0,2785.488478832382,1.8824594404561,23.235081119087802,3214.511521167618
1.105693479906274,6.894306520093726,1.0,3.0,1.0,1.0,3802.4309500378445,1440.0,0.0,7823.0,6959.0,6000.0,0.0,0.0,0.0,0.0,0.0,6000.0,2.0,34.0,6000.0
2.0,6.0117247289998685,1.0468989159994746,2.0117247289998685,1.0468989159994746,1.0,1783.7858936300695,1440.0,0.0,6903.079378806372,5455.300281246325,37947.398517638794,0.0,0.0,0.0,0.0,0.0,37923.94905963906,1.0,35.91792689700092,37947.398517638794
2.0,6.113453825112764,3.226907650225527,2.443273087443618,2.0,1.0,3769.0,2468.072295067658,0.0,7752.479420621273,7116.479420621273,20000.0,0.0,0.0,0.0,0.0,0.0,20000.0,1.0,29.113453825112764,20000.0
1.9521691796058946,8.0,1.1913232815764219,2.0478308203941054,2.3348157427587384,1.0,3769.0,2464.338359211789,0.0,6135.766659214048,5471.8556037795715,8079.399161854215,0.0,0.0,0.0,0.0,0.0,172.34262150866692,1.0,35.56952261645305,8079.399161854215
2.0,7.038021848237455,4.84791260705018,2.961978151762545,2.0,1.0,3769.0,443.6480661224008,0.0,5643.105851782547,5051.45575435175,8230.87475642301,0.0,0.0,0.0,0.0,0.0,6.881954530979339,2.92395630352509,23.494284027086913,8230.87475642301
1.2537927425181614,6.253792742518161,5.0,1.5075854850363228,9.0,1.0,3769.0,120.30341940145291,0.0,10034.449445307466,8953.986612056518,14031.694913165069,0.0,0.0,122460.01570045998,0.0,0.0,5223.45080237287,1.2537927425181614,21.74620725748184,136491.71061362504
1.0,6.659035534203681,5.0,2.3180710684073613,6.954213205222085,1.0,3769.0,2160.1169517618264,191.12030491906742,7959.802740461605,7252.901623536275,771.7306105525101,0.0,0.0,0.0,0.0,395.4213205222085,771.7306105525101,1.0,28.40964465796319,1167.1519310747187
2.0,7.0,1.79147776748965,2.8021305581275877,2.5829555349793,1.0,6216.30033284727,1313.363557201656,0.0,39368.90466006129,38232.04609428969,21085.539451131728,0.0,770.6554703600377,0.0,0.0,0.0,17074.88666049379,1.0,33.427697255658636,21856.194921491766
2.0,7.0,5.0,2.789264932094388,2.1053675339528057,1.0,3530.2371680629417,1290.783445918523,0.0,6404.510581243721,6295.1747776125685,10757.852986418877,0.0,0.0,0.0,0.0,0.0,10715.705972837755,1.0,24.948307805575254,10757.852986418877
2.0,6.928858265928904,5.0,2.0,9.0,1.0,3769.0,197.08318890308504,0.0,6091.773956988766,5908.834192833836,494.6643699446677,0.0,0.0,0.0,0.0,0.0,0.0,1.0711417340710967,22.857716531857807,494.6643699446677
1.5085792894475785,6.491420710552422,5.0,3.0,9.0,1.0,3769.0,398.62731368838746,0.0,19804.41800869601,17056.903951518383,10508.579289447578,0.0,0.0,0.0,0.0,0.0,9491.420710552422,1.0,22.474262131657266,10508.579289447578
1.6124047685172305,6.38759523148277,2.550380925931078,2.224809537034461,4.713166620379386,1.0,3769.0,1527.9107291637686,0.0,5184.110746896434,4227.646751340013,4310.076185186215,0.0,587.9085777765413,0.0,0.0,0.0,0.0,4.837214305551692,27.736452453689537,4897.984762962757
1.0,6.0,5.0,1.4619469366709557,2.5380530633290443,1.0,3769.0,3634.22655472743,0.0,7779.293765715008,7095.230043594338,0.0,0.0,392.6548961703124,0.0,0.0,0.0,0.0,1.0,36.385840810012866,392.6548961703124
1.0,6.0,5.0,1.991588408870274,2.0084115911297262,1.0,3769.0,3728.502736778909,0.0,7162.791092075001,6396.103300291238,0.0,0.0,842.8501475397329,0.0,0.0,0.0,0.0,1.0,37.97476522661082,842.8501475397329
2.0,6.97074995767067,1.0,3.0,8.79524970369469,1.0585000846586596,3769.0,537.5500253975979,0.0,6930.888271545629,6109.140297959131,3139.7860098204046,0.0,0.0,0.0,0.0,0.0,2169.036052149734,1.0,37.88299983068268,3139.7860098204046
1.0,7.0,5.0,3.0,2.942315389673193,1.0,3769.0,965.7684610326808,0.0,19911.44611788823,16550.27481410943,9638.814286752982,0.0,34.61076619608434,0.0,0.0,0.0,9651.50490102488,1.0,23.115369220653616,9673.425052949066
1.2161573232323262,7.0,5.0,3.0,2.216157323232326,1.0,3769.0,733.4235444444436,0.0,15389.755515151517,14843.28386969697,4430.512885101005,0.0,0.0,0.0,0.0,0.0,1569.4871148989953,1.0,24.135370707070695,4430.512885101005
1.0,6.6451586397431095,5.0,3.3548413602568905,6.161269117944877,1.0,3336.4483818468507,1440.0,760.6420362571262,9861.67359986982,8976.771741762377,10134.457338154883,0.0,0.0,0.0,0.0,0.0,7753.553508016312,1.0,23.06452408077067,10134.457338154883
2.0,5.412130930262771,1.0,3.0,1.5878690697372284,1.0,3791.2550702341896,1052.5942830431663,0.0,7857.684275114497,7395.786718814761,6029.393453486861,0.0,940.5905115795655,0.0,0.0,0.0,4471.540418683206,1.4121309302627716,28.709178372364946,6969.983965066427
1.0,5.450383956281075,5.0,3.0,7.3511518688432265,1.0,3769.0,1043.6621184726537,0.0,15049.213746458398,12322.552148563664,25284.479977737137,0.0,0.0,20931.335278637744,0.0,0.0,7832.915085007965,1.0,23.84731230603247,46215.81525637489
1.8305344564048398,7.0,5.0,2.83053445640484,2.6610689128096796,1.0,3604.78788825629,642.6869218513536,0.0,21245.223616769923,17370.909350419242,10077.86217438064,0.0,0.0,169.46554359516006,0.0,0.0,10077.86217438064,1.0,21.18625880516612,10247.3277179758
1.0687128325182678,5.1374256650365355,5.0,2.0,2.4809898276278743,1.0,3769.0,1291.3192410293993,0.0,33586.169530204716,31934.698826136588,1132.486009114326,0.0,0.0,68.71283251826776,0.0,0.0,1077.515743099712,1.0,22.862574334963465,1201.198841632594
1.4242968858848881,5.424296885884888,5.0,2.424296885884888,4.394375087079105,1.0,3729.276485126057,900.2943611544223,0.0,11817.15840253774,10668.476224050426,644.93126654503,0.0,1007.4804497014458,575.7031141151119,0.0,0.0,0.0,1.0,31.059843597611568,2228.1148303615873
2.0,6.082617663459269,1.0,3.0,2.5783236442148807,1.0,3769.0,2219.0673170242017,0.0,5670.257641154663,4995.077292346399,3917.382336540731,0.0,925.1353460201886,0.0,0.0,0.0,0.0,5.917382336540731,31.917382336540733,4842.51768256092
2.0,6.514657586573511,2.9413696537059537,3.0,1.4853424134264883,1.0,3252.798440666768,1527.3616344167679,0.0,8293.407007389125,7300.416859728129,23460.457357381532,0.0,0.0,0.0,0.0,0.0,16320.389256682867,1.0,30.66123345230863,23460.457357381532
1.8989008240062355,7.0,5.0,2.1010991759937645,8.191206592049884,1.0,3996.5742451619644,559.0771924738893,0.0,7893.533499100858,7074.975217757756,19761.84561505222,0.0,0.0,0.0,0.0,0.0,19761.84561505222,1.1010991759937645,25.808793407950116,19761.84561505222
1.0,5.217515075436062,5.0,2.782484924563938,1.0,1.0,4375.945238625709,1440.0,0.0,14048.47053778869,12813.521442314854,15859.255716348182,0.0,3912.42462281969,326.27261315409305,0.0,0.0,13358.425296228423,1.0,25.87006030174425,20097.952952321964
2.0,6.22784241754311,1.9113696701724399,2.77215758245689,1.45568483508622,1.0,3769.772157582457,1385.3178197896536,0.0,13776.34472142662,12729.30442778421,14123.946275143451,0.0,0.0,1772.15758245689,0.0,0.0,14123.946275143451,1.0,31.81020615439646,15896.103857600341
1.0,5.0,5.0,2.0,8.831935947191546,1.0,3769.0,37.0826993683562,0.0,5459.853279781497,4751.377671974076,0.0,24.009150401207535,0.0,0.0,0.0,0.0,0.0,1.048018300802415,25.144054902407245,24.009150401207535
2.0,7.0,2.3305984078142865,2.6673503980464286,3.661196815628573,1.0,5805.086064439653,1227.104254749714,0.0,43208.521860453344,42024.75979897351,20735.111034920716,0.0,1159.3614520341005,0.0,0.0,0.0,17398.359044688572,1.0,31.675555174603566,21894.472486954815
1.989572300602597,6.010427699397403,5.0,3.0,1.0834215951792245,1.0,3174.2670473378394,1426.391852286389,0.0,12211.00122286426,10740.757312931626,6.819715405901606,0.0,0.0,0.0,0.0,0.0,6.819715405901606,1.0,26.92700610421818,6.819715405901606
1.7445865153147806,6.25541348468522,2.021653938740878,2.0,3.043307877481756,1.0,2295.4632861920495,1164.153436539963,0.0,7829.064848614669,6539.5078248744685,37114.62570349398,0.0,0.0,0.0,0.0,0.0,37114.62570349398,1.0,33.190451668462586,37114.62570349398
1.7392867000800836,6.739286700080084,5.0,3.7392867000800836,6.914293600640668,1.0,3208.7271184720994,181.28559599039,0.0,13794.891895111981,12522.291398271618,29103.146248275487,0.0,0.0,0.0,0.0,0.0,6710.279247474653,1.0,22.34641969927925,29103.146248275487
2.0,5.138508612571719,5.0,2.0692543062858597,1.5540344502868795,1.0,3351.095183522351,347.32646194968765,0.0,11297.440808944204,9691.002413707587,8818.490899778324,1396.1185405712101,0.0,20277.01722514344,0.0,0.0,4350.911569950453,2.86149138742828,21.20776291885758,30491.626665492975
1.040173481924071,5.080346963848142,5.0,2.0,9.0,1.0,3769.0,36.82949192709208,0.0,5471.469987539861,4773.645749561948,20.086740962035492,0.0,0.0,0.0,0.0,0.0,0.0,1.0,24.919653036151857,20.086740962035492
2.0,5.956510589151847,3.086978821696305,2.0,4.3477870620314665,1.0,1512.6035945369701,1440.0,0.0,6549.874276083345,6076.660162872701,11616.336631508455,0.0,0.0,0.0,0.0,1643.4958220858402,13181.570747780683,1.0,26.21731882948701,13259.832453594296
1.8958145973718818,7.0,5.0,1.208370805256236,2.7292978183968266,1.0,3769.0,300.7257005137982,0.0,11785.864060310114,11216.606640869379,2337.2356284617663,0.0,0.0,0.0,0.0,0.0,2307.673746748494,2.7916291947437637,25.374887584231292,2337.2356284617663
2.0,7.0,5.0,2.6444310068892567,6.744491475887601,1.0,3769.0,194.57772402755703,0.0,8261.854661958136,7347.589043420773,3056.6660301298243,0.0,0.0,0.0,0.0,0.0,3056.6660301298243,1.0,23.322215503444628,3056.6660301298243
1.0,5.874766429567173,5.0,3.6242992887015184,2.001868563462617,1.0,2347.6225501805516,1440.0,0.0,8768.06925630343,8193.52721362552,11386.736532551771,0.0,0.0,0.0,0.0,0.0,9125.233570432827,1.0,26.25233570432827,11386.736532551771
1.0,6.525663890093786,5.0,2.525663890093786,9.0,1.0,3769.0,221.15041648593208,0.0,15848.67449275469,13926.189358177902,5897.398921474207,0.0,1280.7074967467775,0.0,0.0,0.0,1802.4772176436127,1.0,22.37168054953107,7178.106418220984
1.113956634714317,6.8860433652856825,4.544173461142732,3.0,8.088346922285464,1.0,3769.113956634714,562.817068367174,0.0,17644.032673580314,13877.80013887355,16145.997030721925,0.0,0.0,227.91326942863432,0.0,0.0,6978.106330110963,1.0,25.25352298185749,16373.910300150557
2.0,7.027968994044921,5.0,2.5139844970224603,4.888124023820319,1.0,4264.481055129651,944.2641869629092,0.0,7470.60651067108,6581.7261381360295,19578.01872794456,0.0,0.0,0.0,0.0,0.0,19578.01872794456,1.0,27.02796899404492,19578.01872794456
2.0,4.3188112751223695,5.0,2.9202971812194076,4.760891543658223,1.0,3769.0,1392.9753369194505,0.0,9438.065502293552,8511.974325911173,5084.201255858841,0.0,1901.2543199898496,0.0,0.0,0.0,5084.201255858841,1.0,35.20297181219408,6985.45557584869
2.0,5.437695574497361,5.0,2.5207681418342127,6.916927432663149,1.0,3769.0,864.9217702010552,0.0,10491.882208360217,9094.324318308998,5316.491748625997,0.0,953.0056995566092,0.0,0.0,0.0,5316.491748625997,1.0,29.769985843844765,6269.497448182607
1.6164997268950834,6.0,2.534001092419666,2.6164997268950834,1.0,1.0,3658.784920799574,1440.0,0.0,14774.762265457979,13616.354252348943,16070.90147476655,0.0,0.0,1808.2498634475417,0.0,0.0,12465.998907580333,1.0,32.6989983613705,17879.15133821409
2.0,7.0,5.0,2.1566384369738083,9.0,1.0,3769.0,189.81850159670245,0.0,6154.5563784358055,5593.581785159378,2814.383452186037,0.0,0.0,0.0,0.0,0.0,0.0,3.0,20.626553747895233,2814.383452186037
1.0,6.912528748240061,5.0,2.912528748240061,8.693850618840214,1.0,3769.0,1419.0068995776146,1127.435697087516,10260.993062121399,9214.510990054343,9368.30614938116,0.0,28.865513080779863,0.0,0.0,0.0,7059.559024205166,1.0,22.043735625879968,9397.17166246194
1.889192037820193,6.110807962179807,4.556768151280772,2.8891920378201927,1.889192037820193,1.0,4193.172879224301,1466.6757611346059,0.0,11110.527376760521,10290.800210798694,11510.944379198894,0.0,0.0,0.0,0.0,0.0,10932.969554615769,1.110807962179807,25.886463697438458,11510.944379198894
1.4014684243156343,7.0,5.0,2.0,4.81027897020944,1.0,2582.111885417903,515.3245248148082,0.0,12022.635539517702,10737.225852174694,4568.880757255254,0.0,89.77973635265485,0.0,0.0,0.0,4568.880757255254,1.5985315756843657,27.788252605474923,4658.660493607908
2.0,5.095011698992304,5.0,3.0,2.0,1.0,3769.0,1891.4964903023085,0.0,10107.743864451191,9512.960073977685,28638.95554382924,0.0,0.0,0.0,0.0,0.0,8589.072533752289,1.0,22.285035096976912,28638.95554382924
2.0,6.624007110058688,3.4960284402347543,3.0,1.0,1.0,3858.6090096283338,1440.0,0.0,13416.068766107272,12418.342387200653,13520.138532364868,0.0,0.0,939.1879129002294,0.0,0.0,13520.138532364868,1.0,32.50397155976525,14459.326445265098
1.550091940458156,6.100183880916312,5.0,3.100183880916312,5.149356416792908,1.0,3769.0,191.00183880916313,0.0,8382.593748048845,7746.995194121397,2089.981611908369,0.0,67.4862089312766,0.0,0.0,0.0,2089.981611908369,1.0,23.100183880916312,2157.4678208396454
2.0,7.0,5.0,4.222694402740306,2.0,1.0,3769.0,1930.467458712903,0.0,17159.11816770645,15731.595017804846,13823.943933095275,0.0,0.0,1528.3680034253825,0.0,6113.47201370153,0.0,4.056736006850764,25.890777610961223,21465.783950222187
1.0,7.0,5.0,3.0,2.8363161985346985,1.0,3769.0,976.3683801465302,0.0,19858.976518274674,16738.211379997978,10077.650938066348,0.0,98.21028087918089,0.0,0.0,0.0,10113.661374388714,1.0,23.327367602930604,10175.861218945529
1.7262086924858935,7.0,3.904834769943574,2.2737913075141067,7.083460847401255,1.0,3769.0,868.4478268785266,0.0,54420.233231538135,53099.51260655304,19711.857399536675,0.0,2294.3858691293167,0.0,0.0,0.0,18342.900861966144,1.0,26.559286997683387,22006.243268665992
2.0,6.928317532848577,1.286729868605692,3.0,8.426540262788617,1.0,3764.4123221023087,585.9478697793091,0.0,7085.600717280267,6215.494081076669,3123.4662318688606,0.0,0.0,0.0,0.0,0.0,2195.148699020284,1.143364934302846,37.42654026278861,3123.4662318688606
2.0,7.0,2.2960708976545785,2.6759822755863554,9.0,1.0,3769.0,413.7221863923246,0.0,7338.195094910979,6490.418669525052,3271.0315506002125,0.0,0.0,0.0,0.0,0.0,2595.0492750138574,1.0,33.13973413379533,3271.0315506002125
1.5039521613201134,7.0,5.0,2.5039521613201137,6.02371296792068,1.0,3769.0,712.2157539429857,0.0,18373.440506254505,14585.4036674776,46459.68602013985,0.0,297.62870320793195,0.0,0.0,0.0,27086.86590002659,1.0,21.51185648396034,46757.31472334778
1.0127148899868934,6.987285110013106,1.050859559947574,2.0127148899868934,1.0127148899868934,1.0,7548.327401130172,1436.2363925638795,0.0,11816.76022933911,10210.034574485426,11996.948426403145,0.0,0.0,0.0,0.0,0.0,11996.948426403145,1.9872851100131066,32.974570220026216,11996.948426403145
2.0,6.00758459951053,1.0303383980421192,3.0,1.0606767960842385,1.0,3822.5904316264314,1430.064174641206,0.0,7812.654606267637,6951.5670924796805,5992.41540048947,0.0,0.0,0.0,0.0,0.0,5992.41540048947,2.0,33.908984805873644,5992.41540048947
1.6714549348946433,7.0,3.685819739578573,1.3285450651053567,1.0,1.0,4354.0287296093675,1440.0,0.0,6001.168288034641,5336.880991940962,12425.438177672062,0.0,0.0,671.4549348946432,0.0,0.0,0.0,2.6714549348946433,28.95690558594821,13096.893112566704
1.0,7.0,5.0,1.3169224773449448,6.781542658585385,1.0,3769.0,165.21227891255737,0.0,4252.689450814405,3289.3360698884308,4704.923256796516,0.0,0.0,0.0,0.0,0.0,0.0,2.3661550453101103,26.387682114864063,4704.923256796516
1.0,7.0,5.0,3.1207313400021617,9.0,1.0,3769.0,458.6367477190445,0.0,7648.594287017737,6938.955121578567,1234.8668788611435,0.0,0.0,0.0,0.0,566.6781501594033,1234.8668788611435,1.0,24.690238760030265,1801.545029020547
2.0,7.0,5.0,3.0,3.067452962334545,1.0,2869.4775554139756,1145.3879528673274,0.0,24389.42479632846,21560.364560665097,73738.46027194955,0.0,0.0,0.0,0.0,0.0,7530.955846923871,2.4831367594163636,28.190978657957274,73738.46027194955
1.5440165791827516,6.0,1.0,1.0,1.5440165791827516,1.0,4301.588635514546,1902.4140923053387,0.0,7597.0,6829.0,16182.0,0.0,220.0,0.0,0.0,0.0,13182.0,1.0,33.54401657918275,16402.0
1.636070763729825,7.0,5.0,1.363929236270175,2.0,1.0,3047.3283244762433,458.2931097826665,0.0,11879.212625532147,11215.830949639641,3066.884189608347,0.0,54.58938544052624,0.0,0.0,0.0,3045.8938544052626,2.6360707637298253,27.819646181350876,3121.4735750488726
2.0,5.4421267429074565,5.0,2.557873257092543,7.673619771277629,1.0,970.9862827028966,1295.866681812169,0.0,8330.274458720014,7588.927219177459,12023.30393389043,0.0,0.0,0.0,0.0,0.0,8663.344745414597,1.0,30.663190114361186,12023.30393389043
1.0,6.0,5.0,3.0,9.0,1.0,3769.0,484.3637496822796,0.0,3768.0837277169358,3508.6202991688106,9667.344925207797,0.0,0.0,0.0,0.0,0.0,0.0,1.0432054423988082,22.978397278800596,9667.344925207797
1.7481919059789974,7.0,5.0,3.2445757179369927,9.0,1.0,3769.0,408.12620756275413,0.0,3569.9310444144307,3153.6311488197157,5772.649477772697,0.0,0.0,0.0,0.0,0.0,0.0,1.503616188042005,21.0,5772.649477772697
1.44218677448893,7.0,5.0,2.11562645102214,2.11562645102214,1.0,3451.0677091424595,837.5617164480444,0.0,7367.483289160773,6870.833080213585,9643.906211297068,0.0,632.0023845040422,0.0,0.0,0.0,7565.628371199097,2.11562645102214,28.40154871528967,10275.908595801111
2.0,6.638810803649398,4.277621607298796,2.180594598175301,7.735837812772894,1.0,3769.0,632.6876222697294,0.0,8052.436323579537,7557.784649278853,6009.029729908765,0.0,288.9513570804814,0.0,0.0,0.0,614.021633796023,1.0,25.8194054018247,6297.981086989246
1.0538582069980262,6.0,5.0,1.9461417930019738,9.0,1.0,3769.0,574.2019188479455,0.0,8141.219154855123,7548.782021560165,5876.12612390454,0.0,0.0,0.0,0.0,0.0,0.0,1.2154328279921045,23.73070896500987,5876.12612390454
1.3200598325209834,5.640119665041967,5.0,3.0,1.0,1.0,4396.797339412538,1440.0,0.0,13405.388663696996,12264.928767424046,14348.821635335504,0.0,3399.700837395083,96.01794975629504,0.0,0.0,13952.416517695237,1.0,26.920358995125902,17844.54042248688
2.0,6.506374671826806,5.0,2.0,9.0,1.0,3769.0,179.76136154489905,0.0,6161.694991812664,5890.033672896293,462.97810038701044,0.0,0.0,0.0,0.0,0.0,0.0,1.4936253281731944,22.01274934365361,462.97810038701044
2.0,7.0,3.9226748067918997,3.0,6.8453496135837995,1.0,2023.6405990748574,1440.0,0.0,8701.62459219411,7916.50544690726,19759.514261211712,0.0,0.0,0.0,0.0,0.0,14432.842506966774,1.730668701697975,30.885319088114176,19759.514261211712
2.0,6.0,2.8417751180179796,3.0,1.5395562204955051,2.0791124409910102,3739.5315981117124,1267.3420094414384,0.0,8280.044098539847,7583.3407927371545,3196.9380204808594,0.0,0.0,0.0,0.0,0.0,3196.9380204808594,1.9208875590089898,32.15822488198202,3196.9380204808594
2.0,6.0,5.0,3.0,6.823577413845945,1.0,3605.4962532151767,514.0511911984947,0.0,10575.221901536981,9684.4914316285,1106.4797086307296,0.0,0.0,0.0,0.0,0.0,0.0,1.0,24.088211293077027,1106.4797086307296
1.1079437146464644,7.0,5.0,2.7841125707070713,8.136450282828285,1.0,3691.388469169192,1440.0,0.0,6746.7639586742425,6389.354607825758,8310.338179608585,0.0,2230.1407133838393,0.0,0.0,0.0,7803.002720770202,1.0,32.75560600252525,10540.478892992423
1.6852980161158735,7.0,2.2588079355365065,2.370596032231747,9.0,1.0,3769.0,191.1178809669524,0.0,5034.424373648513,4299.63974053958,3566.4635709914282,0.0,368.6903326703399,0.0,0.0,0.0,0.0,4.370596032231747,27.852980161158733,3935.153903661768
2.0,7.0,1.3674835508401788,2.9081291122899553,9.0,1.0,3769.0,490.6013159327857,0.0,6828.9063984508775,6027.492171289096,3120.781171934564,0.0,0.0,0.0,0.0,0.0,1937.0393965144747,1.1837417754200894,36.346324021219196,3120.781171934564
1.0348702578730036,6.930259484253993,5.0,2.0348702578730036,8.755908194888976,1.0,3769.0,441.5964034228282,0.0,10798.145064965422,9941.974527895723,34959.20179828859,0.0,0.0,0.0,0.0,0.0,34825.64871063498,1.0,25.10461077361901,34959.20179828859
1.0,7.023211739870121,3.0464234797402416,1.9767882601298792,4.046423479740241,1.0,3769.0,1653.4282348383786,0.0,4926.014683404738,4710.850306040063,14267.40880490259,0.0,76.74088049025906,0.0,0.0,0.0,14267.40880490259,2.0,36.0,14344.14968539285
1.1506761077098773,7.0,5.0,4.0,7.945267246030858,1.0,3769.0,89.58789400228406,0.0,6972.697998920841,6503.05988112484,1745.2028323129632,0.0,0.0,0.0,0.0,275.18094110199974,1745.2028323129632,1.0,35.041210599771595,2020.383773414963
1.3423836360335466,5.684767272067093,5.0,2.3423836360335466,4.396685452234825,1.0,3769.0,259.9471091536262,0.0,6411.947810534109,5802.173483617878,621.4262994008869,657.6163639664535,0.0,0.0,0.0,0.0,0.0,3.0,28.603314547765173,1279.0426633673403
1.4134164492952614,7.0,5.0,2.173167101409477,9.0,1.0,3769.0,250.33386680852973,0.0,10494.02830364497,9603.613342771821,14693.40448591661,0.0,0.0,762.5586159161601,0.0,0.0,747.4569403258326,1.4134164492952614,28.03900260845686,15455.96310183277
1.0,5.241814988923463,5.0,2.5163700221530747,1.4836299778469253,1.0,1404.9791354633567,1950.713256606353,0.0,8226.017798670815,7468.44627654412,0.0,0.0,0.0,0.0,0.0,0.0,0.0,1.0,29.692704922464237,0.0
1.0,6.743423786076609,1.0,2.256576213923391,1.2565762139233907,1.0,3684.2496883872664,1552.1238054845217,0.0,5754.411672357874,5109.883913309424,12878.497714839954,0.0,0.0,0.0,0.0,0.0,12878.497714839954,1.2565762139233907,33.76972864177017,12878.497714839954
2.0,7.0,2.552237978650676,3.8358215160119933,1.388059494662669,1.0,2280.1487505142736,1538.1790521496553,0.0,7790.7161947410195,6700.328204534363,7982.53732274018,0.0,0.0,0.0,0.0,0.0,7982.53732274018,1.0,28.895524042698646,7982.53732274018
2.0,6.894069287441507,5.0,1.211861425116986,2.7415149879094507,1.0,3769.0,303.89853169110904,0.0,11440.532116416161,10897.27809380774,2425.692188178247,0.0,0.0,0.0,0.0,0.0,2235.1732186037675,2.788138574883014,25.68220786232452,2425.692188178247
2.0,7.848430628412326,5.0,2.848430628412326,2.2125549727013887,1.0,4586.8871257894825,1291.4620158440798,0.0,7127.153207954237,6048.261684348643,19297.375679209974,0.0,0.0,0.0,0.0,0.0,19297.375679209974,1.0,27.545291885236978,19297.375679209974
1.0937569206455566,7.0,5.0,3.9062430793544434,9.0,1.0,3769.0,76.09419984196118,0.0,6768.409232798235,6307.527672026247,1710.782045874239,0.0,0.0,0.0,0.0,293.62275771083966,1540.6132349025538,1.1875138412911133,35.78116003160776,2004.4048035850788
1.57717278328755,6.1543455665751,5.0,2.0,2.0,1.0,3769.0,1580.1216678244925,0.0,13121.430750588994,11389.960182148337,5417.295922316898,0.0,190.46701848489153,10818.157031863535,0.0,0.0,3303.159838754649,1.0,24.8456544334249,16425.919972665324
2.0,7.0,1.4914462339543841,1.8771384415114039,2.860030909420172,1.0,3769.0,1407.8165251273533,51.60185456521032,14149.78074670033,11488.561439725161,54918.41992516357,0.0,0.0,1290.0463641302576,0.0,0.0,134.4105449865241,1.0,36.78849194720527,56208.46628929383
1.5661994877452283,6.0,2.735202049019087,2.1323989754904566,1.8676010245095436,1.0,1935.0798591932057,2356.186681882078,0.0,8810.725953313839,8314.230648813866,0.0,0.0,0.0,0.0,0.0,0.0,0.0,2.1323989754904566,36.69859846323568,0.0
2.0,7.0,5.0,2.678303652084508,2.2867853916619696,1.0,2751.108835010746,1232.5058555945075,67.5562330622534,22161.225030651087,20708.71612627644,75871.9924635484,0.0,0.0,1688.9058265563351,0.0,0.0,175.96790230977433,2.678303652084508,28.552366434380286,77560.89829010474
2.0,5.883915349702066,3.232169300595868,1.883915349702066,2.0,1.558042325148967,3769.0,1465.1746049106198,0.0,8935.00522994464,7915.542372176817,28056.270146005158,0.0,0.0,0.0,0.0,0.0,28056.270146005158,1.558042325148967,31.18740744791446,28056.270146005158
2.0,7.0,5.0,2.1882477831342904,9.0,1.0,3769.0,217.41026602388519,0.0,11161.527301225302,9550.014374962566,5620.872349134436,0.0,0.0,0.0,0.0,0.0,5620.872349134436,1.0,22.81175221686571,5620.872349134436
2.0,5.74171206151293,1.0,3.0,2.0,1.0,3769.0,2601.049026433964,0.0,8253.426069202047,7537.32116655865,20222.51361845388,0.0,0.0,0.0,0.0,0.0,20222.51361845388,1.0,26.51657587697414,20222.51361845388
2.0,6.762901559350043,1.4741968812999144,2.355647660974936,7.17015545772515,1.0,2088.395852869732,1440.0,0.0,6201.112744192508,5415.42238161691,12822.381758354171,0.0,0.0,0.0,0.0,0.0,12822.381758354171,1.0,32.28870467805013,12822.381758354171
1.7220979027511323,6.444195805502265,5.0,2.0,2.0,1.0,3769.0,1449.8339854267322,0.0,12523.179857443327,10920.402795086331,5522.076783689068,0.0,238.29230790787364,10194.979018170132,0.0,0.0,4132.56629744473,1.0,24.555804194497735,15955.348109767074
1.193953867267775,6.8060461327322255,5.0,3.193953867267775,9.0,1.0,3769.0,359.54383725120687,0.0,6208.187418959106,5795.347898810061,1193.953867267775,0.0,1903.0230663661125,0.0,0.0,0.0,0.0,3.193953867267775,26.61209226546445,3096.9769336338873
2.0,7.0,1.0,3.0,8.158715401593572,1.0,3769.0,1007.1651323289684,0.0,9005.54499429984,8004.293622492898,31581.030225237664,0.0,0.0,0.0,0.0,0.0,31581.030225237664,1.1201835140580614,32.12018351405806,31581.030225237664
1.3424396872219768,7.0,5.0,3.0,9.0,1.0,3769.0,513.6975874888791,0.0,22393.0,22153.0,0.0,0.0,0.0,0.0,0.0,0.0,0.0,1.0,22.315120625556045,0.0
2.0,7.0,2.2437157200302167,2.689071069992446,1.0,1.0,6635.696842721105,1440.0,0.0,18456.92621665306,15801.391825084811,31588.25125502644,0.0,220.50274239758267,2626.885283990935,0.0,0.0,13100.819814966006,1.6890710699924458,33.51256855993957,34435.63928141496
1.0,7.484696101145018,3.9693922022900368,1.0,4.711740252862546,1.0,4069.937476931309,1440.0,0.0,5755.2344865296045,5423.73514026624,15304.544604223294,0.0,168.03563645992435,0.0,0.0,0.0,14531.588755940822,1.742348050572509,35.22704415171753,15472.580240683219
2.0,6.8151183844803676,5.0,3.4453551534411035,3.2941713086374245,1.0,3769.0,185.39435237394906,0.0,8479.383433093026,7446.071956775613,2314.2987463833747,0.0,0.0,0.0,0.0,0.0,1630.2367689607358,1.7395264620785285,23.07559192240184,2314.2987463833747
2.0,6.614978240341133,5.0,2.3850217596588674,1.3850217596588676,1.0,2085.804556186321,1326.0335591409753,0.0,10061.864507122886,8600.295841031655,12657.868230898053,0.0,0.0,0.0,0.0,0.0,12657.868230898053,1.0,26.695152317612074,12657.868230898053
2.0,6.687884109879915,5.0,3.0,2.3121158901200847,1.0,3769.0,328.02897253002124,0.0,8175.4499581116315,7272.615893579755,10039.885427651805,0.0,0.0,0.0,0.0,0.0,1105.4297645770237,1.6242317802401698,20.312115890120086,10039.885427651805
1.6247400955573337,7.0,2.5010396177706653,3.3752599044426663,9.0,1.0,3769.0,351.13304300080017,0.0,6845.451137964778,6181.072773243946,2595.2525569336594,0.0,0.0,0.0,0.0,121.58420903942388,1970.5124613763255,1.0,37.624740095557335,2716.836765973083
1.5386956673430392,6.616087002029117,2.8452173306278437,2.461304332656961,3.6934783367151955,1.0,3962.2865153832668,1440.0,0.0,20718.396427811902,16788.04165212033,24767.825995941766,0.0,0.0,0.0,0.0,0.0,24767.825995941766,1.0,31.00304367545951,24767.825995941766
1.5241591707261621,7.0,5.0,2.524159170726162,9.0,1.0,2710.7226343038783,1211.596401948558,0.0,9250.130739322552,8566.71055941998,18174.41616120989,2379.204146369189,33.30885804916864,475.8408292738377,0.0,0.0,12340.960451455734,1.5241591707261621,28.52415917072616,21062.769994902086
1.0,5.848047791130772,5.0,2.8480477911307718,1.1519522088692282,1.0,4643.3372726558255,1540.1365056448212,0.0,13134.554471580623,11928.564967924689,6696.095582261543,0.0,2025.1381252202832,2020.964377960734,0.0,0.0,1696.0955822615438,1.0,31.088286746784632,10742.19808544256
2.0,7.0,1.6401440788712698,4.519891940846548,1.1600360197178174,1.0,1725.3676359734498,1480.4891129886078,0.0,7544.678865275525,6530.906762650338,7992.798379112698,0.0,0.0,0.0,0.0,0.0,7992.798379112698,1.0,30.71971184225746,7992.798379112698
2.0,6.832680469347043,5.0,3.8326804693470433,3.1712367145706972,1.0,3769.0,194.64577501910537,0.0,8622.388361535179,7660.615558202408,1919.6866252865807,0.0,0.0,0.0,0.0,0.0,1665.3609386940864,1.0,23.832680469347043,1919.6866252865807
1.0110316142624658,7.0,5.0,3.0,2.011031614262466,1.0,3769.0,796.6022628071605,0.0,15291.295174845984,14796.515208051842,4804.867303971,0.0,0.0,0.0,0.0,0.0,1195.132696029,1.0,24.955873542950137,4804.867303971
1.0,6.0,5.0,2.2504545155311115,6.996363875751106,1.0,4027.2186055125762,585.5181477054674,0.0,14706.789170625118,13416.95279621632,4601.454449699558,0.0,2621.8581911542933,0.0,0.0,0.0,3349.1818720439987,1.0,26.75318160871778,7223.31264085385
1.7586763901110047,7.0,5.0,2.2413236098889953,7.552058340666029,1.0,3769.0,565.2494001759846,0.0,8704.409910777382,8149.097560733386,5758.676390111004,0.0,0.0,0.0,0.0,0.0,0.0,1.0,25.276029170333015,5758.676390111004
1.6783788228551417,7.0,2.2864847085794326,2.6783788228551417,6.748651759985993,1.0,3769.0,206.1405458742617,0.0,4909.670864980179,4579.138816276885,3482.4317657172874,0.0,364.9678066960663,0.0,0.0,0.0,0.0,3.7135152914205674,33.25134824001401,3847.399572413354
1.7562646578914527,7.0,1.0,2.0,5.025058631565811,1.0,3769.0,1842.1633144791033,0.0,6661.16442336519,5843.96160905003,11315.664671924767,0.0,0.0,0.0,0.0,0.0,11315.664671924767,1.0,34.78132328945726,11315.664671924767
2.0,6.841970371496709,1.632118514013165,2.841970371496709,2.26423702802633,1.0,6337.851603436458,1234.5614829457213,0.0,38233.94805680176,37110.95374608262,21189.12296589144,0.0,655.7574486034919,0.0,0.0,0.0,16979.2711084079,1.0,33.62955557245063,21844.880414494935
1.5296809458982144,6.529680945898214,5.0,2.4703190541017856,9.0,1.0,3769.0,503.378670297,0.0,9868.960976856626,8674.932757464754,6022.7709416831,0.0,0.0,0.0,0.0,0.0,6022.7709416831,1.0,21.58904283769464,6022.7709416831
2.0,7.0,5.0,2.497949786511553,9.0,1.0,3769.0,167.63326387674906,0.0,6561.05819573526,5692.903387874861,2409.92950298381,0.0,0.0,0.0,0.0,0.0,0.0,3.0,21.991799146046212,2409.92950298381
2.0,7.0,1.498856227645562,2.8752859430886097,1.249428113822781,1.0,4455.22417938147,1410.0686263412663,0.0,11693.63729555281,10331.43141652901,15993.473521754737,0.0,0.0,124.71405691139049,0.0,0.0,15205.71617297499,1.8752859430886095,31.503431317063313,16118.187578666128
2.0,5.614624116952638,5.0,1.7707517660947236,6.302368818668468,1.0,3769.0,259.34994201400286,0.0,8231.325269717492,7389.048841932184,3430.2368818668465,0.0,0.0,0.0,0.0,0.0,0.0,3.8438723508579145,19.770751766094723,3430.2368818668465
2.0,5.930095539735353,5.0,3.0,7.573460719647137,1.0,3769.0,590.7579625164446,0.0,9503.915870502206,8809.849628224096,6044.933969567437,0.0,652.6417207614347,0.0,0.0,0.0,6044.933969567437,1.0,26.99288748123502,6697.575690328871
1.7803997761472745,7.0,5.0,3.0,9.0,1.0,3769.0,217.7892843924775,0.0,7294.273737893279,6098.128264146216,1673.5774558388448,0.0,0.0,0.0,0.0,131.76013431163528,257.1518621315415,2.560799552294549,23.780399776147274,1805.33759015048
1.0,7.0,5.0,3.0,7.696745413852737,1.0,3769.0,584.260366891781,0.0,19211.221669950515,16001.026394781682,9869.674541385273,0.0,0.0,0.0,0.0,0.0,9869.674541385273,1.0,23.78279090230879,9869.674541385273
2.0,6.137822899159236,1.5512915966369416,2.8621771008407646,2.0,1.0,3769.0,2896.5387478991083,0.0,8471.505155042241,7742.39002815144,20258.65313025223,0.0,0.0,0.0,0.0,0.0,20258.65313025223,1.0,26.551291596636943,20258.65313025223
1.3369579954995077,6.010873986498524,3.652168018001969,1.6739159909990156,6.641294031503445,1.6739159909990156,1889.2759172411045,1038.6830273600863,0.0,7239.204843126061,6632.553217451878,10416.847899774975,0.0,0.0,0.0,0.0,0.0,9915.760501125123,1.0,35.0,10416.847899774975
1.0018798835249108,5.0037597670498215,5.0,2.0,9.0,1.0,3769.0,180.02255860229891,0.0,8419.622143411492,8252.709232757696,2202.5547617103534,0.0,149.7180174712634,0.0,0.0,0.0,2202.5547617103534,1.0,22.00187988352491,2352.272779181617
2.0,6.0,1.0,2.17837258430733,1.1783725843073298,1.0,3870.060172130198,1696.856521402555,0.0,8626.162741569267,7625.814987873154,20069.94432360605,0.0,0.0,0.0,0.0,0.0,18591.014975359245,1.0,32.57301932554136,20069.94432360605
1.0290713803439537,6.970928619656046,5.0,3.0,3.1744282820637224,1.0,3769.0,941.3943165798696,0.0,19958.402183757724,16498.845844221574,9446.514208550327,0.0,0.0,0.0,0.0,0.0,9388.371447862419,1.0,22.941857239312093,9446.514208550327
1.166885117854871,7.0,5.0,1.3337702357097418,8.332459528580516,1.0,3350.285239302129,256.9768673539167,0.0,5358.311167211468,4856.156503770219,57830.49346788668,0.0,0.0,0.0,0.0,0.0,57496.72323217693,1.0,35.66491905716103,57830.49346788668
1.1813192799255052,7.456042160223484,5.0,3.0,2.450554239404042,1.0,2371.5120108328374,365.60421602234845,81.86807200744948,2997.4722880297977,2662.646076745595,11629.174632948245,0.0,0.0,0.0,0.0,0.0,9725.277119702021,1.1813192799255052,31.642849360968434,11629.174632948245
1.3876735947503942,5.775347189500788,5.0,2.0,9.0,1.0,3769.0,184.65208313700472,0.0,8342.07760745517,7905.726368881496,2726.8484152657857,0.0,91.84896078744087,0.0,0.0,0.0,2726.8484152657857,1.0,22.387673594750396,2818.6973760532264
2.0,7.0,5.0,1.0,5.781383002507552,1.0,4005.1660221910083,674.9787195987916,0.0,7706.115967008036,6835.642029910241,11746.443949922957,0.0,0.0,402.327124686556,0.0,0.0,1080.5925585667069,2.402327124686556,23.01163562343278,12148.771074609513
2.0,6.0,1.0,2.1257375293897622,1.1257375293897622,1.0,3876.5342838850593,1621.0620423212576,0.0,8631.426247061023,7614.656356230629,20055.206508229134,0.0,0.0,0.0,0.0,0.0,18481.534061130704,1.0,32.9940997648819,20055.206508229134
2.0,6.02021942499765,5.0,1.9797805750023496,5.939341725007049,1.0,1168.4049336366975,1107.408467450766,0.0,8067.820381051067,7329.9416976010525,11420.931359152448,0.0,0.0,0.0,0.0,0.0,9159.348266647983,1.0,31.530329137496476,11420.931359152448
2.0,5.723404765612286,3.893619062449145,2.2765952343877136,7.063833359286004,1.2765952343877136,3769.0,724.254757826485,0.0,8908.636654728438,8299.18979722966,20820.934655662735,0.0,77.44666562855983,0.0,0.0,0.0,20820.934655662735,1.0,26.82978570316314,20898.381321291294
2.0,6.104137357920288,4.583450568318851,2.1041373579202873,2.0,1.0,3769.0,2345.0492386939172,0.0,6129.94769245509,5556.207188488917,26864.480752721007,0.0,0.0,0.0,0.0,0.0,26864.480752721007,1.1041373579202873,26.72896150544201,26864.480752721007
1.7745612445363061,6.774561244536306,1.9017550218547754,2.774561244536306,2.803510043709551,1.0,6910.6204078392575,1155.9471681157456,0.0,18422.302695962797,15860.123574996442,31289.035644122927,0.0,247.85959825161797,2729.4734934435673,0.0,0.0,13485.525600413377,1.7745612445363061,33.294734934435674,34266.36873581811
2.0,7.0,3.811773763914707,3.0,3.811773763914707,1.0,1990.759135192455,1440.0,0.0,13038.048089761072,11682.261865350138,44920.60408685074,0.0,0.0,297.0565590213232,0.0,0.0,43514.717204893386,1.0,31.970565590213234,45217.66064587206
1.0,7.894392079062944,4.788784158125887,1.1584118814055842,5.7359801976573594,1.0,3819.427782247444,1440.0,0.0,5178.5198891947375,4982.678701054178,14987.643873250365,0.0,142.0794059297208,0.0,0.0,0.0,14987.643873250365,1.9471960395314718,35.894392079062946,15129.723279180085
1.4865976622437531,6.0,3.0536093510249875,2.513402337756247,3.5670116887812346,1.0,2806.0232264196125,1440.0,0.0,9302.603381488128,8035.428223080378,42542.76541384722,0.0,0.0,0.0,0.0,0.0,41515.960738334725,1.0,36.51340233775625,42542.76541384722
2.0,6.0,3.3974758626517354,3.0,1.0,1.0,2111.1353314188195,1440.0,0.0,10993.699955611093,9945.573900283081,0.0,0.0,0.0,0.0,0.0,0.0,0.0,1.8012620686741323,31.406941377707728,0.0
2.0,7.0,5.0,2.0,4.182834847580152,1.0,3086.1668396444866,962.5747728629773,0.0,12025.501495733617,10743.561314023998,4563.7596223776345,0.0,90.32184660787216,0.0,0.0,0.0,4563.7596223776345,1.602145644052481,26.010728220262404,4654.081468985507
2.0,6.977067188731958,5.0,2.022932811268042,8.839470321123706,1.0,3769.0,154.39921690206305,0.0,8152.440568833773,7170.642118715506,25688.533594365977,0.0,390.8268754927832,0.0,0.0,0.0,14981.653750985566,1.0,20.11466405634021,26079.360469858762
1.6778919957708145,6.355783991541629,5.0,2.3221080042291855,1.6778919957708145,1.0,4165.514953206128,1716.5799342744922,0.0,5569.956277504781,5133.230290764268,0.0,0.0,0.0,0.0,0.0,0.0,0.0,1.3221080042291855,27.644216008458372,0.0
1.636490651049154,6.272981302098308,2.454037395803384,1.636490651049154,3.9080747916067677,1.0,816.8857202069556,1440.0,0.0,7012.605465643861,6402.811670645299,11163.788781258985,0.0,0.0,0.0,0.0,0.0,11018.385041678646,1.0,30.544565442655923,11163.788781258985
1.8510002638507566,7.148999736149244,5.0,3.0,3.042998153044704,1.0,3769.0,389.79994722984867,0.0,5348.267479416824,4808.54339392918,8451.579625331926,0.0,0.0,0.0,0.0,0.0,0.0,2.702000527701513,23.595998944596975,8451.579625331926
1.3045843516719469,7.0,2.218337406687787,2.695415648328053,4.132090461703627,1.0,3769.0,973.8539120820133,0.0,42408.999010430416,41235.00365604858,20808.080685652938,0.0,1078.4212702218945,0.0,0.0,0.0,17331.002444012673,1.0,32.040403428264696,21886.50195587483
1.2540747911863255,5.7459252088136745,5.0,1.508149582372651,3.7785235383042783,1.0,3769.0,931.5666271892778,0.0,3511.4036355418248,3178.406513900028,9701.62991647453,0.0,0.0,0.0,0.0,0.0,10463.854290033507,1.2540747911863255,23.983700835254698,9701.62991647453
2.0,6.018030809553855,4.927876761784582,2.9819691904461454,2.0,1.0360616191077094,3769.0,1187.0178171212247,235.67260570707487,10990.817844667325,10261.946686366828,11464.568894119515,0.0,0.0,0.0,0.0,0.0,10826.28892032952,1.0,25.252431333753968,11464.568894119515
1.0,6.79015800514359,4.160632020574362,1.2098419948564094,7.321264041148725,1.0,3544.678907498498,317.9756326961014,0.0,4678.016275880844,4069.9050253741984,55349.90139398197,0.0,0.0,0.0,0.0,0.0,55349.90139398197,1.0,37.0,55349.90139398197
1.8251306676661152,6.0,5.0,3.0,1.8251306676661152,1.0,3393.205804814482,1383.9264013492555,0.0,8742.109734916736,7852.0113029287295,25437.822291974084,0.0,0.0,0.0,0.0,0.0,13738.344962638545,1.0,25.69947732933554,25437.822291974084
2.0,6.479703423081346,2.918813692325384,2.5202965769186543,2.4797034230813457,1.0,3769.0,714.8535732654492,0.0,3058.8072574790135,2737.1538736336556,1904.0593153837308,0.0,0.0,0.0,0.0,0.0,1904.0593153837308,2.4797034230813457,29.520296576918653,1904.0593153837308
1.3734625961441735,7.0,5.0,2.6265374038558265,2.253074807711653,1.6265374038558265,3345.493415972507,988.8930692238048,0.0,14097.810880411738,12393.336853860856,3373.4625961441734,0.0,56.019389421626016,0.0,0.0,0.0,3373.4625961441734,1.3734625961441735,26.12038778843252,3429.4819855657993
2.0,6.877623242674822,1.4895070293007118,3.0,1.877623242674822,1.0,3761.1678875311886,658.9153140194084,0.0,7998.91481920941,7497.181300880457,2896.440457364371,0.0,0.0,2632.869728024466,0.0,0.0,2896.440457364371,1.2447535146503559,36.143362698723756,5529.310185388837
2.0,7.0,5.0,3.0,6.05797757404985,1.0,1923.6164333227682,1138.476391395793,0.0,15386.878365451015,12717.433802542691,49319.880325497805,0.0,0.0,0.0,0.0,0.0,40805.38341328586,1.0,27.413033638925228,49319.880325497805
1.764142400856313,5.764142400856313,5.0,1.235857599143687,9.0,1.0,3769.0,386.31844823120446,0.0,9080.219034339854,8674.372663510629,2123.5857599143687,0.0,35.37863987155306,0.0,0.0,0.0,518.8867181161116,2.528284801712626,23.528284801712626,2158.9643997859216
2.0,7.0,5.0,1.6285779981269544,1.3714220018730456,1.0,3056.192550124034,1024.0073579021887,0.0,12071.347626640169,11309.516611336941,3455.123923252242,0.0,94.28669971904313,0.0,0.0,0.0,3442.8669971904314,2.3714220018730456,27.257155996253907,3549.410622971285
2.0,7.0,1.2501689075894737,3.0625422268973685,1.5003378151789475,1.0,7571.328727704274,1359.3205273023948,0.0,18090.46259535272,15831.501106283122,30468.728886551315,0.0,299.9864873928421,2812.3733193078947,0.0,0.0,13905.848844475,1.9374577731026315,34.9993243696421,33581.08869325205
1.0,7.0,5.0,2.6027338316390383,5.2054676632780765,1.0,3769.0,1441.9863308418048,0.0,5575.885002893379,4827.855943415589,7621.860726675946,0.0,0.0,0.0,0.0,0.0,5217.75997921739,1.0,27.39726616836096,7621.860726675946
1.7665885239716435,6.2334114760283565,1.0,3.0,1.0,1.0,1231.6816817659292,1440.0,0.0,4861.0,4357.0,34000.0,0.0,0.0,0.0,0.0,0.0,0.0,3.0,34.40046885617014,34000.0
2.0,4.799152509873062,5.0,3.0,6.06553667983075,1.0,3769.0,1088.3728956558525,0.0,9513.340395751058,8656.418357172779,5563.906200866009,0.0,1342.5169689774318,0.0,0.0,0.0,5563.906200866009,1.0,32.27062162059237,6906.423169843441
1.7005564895081133,5.299443510491887,3.8022259580324533,4.700556489508113,1.0,1.0,3390.140443976552,1440.0,0.0,6710.526102851754,5986.732444502931,14229.373729036784,0.0,0.0,0.0,0.0,0.0,14229.373729036784,1.0,29.096104573443206,14229.373729036784
2.0,7.0,4.306079702936171,1.1734800742659572,3.5204402227978715,1.0,1896.1058482866592,901.1090084214042,0.0,7497.747386379979,6742.848016576872,10511.027247530212,0.0,0.0,0.0,0.0,0.0,10180.419277236595,1.0,33.52044022279787,10511.027247530212
1.0,7.0,1.0,2.7248934710595405,1.0,1.0,7275.509745585094,1440.0,0.0,11513.36123699026,9954.252288559263,12789.40898998384,0.0,0.0,0.0,0.0,0.0,12789.40898998384,1.6375532644702298,31.91265979341069,12789.40898998384
