h19_pid,p19_wgc,sex,h19_g4,education,marital_status,region,employment_status,employment_type,h19_pers_income1,h19_pers_income2,h19_pers_income3,h19_pers_income4,h19_pers_income5,h19_cin,h19_din,debt_financial,debt_private,debt_card,debt_lease,debt_credit,debt_other,h1909_aq7,h1909_aq8,h1906_aq2,housing_debt_balance,h1906_10,housing_tenure,age,total_income,total_debt,annual_interest,annual_repayment,annual_debt_service,dsr_raw,dsr,debt_crisis
1002,4831.90340145721,2,1992,4,5,1,2.0,1.0,,240.0,,0,,2737.0,2728.6,0,0,0,0,0,0,0.0,0.0,0.0,0.0,1.0,3,32,240.0,0,0.0,0.0,0.0,0.0,0.0,0
2404,8464.170664025633,2,1986,6,5,1,1.0,1.0,4760.0,,,0,,8815.0,7831.0,14000,0,0,0,0,0,466.0,0.0,706.0,14000.0,1.0,1,38,4760.0,14000,466.0,706.0,1172.0,0.246218487394958,0.246218487394958,0
2503,10883.907523898226,2,1985,7,3,1,1.0,1.0,3140.0,,,0,,11515.0,10759.0,0,0,0,0,0,0,0.0,0.0,0.0,0.0,1.0,2,39,3140.0,0,0.0,0.0,0.0,0.0,0.0,0
2504,3650.8705410495527,1,1992,5,5,1,3.0,1.0,,3108.0,,0,,11515.0,10759.0,0,0,0,0,0,0,0.0,0.0,0.0,0.0,1.0,2,32,3108.0,0,0.0,0.0,0.0,0.0,0.0,0
4503,6164.614879889297,1,2004,7,5,1,9.0,,,220.0,,0,,11926.0,10786.0,0,0,0,0,0,0,0.0,0.0,0.0,0.0,1.0,2,20,220.0,0,0.0,0.0,0.0,0.0,0.0,0
5406,9993.720527200321,2,1998,5,1,1,9.0,,,640.0,,0,,7618.0,7270.0,0,0,0,0,0,0,0.0,0.0,0.0,0.0,1.0,3,26,640.0,0,0.0,0.0,0.0,0.0,0.0,0
5903,6858.818858292543,1,1994,5,5,1,9.0,,,,,120,,18238.0,16162.0,0,0,0,0,0,0,0.0,0.0,0.0,0.0,1.0,2,30,120.0,0,0.0,0.0,0.0,0.0,0.0,0
5904,14620.572316384361,1,1999,7,5,1,9.0,,,,,1219,,18238.0,16162.0,0,0,0,0,0,0,0.0,0.0,0.0,0.0,1.0,2,25,1219.0,0,0.0,0.0,0.0,0.0,0.0,0
7103,7230.9669958266695,2,1991,6,1,1,1.0,1.0,3000.0,,,0,,8558.0,7730.0,0,0,2666,0,0,0,0.0,180.0,0.0,0.0,1.0,1,33,3000.0,2666,180.0,0.0,180.0,0.06,0.06,0
7105,9871.089759387922,1,1988,5,1,1,1.0,1.0,3384.0,,,0,,8558.0,7730.0,0,0,2666,0,0,0,0.0,180.0,0.0,0.0,1.0,1,36,3384.0,2666,180.0,0.0,180.0,0.05319148936170213,0.05319148936170213,0
7203,6586.524077058294,2,1989,8,5,1,1.0,1.0,3640.0,,,0,,10147.0,9115.0,8000,0,0,0,0,0,163.0,0.0,173.0,8000.0,1.0,2,35,3640.0,8000,163.0,173.0,336.0,0.09230769230769231,0.09230769230769231,0
7204,12887.421691410502,2,1995,6,5,1,1.0,1.0,2640.0,,,0,,10147.0,9115.0,8000,0,0,0,0,0,163.0,0.0,173.0,8000.0,1.0,2,29,2640.0,8000,163.0,173.0,336.0,0.12727272727272726,0.12727272727272726,0
7205,11565.89103402413,2,1997,7,5,1,2.0,1.0,,2400.0,,0,,10147.0,9115.0,8000,0,0,0,0,0,163.0,0.0,173.0,8000.0,1.0,2,27,2400.0,8000,163.0,173.0,336.0,0.14,0.14,0
7402,17403.81841562004,2,1985,5,5,2,1.0,1.0,3830.0,,,0,,9611.0,8759.0,9340,0,0,0,0,0,240.0,0.0,360.0,9340.0,1.0,1,39,3830.0,9340,240.0,360.0,600.0,0.1566579634464752,0.1566579634464752,0
8503,13968.0322263973,1,1988,6,5,1,1.0,1.0,3600.0,,,0,,7660.0,7216.0,8880,0,0,0,0,0,420.0,4.0,120.0,8380.0,1.0,1,36,3600.0,8880,424.0,120.0,544.0,0.1511111111111111,0.1511111111111111,0
8603,19718.713804169543,1,1987,7,1,3,1.0,1.0,5184.0,,,0,,9306.0,8550.0,17000,0,0,0,0,0,840.0,0.0,0.0,17000.0,1.0,2,37,5184.0,17000,840.0,0.0,840.0,0.16203703703703703,0.16203703703703703,0
8651,10051.507439091496,2,1986,5,1,3,2.0,1.0,,3616.0,,0,,9306.0,8550.0,17000,0,0,0,0,0,840.0,0.0,0.0,17000.0,1.0,2,38,3616.0,17000,840.0,0.0,840.0,0.2323008849557522,0.2323008849557522,0
8604,2968.4958095780653,2,1989,6,5,3,1.0,1.0,2400.0,,,0,,2400.0,2148.0,0,0,0,0,0,0,0.0,0.0,0.0,0.0,1.0,3,35,2400.0,0,0.0,0.0,0.0,0.0,0.0,0
8703,4866.196813539966,2,1996,7,5,3,1.0,1.0,3462.0,,,0,,7050.0,6582.0,3900,0,0,0,0,0,54.0,0.0,174.0,3900.0,1.0,1,28,3462.0,3900,54.0,174.0,228.0,0.0658578856152513,0.0658578856152513,0
8803,8316.377874372214,2,1994,7,5,1,1.0,1.0,3802.0,,,0,,6536.0,5912.0,0,0,5000,0,0,0,0.0,420.0,0.0,0.0,1.0,2,30,3802.0,5000,420.0,0.0,420.0,0.11046817464492373,0.11046817464492373,0
9904,13691.53288977656,2,1990,7,5,1,1.0,1.0,4036.0,,,0,,14717.0,12977.0,0,0,0,68000,0,0,0.0,0.0,0.0,0.0,1.0,2,34,4036.0,68000,0.0,0.0,0.0,0.0,0.0,0
10005,5359.466163724332,2,1989,6,1,1,1.0,1.0,2358.0,,,0,,7358.0,6518.0,12000,0,0,0,0,0,480.0,0.0,0.0,12000.0,1.0,2,35,2358.0,12000,480.0,0.0,480.0,0.2035623409669211,0.2035623409669211,0
10052,2864.4404044077514,1,1989,6,1,1,1.0,1.0,4070.0,,,0,,7358.0,6518.0,12000,0,0,0,0,0,480.0,0.0,0.0,12000.0,1.0,2,35,4070.0,12000,480.0,0.0,480.0,0.11793611793611794,0.11793611793611794,0
10203,8491.852752876797,2,2000,6,5,1,1.0,1.0,2630.0,,,0,,8163.0,7899.0,0,0,0,0,0,0,0.0,0.0,0.0,0.0,1.0,3,24,2630.0,0,0.0,0.0,0.0,0.0,0.0,0
10204,13041.057454091177,1,2002,6,5,1,9.0,,,,,1580,,8163.0,7899.0,0,0,0,0,0,0,0.0,0.0,0.0,0.0,1.0,3,22,1580.0,0,0.0,0.0,0.0,0.0,0.0,0
10205,6164.614879889297,1,2004,6,5,1,9.0,,,320.0,,0,,8163.0,7899.0,0,0,0,0,0,0,0.0,0.0,0.0,0.0,1.0,3,20,320.0,0,0.0,0.0,0.0,0.0,0.0,0
10903,17382.626070751357,1,1995,5,5,1,1.0,1.0,2760.0,,,0,,9363.0,8067.0,0,0,0,9000,0,0,0.0,0.0,0.0,0.0,1.0,1,29,2760.0,9000,0.0,0.0,0.0,0.0,0.0,0
10904,8007.288679271709,1,1998,7,5,1,2.0,2.0,,1772.0,,0,,9363.0,8067.0,0,0,0,9000,0,0,0.0,0.0,0.0,0.0,1.0,1,26,1772.0,9000,0.0,0.0,0.0,0.0,0.0,0
11905,6587.36700822301,1,1994,7,5,1,1.0,1.0,3290.0,,,0,,12573.0,11685.0,35000,0,0,70000,0,0,0.0,1980.0,0.0,0.0,1.0,2,30,3290.0,105000,1980.0,0.0,1980.0,0.601823708206687,0.601823708206687,1
12402,7919.22655361279,2,1998,7,5,1,1.0,1.0,3630.0,,,0,,5730.0,4938.0,2000,0,0,0,0,0,0.0,38.0,0.0,0.0,1.0,3,26,3630.0,2000,38.0,0.0,38.0,0.01046831955922865,0.01046831955922865,0
12403,5458.225643525006,2,1999,7,5,1,1.0,1.0,840.0,,,0,,5730.0,4938.0,2000,0,0,0,0,0,0.0,38.0,0.0,0.0,1.0,3,25,840.0,2000,38.0,0.0,38.0,0.04523809523809524,0.04523809523809524,0
13103,11618.129345420952,1,1988,6,5,1,1.0,1.0,3792.0,,,0,,10194.0,9510.0,0,0,0,0,0,0,0.0,0.0,0.0,0.0,1.0,1,36,3792.0,0,0.0,0.0,0.0,0.0,0.0,0
13203,7812.0367675850775,1,1987,6,5,1,1.0,1.0,2821.0,,,0,,7705.0,7369.0,2000,0,0,0,0,0,0.0,90.0,0.0,0.0,1.0,1,37,2821.0,2000,90.0,0.0,90.0,0.03190358029067707,0.03190358029067707,0
13403,15552.756100034485,1,1987,7,5,1,2.0,1.0,,2544.0,,0,,8814.0,8514.0,0,0,0,0,0,0,0.0,0.0,0.0,0.0,1.0,2,37,2544.0,0,0.0,0.0,0.0,0.0,0.0,0
13404,3416.023165911524,2,1988,7,5,1,1.0,1.0,2860.0,,,0,,8814.0,8514.0,0,0,0,0,0,0,0.0,0.0,0.0,0.0,1.0,2,36,2860.0,0,0.0,0.0,0.0,0.0,0.0,0
14203,18022.664440054887,1,1987,7,5,1,1.0,1.0,4200.0,,,0,,7645.0,6853.0,0,0,0,0,0,0,0.0,0.0,0.0,0.0,1.0,3,37,4200.0,0,0.0,0.0,0.0,0.0,0.0,0
16603,7117.280822348158,2,1989,7,1,1,2.0,1.0,,6000.0,,0,,14395.0,9355.0,68000,0,0,0,0,0,524.0,0.0,0.0,68000.0,1.0,1,35,6000.0,68000,524.0,0.0,524.0,0.08733333333333333,0.08733333333333333,0
16651,9871.089759387922,1,1987,7,1,1,1.0,1.0,8095.0,,,0,,14395.0,9355.0,68000,0,0,0,0,0,524.0,0.0,0.0,68000.0,1.0,1,37,8095.0,68000,524.0,0.0,524.0,0.0647313156269302,0.0647313156269302,0
17503,6423.173648096563,2,1995,6,5,1,1.0,1.0,2200.0,,,0,,10171.0,9667.0,0,0,0,0,0,0,0.0,0.0,0.0,0.0,1.0,2,29,2200.0,0,0.0,0.0,0.0,0.0,0.0,0
17504,14446.494321554068,1,2000,5,5,1,9.0,,,,,1404,,10171.0,9667.0,0,0,0,0,0,0,0.0,0.0,0.0,0.0,1.0,2,24,1404.0,0,0.0,0.0,0.0,0.0,0.0,0
18003,6665.13637157559,2,2000,6,5,3,1.0,2.0,4108.0,,,0,,13263.0,11091.0,17064,0,0,0,0,0,672.0,0.0,936.0,17064.0,1.0,1,24,4108.0,17064,672.0,936.0,1608.0,0.3914313534566699,0.3914313534566699,0
19003,14027.91770049624,1,1988,6,5,3,2.0,1.0,2241.0,2154.0,,0,,7674.0,6750.0,700,0,0,0,0,0,38.0,0.0,226.0,0.0,1.0,3,36,4395.0,700,38.0,226.0,264.0,0.060068259385665526,0.060068259385665526,0
20903,10233.472545512457,2,1995,6,5,1,2.0,1.0,,4370.0,,0,,14614.0,13126.0,0,0,0,81000,0,0,0.0,0.0,0.0,0.0,1.0,1,29,4370.0,81000,0.0,0.0,0.0,0.0,0.0,0
24102,3633.4215583807186,2,1989,8,1,1,9.0,,940.0,,,0,,11516.0,9836.0,0,0,0,50000,0,0,0.0,0.0,0.0,0.0,1.0,2,35,940.0,50000,0.0,0.0,0.0,0.0,0.0,0
24603,10113.63972934482,2,1990,7,5,1,1.0,1.0,6934.0,,,0,,10528.0,9544.0,0,0,0,32000,0,0,0.0,0.0,0.0,0.0,1.0,2,34,6934.0,32000,0.0,0.0,0.0,0.0,0.0,0
24703,4307.111773774372,2,1990,5,1,4,9.0,,,1250.0,,0,,5431.0,5011.0,8894,0,0,0,0,0,130.0,100.0,211.0,7094.0,1.0,1,34,1250.0,8894,230.0,211.0,441.0,0.3528,0.3528,0
25103,11599.120503919867,1,1998,7,5,1,2.0,1.0,,720.0,,0,,14510.0,13706.0,0,0,0,0,0,0,0.0,0.0,0.0,0.0,1.0,1,26,720.0,0,0.0,0.0,0.0,0.0,0.0,0
25104,10249.18155948744,2,2000,7,5,1,2.0,1.0,,2880.0,,0,,14510.0,13706.0,0,0,0,0,0,0,0.0,0.0,0.0,0.0,1.0,1,24,2880.0,0,0.0,0.0,0.0,0.0,0.0,0
25404,12854.924648917782,2,1988,5,5,1,1.0,1.0,4492.0,,,0,,8970.0,8574.0,0,0,0,0,0,0,0.0,0.0,0.0,0.0,1.0,1,36,4492.0,0,0.0,0.0,0.0,0.0,0.0,0
25403,18159.93972342517,2,1986,7,5,1,2.0,1.0,,3720.0,,0,,3720.0,3336.0,0,0,0,0,0,0,0.0,0.0,0.0,0.0,1.0,2,38,3720.0,0,0.0,0.0,0.0,0.0,0.0,0
26603,9632.216192193313,1,1991,7,1,1,2.0,1.0,,6830.0,,0,,6830.0,4670.0,51926,0,0,0,0,0,502.0,0.0,74.0,51926.0,1.0,1,33,6830.0,51926,502.0,74.0,576.0,0.0843338213762811,0.0843338213762811,0
26602,18745.405259482966,2,1987,7,5,1,2.0,2.0,,1536.0,,0,,1626.0,1542.0,19026,0,0,0,0,0,74.0,0.0,0.0,0.0,1.0,3,37,1536.0,19026,74.0,0.0,74.0,0.048177083333333336,0.048177083333333336,0
26803,8899.541377762593,1,1989,7,1,1,3.0,1.0,,3420.0,,0,,3895.0,3847.0,9600,0,0,0,0,0,134.0,0.0,0.0,9600.0,1.0,2,35,3420.0,9600,134.0,0.0,134.0,0.0391812865497076,0.0391812865497076,0
26903,2269.9373821982335,1,1989,6,5,3,1.0,1.0,3503.0,,,0,,3991.0,3619.0,22326,0,0,0,0,0,582.0,0.0,474.0,22326.0,1.0,1,35,3503.0,22326,582.0,474.0,1056.0,0.3014558949471881,0.3014558949471881,0
27203,13770.201772616665,2,1988,6,1,3,9.0,,,,,3600,,10250.0,9086.0,21000,0,0,0,0,0,396.0,240.0,400.0,10000.0,1.0,1,36,3600.0,21000,636.0,400.0,1036.0,0.2877777777777778,0.2877777777777778,0
27254,7250.68233053623,1,1992,5,1,1,5.0,,,,14280.0,0,,14450.0,12602.0,0,0,0,0,0,0,328.0,0.0,0.0,0.0,1.0,3,32,14280.0,0,328.0,0.0,328.0,0.02296918767507003,0.02296918767507003,0
27651,9365.615010852873,2,1987,7,1,1,1.0,1.0,6714.0,,,0,,20724.0,18372.0,0,0,0,35000,0,0,0.0,0.0,0.0,0.0,1.0,3,37,6714.0,35000,0.0,0.0,0.0,0.0,0.0,0
28404,2660.8936293566358,1,1997,5,5,1,4.0,1.0,,1752.0,,0,,2034.0,1958.4,0,0,0,0,0,0,0.0,0.0,0.0,0.0,1.0,3,27,1752.0,0,0.0,0.0,0.0,0.0,0.0,0
28504,10220.427492844443,2,1993,6,5,1,1.0,1.0,3420.0,,,0,,9284.0,8804.0,2100,0,0,0,0,0,0.0,300.0,0.0,0.0,1.0,3,31,3420.0,2100,300.0,0.0,300.0,0.08771929824561403,0.08771929824561403,0
28505,7451.117572490498,2,2000,6,5,1,9.0,,,450.0,,0,,9284.0,8804.0,2100,0,0,0,0,0,0.0,300.0,0.0,0.0,1.0,3,24,450.0,2100,300.0,0.0,300.0,0.6666666666666666,0.6666666666666666,1
28551,9871.089759387922,1,1986,6,1,1,1.0,1.0,4498.0,,,0,,5058.0,4686.0,11000,0,0,0,0,0,210.0,240.0,870.0,10000.0,1.0,1,38,4498.0,11000,450.0,870.0,1320.0,0.2934637616718542,0.2934637616718542,0
28604,13876.0406906866,2,2003,7,5,1,9.0,,,160.0,,0,,9000.0,8004.0,11808,0,0,0,0,0,61.0,600.0,192.0,1808.0,1.0,2,21,160.0,11808,661.0,192.0,853.0,5.33125,5.0,1
29203,9496.103392975247,1,1990,7,5,1,1.0,1.0,5440.0,,,0,,5640.0,4860.0,0,0,0,0,0,0,0.0,0.0,0.0,0.0,1.0,3,34,5440.0,0,0.0,0.0,0.0,0.0,0.0,0
29351,9365.615010852873,2,1986,7,1,1,1.0,1.0,6160.0,,,0,,15526.0,12958.0,17400,0,0,0,0,0,480.0,0.0,600.0,17400.0,1.0,1,38,6160.0,17400,480.0,600.0,1080.0,0.17532467532467533,0.17532467532467533,0
31103,9490.154532688292,1,1998,5,5,1,2.0,1.0,,3144.0,,0,,47110.0,45646.0,0,0,0,0,0,0,0.0,0.0,0.0,0.0,1.0,1,26,3144.0,0,0.0,0.0,0.0,0.0,0.0,0
31104,7708.202258909401,2,1999,7,5,1,2.0,1.0,,3080.0,,0,,47110.0,45646.0,0,0,0,0,0,0,0.0,0.0,0.0,0.0,1.0,1,25,3080.0,0,0.0,0.0,0.0,0.0,0.0,0
31303,6417.173712576565,2,1997,7,5,3,2.0,1.0,,2692.0,,0,,12200.0,11216.0,3400,0,0,0,0,0,0.0,0.0,,,,6,27,2692.0,3400,0.0,0.0,0.0,0.0,0.0,0
31304,8015.448404744483,1,1999,8,5,3,2.0,1.0,,1860.0,,0,,12200.0,11216.0,3400,0,0,0,0,0,0.0,0.0,,,,6,25,1860.0,3400,0.0,0.0,0.0,0.0,0.0,0
32804,10051.507439091496,2,1987,7,5,3,1.0,1.0,3572.0,,,0,,9613.0,9217.0,0,0,0,0,0,0,0.0,0.0,0.0,0.0,1.0,1,37,3572.0,0,0.0,0.0,0.0,0.0,0.0,0
34503,9565.621244394852,2,2000,5,5,1,1.0,1.0,2931.0,,,0,,8381.0,7733.0,0,0,0,0,0,0,0.0,0.0,0.0,0.0,1.0,1,24,2931.0,0,0.0,0.0,0.0,0.0,0.0,0
34504,11311.778734628107,2,2002,5,5,1,2.0,1.0,,1146.0,,0,,8381.0,7733.0,0,0,0,0,0,0,0.0,0.0,0.0,0.0,1.0,1,22,1146.0,0,0.0,0.0,0.0,0.0,0.0,0
35603,6079.631453358233,2,1990,6,5,1,1.0,1.0,2685.0,,,0,,5531.0,4943.0,10000,0,0,0,0,0,0.0,46.0,0.0,0.0,1.0,1,34,2685.0,10000,46.0,0.0,46.0,0.01713221601489758,0.01713221601489758,0
35604,9894.014011129873,1,1991,7,5,1,1.0,1.0,5974.0,,,0,,5974.0,5050.0,33800,0,0,0,0,0,420.0,0.0,1200.0,33800.0,1.0,1,33,5974.0,33800,420.0,1200.0,1620.0,0.2711750920656177,0.2711750920656177,0
37603,4106.956060666196,2,2000,7,5,3,1.0,1.0,2770.0,,,0,,20319.0,15507.0,1904,0,0,0,0,0,72.0,0.0,96.0,1904.0,1.0,1,24,2770.0,1904,72.0,96.0,168.0,0.06064981949458484,0.06064981949458484,0
37804,10796.081847949281,2,2002,6,5,1,8.0,,,660.0,,0,,12354.0,9654.0,0,0,0,0,0,0,0.0,0.0,0.0,0.0,1.0,1,22,660.0,0,0.0,0.0,0.0,0.0,0.0,0
39404,9212.581213234713,1,1990,7,5,1,6.0,,,,5408.0,0,,8556.0,7896.0,4500,0,0,0,0,0,144.0,0.0,500.0,4500.0,1.0,1,34,5408.0,4500,144.0,500.0,644.0,0.11908284023668639,0.11908284023668639,0
39403,8306.652716296987,2,1986,7,5,3,1.0,1.0,7050.0,,,120,,7267.0,6031.0,13600,0,0,0,0,0,432.0,0.0,0.0,13600.0,1.0,2,38,7170.0,13600,432.0,0.0,432.0,0.0602510460251046,0.0602510460251046,0
41305,12492.358196642703,1,1993,6,5,1,1.0,1.0,3352.0,,,0,,7374.0,6774.0,17500,0,0,0,0,0,912.0,56.0,0.0,16000.0,1.0,2,31,3352.0,17500,968.0,0.0,968.0,0.28878281622911695,0.28878281622911695,0
42003,6858.818858292543,1,1995,5,5,1,2.0,1.0,,600.0,,0,,6141.0,5793.0,300,0,0,0,0,0,0.0,14.0,0.0,0.0,1.0,2,29,600.0,300,14.0,0.0,14.0,0.023333333333333334,0.023333333333333334,0
42004,7460.191094425289,2,1999,5,5,1,1.0,1.0,3263.0,,,0,,6141.0,5793.0,300,0,0,0,0,0,0.0,14.0,0.0,0.0,1.0,2,25,3263.0,300,14.0,0.0,14.0,0.004290530186944529,0.004290530186944529,0
42303,11764.587090389272,2,1995,7,5,1,1.0,1.0,3328.0,,,0,,3400.0,3100.0,0,0,0,0,0,0,0.0,0.0,0.0,0.0,1.0,2,29,3328.0,0,0.0,0.0,0.0,0.0,0.0,0
43202,9365.615010852873,2,1986,5,5,1,2.0,3.0,,3600.0,,0,,6427.0,5851.0,0,0,0,0,0,0,0.0,0.0,0.0,0.0,1.0,3,38,3600.0,0,0.0,0.0,0.0,0.0,0.0,0
43604,9521.273360318899,1,1988,5,5,3,1.0,1.0,3820.0,,,0,,8706.0,8046.0,16443,0,270,0,0,0,535.0,0.0,269.0,16443.0,1.0,1,36,3820.0,16713,535.0,269.0,804.0,0.21047120418848167,0.21047120418848167,0
44203,8885.388890643773,2,1991,7,5,1,3.0,1.0,,755.0,,0,,7276.0,6988.0,0,0,0,0,0,0,0.0,0.0,0.0,0.0,1.0,3,33,755.0,0,0.0,0.0,0.0,0.0,0.0,0
44204,6858.818858292543,1,1994,7,5,1,8.0,,,2826.0,,0,,7276.0,6988.0,0,0,0,0,0,0,0.0,0.0,0.0,0.0,1.0,3,30,2826.0,0,0.0,0.0,0.0,0.0,0.0,0
44503,13233.64533442455,2,1992,7,5,1,1.0,1.0,3590.0,,,0,,13540.0,12532.0,0,0,0,3000,0,0,0.0,0.0,0.0,0.0,1.0,1,32,3590.0,3000,0.0,0.0,0.0,0.0,0.0,0
44504,10889.701971860273,2,1996,7,5,2,1.0,1.0,4954.0,,,0,,5285.0,4469.0,0,0,0,0,0,5000,0.0,0.0,0.0,0.0,1.0,2,28,4954.0,5000,0.0,0.0,0.0,0.0,0.0,0
44603,7549.711973745912,1,1990,5,5,2,2.0,1.0,,1440.0,,0,,12816.0,11640.0,7000,0,0,0,0,0,403.0,0.0,0.0,7000.0,1.0,2,34,1440.0,7000,403.0,0.0,403.0,0.2798611111111111,0.2798611111111111,0
45702,8254.752178628345,2,1992,6,5,1,2.0,1.0,,3018.0,,0,,5591.0,5295.8,860,0,0,0,0,8400,0.0,6.0,0.0,0.0,1.0,3,32,3018.0,9260,6.0,0.0,6.0,0.0019880715705765406,0.0019880715705765406,0
45703,10222.73597878838,2,1995,6,5,1,3.0,1.0,,92.0,,0,,5591.0,5295.8,860,0,0,0,0,8400,0.0,6.0,0.0,0.0,1.0,3,29,92.0,9260,6.0,0.0,6.0,0.06521739130434782,0.06521739130434782,0
46603,4339.620215908914,2,1988,8,1,1,1.0,1.0,7190.0,,,0,,21751.0,18895.0,0,0,0,0,0,0,0.0,0.0,0.0,0.0,1.0,2,36,7190.0,0,0.0,0.0,0.0,0.0,0.0,0
46803,4145.044894062389,2,1995,7,5,3,1.0,1.0,7300.0,,,0,,14764.0,13276.0,0,0,0,40500,0,0,0.0,0.0,0.0,0.0,1.0,1,29,7300.0,40500,0.0,0.0,0.0,0.0,0.0,0
46804,4052.034131533989,2,1995,5,5,1,1.0,1.0,3840.0,,,0,,4000.0,3616.0,0,0,0,0,0,0,0.0,0.0,0.0,0.0,1.0,3,29,3840.0,0,0.0,0.0,0.0,0.0,0.0,0
46903,5392.33255127729,1,1998,8,5,1,2.0,1.0,,1155.0,,0,,8755.0,7831.0,0,0,0,0,0,0,0.0,0.0,0.0,0.0,1.0,2,26,1155.0,0,0.0,0.0,0.0,0.0,0.0,0
46904,5430.674824734816,1,2001,5,5,1,2.0,1.0,,2790.0,,0,,8755.0,7831.0,0,0,0,0,0,0,0.0,0.0,0.0,0.0,1.0,2,23,2790.0,0,0.0,0.0,0.0,0.0,0.0,0
47203,14628.303247599926,2,1993,6,5,1,1.0,1.0,2640.0,,,0,,7568.0,6932.0,28160,0,0,0,0,0,1740.0,180.0,240.0,26760.0,1.0,1,31,2640.0,28160,1920.0,240.0,2160.0,0.8181818181818182,0.8181818181818182,1
49803,11034.24957424631,1,2000,7,5,1,9.0,,,60.0,,0,,4908.0,4560.0,7000,0,0,0,0,0,600.0,0.0,5000.0,7000.0,1.0,1,24,60.0,7000,600.0,5000.0,5600.0,93.33333333333333,5.0,1
49903,12213.302328920528,2,1998,5,5,1,1.0,1.0,3740.0,,,0,,14444.0,12188.0,0,0,0,0,0,0,0.0,0.0,0.0,0.0,1.0,1,26,3740.0,0,0.0,0.0,0.0,0.0,0.0,0
50803,8274.709616883945,2,2001,6,5,1,1.0,1.0,3152.0,,,0,,12750.0,11754.0,0,0,0,2000,0,0,0.0,0.0,,,,5,23,3152.0,2000,0.0,0.0,0.0,0.0,0.0,0
50804,13408.208965966089,2,2003,6,5,1,2.0,1.0,,720.0,,0,,12750.0,11754.0,0,0,0,2000,0,0,0.0,0.0,,,,5,21,720.0,2000,0.0,0.0,0.0,0.0,0.0,0
51402,6000.148952157789,2,1990,6,1,3,9.0,,,240.0,,0,,15826.0,14770.0,16000,0,0,0,0,0,1116.0,0.0,0.0,16000.0,1.0,2,34,240.0,16000,1116.0,0.0,1116.0,4.65,4.65,1
51451,10594.000717886895,1,1986,7,1,3,1.0,1.0,5829.0,,8400.0,0,,15826.0,14770.0,16000,0,0,0,0,0,1116.0,0.0,0.0,16000.0,1.0,2,38,14229.0,16000,1116.0,0.0,1116.0,0.0784313725490196,0.0784313725490196,0
52603,14062.61899867214,2,1997,7,5,1,2.0,2.0,,3360.0,,0,,8910.0,7494.0,4480,0,0,0,0,0,0.0,379.0,0.0,0.0,1.0,1,27,3360.0,4480,379.0,0.0,379.0,0.11279761904761905,0.11279761904761905,0
52604,12685.257811496323,1,2000,7,5,1,9.0,,,200.0,,0,,8910.0,7494.0,4480,0,0,0,0,0,0.0,379.0,0.0,0.0,1.0,1,24,200.0,4480,379.0,0.0,379.0,1.895,1.895,1
52703,8062.072196300072,2,2001,6,5,1,8.0,,,400.0,,0,,13375.0,12787.0,5520,0,0,0,0,10000,240.0,0.0,480.0,5520.0,1.0,1,23,400.0,15520,240.0,480.0,720.0,1.8,1.8,1
53005,6589.5678168112545,1,1992,7,1,3,1.0,1.0,5570.0,,,0,,6374.0,5558.0,5000,0,0,0,0,0,40.0,0.0,600.0,5000.0,1.0,2,32,5570.0,5000,40.0,600.0,640.0,0.11490125673249552,0.11490125673249552,0
55153,7250.68233053623,1,1989,7,1,1,1.0,1.0,5750.0,,,0,,6495.0,5727.0,19000,0,0,0,0,0,532.0,0.0,1028.0,19000.0,1.0,1,35,5750.0,19000,532.0,1028.0,1560.0,0.271304347826087,0.271304347826087,0
56603,8926.692234514405,2,1992,6,5,1,1.0,1.0,2942.0,,,0,,10532.0,10028.0,0,0,0,0,0,0,0.0,0.0,0.0,0.0,1.0,1,32,2942.0,0,0.0,0.0,0.0,0.0,0.0,0
56604,10769.894596807055,2,1995,5,5,1,8.0,,,574.0,,0,,10532.0,10028.0,0,0,0,0,0,0,0.0,0.0,0.0,0.0,1.0,1,29,574.0,0,0.0,0.0,0.0,0.0,0.0,0
56703,13104.735670551781,2,1992,7,5,1,2.0,1.0,,4500.0,,0,,40323.0,30807.0,0,0,0,1000,0,0,0.0,0.0,0.0,0.0,1.0,1,32,4500.0,1000,0.0,0.0,0.0,0.0,0.0,0
56704,6423.173648096563,2,1994,6,5,1,1.0,1.0,6260.0,,,0,,40323.0,30807.0,0,0,0,1000,0,0,0.0,0.0,0.0,0.0,1.0,1,30,6260.0,1000,0.0,0.0,0.0,0.0,0.0,0
57003,6589.726289347159,1,1993,6,5,1,1.0,1.0,4452.0,,,0,,5052.0,4464.0,15200,0,0,0,0,0,864.0,0.0,600.0,15200.0,1.0,1,31,4452.0,15200,864.0,600.0,1464.0,0.3288409703504043,0.3288409703504043,0
57603,9149.793804120138,1,1998,6,5,3,2.0,1.0,,2520.0,,0,,23308.0,20284.0,0,0,250,90000,0,0,0.0,0.0,0.0,0.0,1.0,2,26,2520.0,90250,0.0,0.0,0.0,0.0,0.0,0
57604,5574.277161405454,2,2001,6,5,3,1.0,1.0,3720.0,,,0,,23308.0,20284.0,0,0,250,90000,0,0,0.0,0.0,0.0,0.0,1.0,2,23,3720.0,90250,0.0,0.0,0.0,0.0,0.0,0
58503,5902.49671892369,2,2001,6,5,3,2.0,1.0,,3270.0,,0,,9220.0,8176.0,0,0,200,37800,0,0,0.0,0.0,0.0,0.0,1.0,1,23,3270.0,38000,0.0,0.0,0.0,0.0,0.0,0
58603,14719.95057089291,1,1997,8,5,1,2.0,1.0,,1320.0,,0,,32233.0,28945.0,0,0,0,25000,0,0,0.0,0.0,0.0,0.0,1.0,1,27,1320.0,25000,0.0,0.0,0.0,0.0,0.0,0
59303,18435.16911120275,2,1985,7,5,1,1.0,1.0,3050.0,,,0,,7001.0,6665.0,10875,0,0,0,0,0,399.0,1020.0,625.0,6175.0,1.0,1,39,3050.0,10875,1419.0,625.0,2044.0,0.6701639344262295,0.6701639344262295,1
60503,3957.8264080605,1,1987,7,5,1,9.0,,,20.0,,0,,4102.0,3718.0,60000,0,0,0,0,0,1200.0,0.0,1200.0,60000.0,1.0,1,37,20.0,60000,1200.0,1200.0,2400.0,120.0,5.0,1
60654,9365.615010852873,2,1986,5,1,1,2.0,1.0,,3340.0,,0,,9470.0,9098.0,5400,0,385,0,0,0,336.0,0.0,0.0,5400.0,1.0,2,38,3340.0,5785,336.0,0.0,336.0,0.10059880239520957,0.10059880239520957,0
61503,13565.417006845788,2,2003,7,5,3,9.0,,,180.0,,0,,13320.0,10968.0,28826,0,0,90000,0,0,0.0,1184.0,0.0,0.0,1.0,2,21,180.0,118826,1184.0,0.0,1184.0,6.5777777777777775,5.0,1
64202,11739.342568329535,2,1990,7,5,3,1.0,1.0,2808.0,,,0,,8561.0,7733.0,13520,0,0,0,0,0,490.0,0.0,480.0,13520.0,1.0,1,34,2808.0,13520,490.0,480.0,970.0,0.3454415954415954,0.3454415954415954,0
64203,7965.549184599746,2,1992,7,5,3,1.0,1.0,4500.0,,,0,,8561.0,7733.0,13520,0,0,0,0,0,490.0,0.0,480.0,13520.0,1.0,1,32,4500.0,13520,490.0,480.0,970.0,0.21555555555555556,0.21555555555555556,0
65603,8832.579943960776,2,2001,7,5,1,2.0,1.0,,1440.0,,0,,10410.0,9534.0,28000,0,0,0,0,0,936.0,0.0,0.0,28000.0,1.0,1,23,1440.0,28000,936.0,0.0,936.0,0.65,0.65,1
65906,7176.487759103395,2,2001,6,5,3,3.0,1.0,,2000.0,,0,,12318.0,10542.0,0,0,0,500,0,0,0.0,0.0,0.0,0.0,1.0,1,23,2000.0,500,0.0,0.0,0.0,0.0,0.0,0
65904,9310.565533071527,1,2000,6,5,3,1.0,1.0,960.0,1476.0,,0,,2616.0,2388.0,9000,0,0,0,0,0,480.0,0.0,0.0,0.0,1.0,2,24,2436.0,9000,480.0,0.0,480.0,0.19704433497536947,0.19704433497536947,0
66003,5651.780438299714,1,1990,6,5,1,8.0,,1600.0,,,0,,5960.0,5432.0,2500,0,0,0,0,0,132.0,0.0,0.0,2500.0,1.0,3,34,1600.0,2500,132.0,0.0,132.0,0.0825,0.0825,0
66004,6858.818858292543,1,1995,5,5,1,8.0,,1952.0,,,0,,5960.0,5432.0,2500,0,0,0,0,0,132.0,0.0,0.0,2500.0,1.0,3,29,1952.0,2500,132.0,0.0,132.0,0.06762295081967214,0.06762295081967214,0
66104,10170.51684562547,1,1990,6,5,1,1.0,1.0,4320.0,,,0,,14137.0,12073.0,0,0,0,30000,0,0,0.0,0.0,0.0,0.0,1.0,1,34,4320.0,30000,0.0,0.0,0.0,0.0,0.0,0
66103,5291.150740395157,2,1989,6,1,3,1.0,1.0,3993.0,,,0,,8586.0,7170.0,24100,0,0,0,0,0,600.0,120.0,0.0,18500.0,1.0,2,35,3993.0,24100,720.0,0.0,720.0,0.18031555221637866,0.18031555221637866,0
66151,10594.000717886895,1,1985,7,1,3,1.0,1.0,4283.0,,,0,,8586.0,7170.0,24100,0,0,0,0,0,600.0,120.0,0.0,18500.0,1.0,2,39,4283.0,24100,720.0,0.0,720.0,0.16810646742937194,0.16810646742937194,0
67103,16775.13768393354,2,1995,7,5,3,1.0,1.0,5436.0,,,0,,5556.0,4812.0,0,0,0,0,0,0,0.0,0.0,,,,6,29,5436.0,0,0.0,0.0,0.0,0.0,0.0,0
67303,6165.063936157995,1,2001,5,5,1,2.0,1.0,,960.0,,0,,7812.0,7236.0,9375,0,660,0,0,0,242.0,228.0,462.0,6875.0,1.0,1,23,960.0,10035,470.0,462.0,932.0,0.9708333333333333,0.9708333333333333,1
67903,4425.331004468692,1,1993,6,5,1,1.0,1.0,3744.0,,,0,,8487.0,7839.0,8782,0,0,0,0,0,298.0,0.0,518.0,8782.0,1.0,1,31,3744.0,8782,298.0,518.0,816.0,0.21794871794871795,0.21794871794871795,0
68803,6882.161115132683,2,1998,7,5,1,2.0,1.0,,320.0,,0,,11615.0,11087.0,2533,0,0,0,0,0,156.0,0.0,0.0,2500.0,1.0,3,26,320.0,2533,156.0,0.0,156.0,0.4875,0.4875,1
68804,5826.586923935188,1,2000,5,5,1,8.0,,,3300.0,,0,,11615.0,11087.0,2533,0,0,0,0,0,156.0,0.0,0.0,2500.0,1.0,3,24,3300.0,2533,156.0,0.0,156.0,0.04727272727272727,0.04727272727272727,0
68805,5760.401142213593,1,2003,7,5,1,9.0,,,745.0,,0,,11615.0,11087.0,2533,0,0,0,0,0,156.0,0.0,0.0,2500.0,1.0,3,21,745.0,2533,156.0,0.0,156.0,0.20939597315436242,0.20939597315436242,0
69204,6171.024374278926,2,1990,7,5,3,1.0,1.0,3855.0,,,0,,6123.0,5727.0,0,0,0,0,0,0,0.0,0.0,0.0,0.0,1.0,3,34,3855.0,0,0.0,0.0,0.0,0.0,0.0,0
69203,13308.622523426198,2,1989,7,1,3,1.0,1.0,4280.0,,,0,,22521.0,21081.0,54000,0,0,0,0,0,1200.0,1452.0,0.0,30000.0,1.0,2,35,4280.0,54000,2652.0,0.0,2652.0,0.6196261682242991,0.6196261682242991,1
69253,7112.976352223475,1,1990,7,1,3,1.0,1.0,16618.0,,,0,,22521.0,21081.0,54000,0,0,0,0,0,1200.0,1452.0,0.0,30000.0,1.0,2,34,16618.0,54000,2652.0,0.0,2652.0,0.15958599109399446,0.15958599109399446,0
69205,13570.022213954095,1,1993,7,5,3,1.0,1.0,3660.0,,,0,,3936.0,3576.0,1950,0,0,0,0,0,36.0,0.0,0.0,1950.0,1.0,3,31,3660.0,1950,36.0,0.0,36.0,0.009836065573770493,0.009836065573770493,0
71803,7250.68233053623,1,1992,5,5,1,8.0,,,1680.0,,0,,4142.0,3986.0,0,0,0,0,0,0,0.0,0.0,0.0,0.0,1.0,3,32,1680.0,0,0.0,0.0,0.0,0.0,0.0,0
72202,8018.740135907281,2,1994,7,5,2,1.0,1.0,8720.0,,,0,,8880.0,7752.0,10000,0,0,0,0,0,360.0,0.0,0.0,10000.0,1.0,2,30,8720.0,10000,360.0,0.0,360.0,0.04128440366972477,0.04128440366972477,0
73803,8339.846938972121,2,2000,6,5,3,2.0,1.0,,3000.0,,0,,11956.0,10588.0,0,0,0,20000,0,0,0.0,0.0,0.0,0.0,1.0,1,24,3000.0,20000,0.0,0.0,0.0,0.0,0.0,0
74704,11958.065653537918,1,1991,7,5,1,2.0,1.0,,2890.0,,0,,10363.0,8755.0,3480,0,0,0,0,0,130.0,200.0,94.0,3400.0,1.0,1,33,2890.0,3480,330.0,94.0,424.0,0.1467128027681661,0.1467128027681661,0
74703,13153.15467049703,1,1989,5,1,1,6.0,,560.0,,1284.0,0,,8284.0,8020.0,20300,0,0,0,0,54,580.0,15.0,0.0,20000.0,1.0,2,35,1844.0,20354,595.0,0.0,595.0,0.32266811279826463,0.32266811279826463,0
74751,6879.392339555281,2,1990,7,1,1,9.0,,2255.0,,,0,,8284.0,8020.0,20300,0,0,0,0,54,580.0,15.0,0.0,20000.0,1.0,2,34,2255.0,20354,595.0,0.0,595.0,0.2638580931263858,0.2638580931263858,0
75203,8084.73699849391,2,1992,6,5,1,1.0,1.0,4000.0,,,0,,12153.0,11361.0,0,0,0,2800,0,0,0.0,0.0,0.0,0.0,1.0,1,32,4000.0,2800,0.0,0.0,0.0,0.0,0.0,0
75204,15841.83303563755,1,1994,7,5,1,1.0,1.0,4766.0,,,0,,12153.0,11361.0,0,0,0,2800,0,0,0.0,0.0,0.0,0.0,1.0,1,30,4766.0,2800,0.0,0.0,0.0,0.0,0.0,0
75202,14654.093708407809,2,1985,5,1,1,3.0,1.0,,596.0,,0,,12549.0,11409.0,3000,0,0,29500,0,0,0.0,75.0,,,,5,39,596.0,32500,75.0,0.0,75.0,0.12583892617449666,0.12583892617449666,0
75503,10403.81091118891,1,2002,6,5,1,9.0,,,100.0,,0,,8917.0,8269.0,9000,0,0,133500,0,0,348.0,216.0,800.0,7000.0,1.0,1,22,100.0,142500,564.0,800.0,1364.0,13.64,5.0,1
76104,4748.726311984531,2,2001,7,5,3,9.0,,,1200.0,,0,,4702.0,4558.0,0,0,0,0,0,0,0.0,0.0,0.0,0.0,1.0,1,23,1200.0,0,0.0,0.0,0.0,0.0,0.0,0
76151,7781.687299704353,1,1992,7,1,3,1.0,1.0,8320.0,,,0,,9858.0,8478.0,15000,0,0,0,0,0,580.0,0.0,1100.0,15000.0,1.0,1,32,8320.0,15000,580.0,1100.0,1680.0,0.20192307692307693,0.20192307692307693,0
76303,5538.396008870097,1,1996,5,5,3,2.0,1.0,,2700.0,,0,,9008.0,8264.0,18300,0,0,0,0,0,600.0,0.0,840.0,18300.0,1.0,1,28,2700.0,18300,600.0,840.0,1440.0,0.5333333333333333,0.5333333333333333,1
77003,9144.457136138655,1,2003,5,5,3,9.0,,,,,1320,,16063.0,14479.0,10000,0,370,0,0,0,250.0,0.0,0.0,10000.0,1.0,1,21,1320.0,10370,250.0,0.0,250.0,0.1893939393939394,0.1893939393939394,0
77304,4377.803834334227,1,1999,6,5,1,2.0,1.0,,1208.0,,0,,3798.0,3390.0,9600,0,0,0,0,0,312.0,0.0,420.0,9600.0,1.0,1,25,1208.0,9600,312.0,420.0,732.0,0.6059602649006622,0.6059602649006622,1
77303,10235.895138753003,2,1995,7,1,3,8.0,,,1968.0,,0,,7692.0,6972.0,20000,0,0,0,0,0,420.0,0.0,0.0,20000.0,1.0,2,29,1968.0,20000,420.0,0.0,420.0,0.21341463414634146,0.21341463414634146,0
77351,5141.168059147199,1,1989,7,1,3,1.0,1.0,4416.0,,,0,,7692.0,6972.0,20000,0,0,0,0,0,420.0,0.0,0.0,20000.0,1.0,2,35,4416.0,20000,420.0,0.0,420.0,0.09510869565217392,0.09510869565217392,0
78603,11375.032829451038,2,1998,7,5,1,1.0,1.0,4356.0,,,0,,5784.0,5100.0,11655,0,0,1000,0,0,0.0,5460.0,0.0,0.0,1.0,3,26,4356.0,12655,5460.0,0.0,5460.0,1.2534435261707988,1.2534435261707988,1
78904,7315.846903121947,2,1987,7,5,1,1.0,1.0,5559.0,,,0,,9032.0,8180.0,0,0,0,0,0,0,0.0,0.0,0.0,0.0,1.0,1,37,5559.0,0,0.0,0.0,0.0,0.0,0.0,0
78951,10051.507439091496,2,1985,6,1,3,1.0,1.0,2600.0,,,0,,7966.0,7078.0,4000,0,0,0,0,0,72.0,0.0,468.0,4000.0,1.0,1,39,2600.0,4000,72.0,468.0,540.0,0.2076923076923077,0.2076923076923077,0
80803,17196.55431837239,1,1988,7,5,1,1.0,1.0,7600.0,,,0,,16617.0,14865.0,0,0,0,0,0,0,0.0,0.0,0.0,0.0,1.0,1,36,7600.0,0,0.0,0.0,0.0,0.0,0.0,0
80804,10764.420189292894,1,1991,7,5,1,3.0,2.0,3426.0,414.0,,0,,16617.0,14865.0,0,0,0,0,0,0,0.0,0.0,0.0,0.0,1.0,1,33,3840.0,0,0.0,0.0,0.0,0.0,0.0,0
82003,6858.818858292543,1,1994,7,5,1,1.0,1.0,8776.0,,,0,,12606.0,11130.0,28800,0,0,0,0,0,0.0,1200.0,0.0,0.0,1.0,1,30,8776.0,28800,1200.0,0.0,1200.0,0.13673655423883319,0.13673655423883319,0
82304,9479.022331627986,2,2001,7,5,1,9.0,,,450.0,,0,,14993.0,12857.0,0,0,0,53000,0,0,0.0,0.0,0.0,0.0,1.0,2,23,450.0,53000,0.0,0.0,0.0,0.0,0.0,0
82603,6171.172781262345,2,1991,7,5,1,1.0,1.0,5616.0,,,0,,10720.0,9676.0,0,0,0,0,0,0,0.0,0.0,0.0,0.0,1.0,1,33,5616.0,0,0.0,0.0,0.0,0.0,0.0,0
83103,14569.998983760559,1,1995,7,5,1,2.0,1.0,,1644.0,,0,,12478.0,11134.0,0,0,0,0,0,0,0.0,0.0,0.0,0.0,1.0,1,29,1644.0,0,0.0,0.0,0.0,0.0,0.0,0
83104,12334.248460854356,2,1997,7,5,1,1.0,1.0,3995.0,,,0,,12478.0,11134.0,0,0,0,0,0,0,0.0,0.0,0.0,0.0,1.0,1,27,3995.0,0,0.0,0.0,0.0,0.0,0.0,0
84205,7250.68233053623,1,1990,6,5,1,1.0,1.0,1592.0,,2400.0,0,,18623.0,17615.0,26135,0,0,0,0,0,756.0,335.0,420.0,19160.0,1.0,1,34,3992.0,26135,1091.0,420.0,1511.0,0.3785070140280561,0.3785070140280561,0
84206,6879.392339555281,2,1992,7,5,1,1.0,1.0,4560.0,,,0,,18623.0,17615.0,26135,0,0,0,0,0,756.0,335.0,420.0,19160.0,1.0,1,32,4560.0,26135,1091.0,420.0,1511.0,0.331359649122807,0.331359649122807,0
84705,7979.885906381384,2,2001,5,5,1,2.0,1.0,,1097.0,,0,,28412.0,22112.0,0,0,0,0,0,0,0.0,0.0,0.0,0.0,1.0,1,23,1097.0,0,0.0,0.0,0.0,0.0,0.0,0
84703,10259.277601656579,2,1990,8,1,1,1.0,1.0,3820.0,,,0,,16107.0,14319.0,0,0,0,0,0,0,0.0,0.0,0.0,0.0,1.0,3,34,3820.0,0,0.0,0.0,0.0,0.0,0.0,0
84751,9871.089759387922,1,1988,8,1,1,1.0,1.0,10340.0,775.0,,0,,16107.0,14319.0,0,0,0,0,0,0,0.0,0.0,0.0,0.0,1.0,3,36,11115.0,0,0.0,0.0,0.0,0.0,0.0,0
85903,6248.602037843445,1,1999,6,5,3,9.0,,,1520.0,,0,,10091.0,9311.0,0,0,0,0,0,0,0.0,0.0,0.0,0.0,1.0,2,25,1520.0,0,0.0,0.0,0.0,0.0,0.0,0
86103,7951.8560945754525,2,2001,7,5,3,9.0,,,300.0,,0,,25834.0,18778.0,55771,0,0,0,0,0,792.0,1102.0,640.0,29141.0,1.0,1,23,300.0,55771,1894.0,640.0,2534.0,8.446666666666667,5.0,1
86804,17450.201566063195,2,1986,7,5,1,8.0,,,2014.0,,0,,6200.0,5972.0,0,0,0,0,0,0,0.0,0.0,0.0,0.0,1.0,1,38,2014.0,0,0.0,0.0,0.0,0.0,0.0,0
88351,9365.615010852873,2,1985,6,1,1,1.0,1.0,3198.0,,,0,,9170.0,8462.0,1150,0,0,0,0,0,72.0,0.0,4000.0,0.0,1.0,2,39,3198.0,1150,72.0,4000.0,4072.0,1.2732958098811757,1.2732958098811757,1
90503,17053.72592172501,1,1992,5,5,1,1.0,1.0,2838.0,,,0,,9487.0,8647.0,2000,0,0,0,0,0,0.0,260.0,0.0,0.0,1.0,2,32,2838.0,2000,260.0,0.0,260.0,0.0916138125440451,0.0916138125440451,0
90504,8154.4382013332715,2,1993,6,5,1,8.0,,2036.0,,,0,,9487.0,8647.0,2000,0,0,0,0,0,0.0,260.0,0.0,0.0,1.0,2,31,2036.0,2000,260.0,0.0,260.0,0.12770137524557956,0.12770137524557956,0
90506,7967.18311724743,1,1997,5,5,1,1.0,1.0,2991.0,,,0,,9487.0,8647.0,2000,0,0,0,0,0,0.0,260.0,0.0,0.0,1.0,2,27,2991.0,2000,260.0,0.0,260.0,0.08692744901370779,0.08692744901370779,0
90505,6480.651697864776,2,1996,5,1,3,9.0,,,1596.0,,0,,3096.0,3046.8,5000,0,0,0,0,0,0.0,108.0,0.0,0.0,1.0,3,28,1596.0,5000,108.0,0.0,108.0,0.06766917293233082,0.06766917293233082,0
90551,3255.0274362794453,1,1992,7,1,3,9.0,,,1500.0,,0,,3096.0,3046.8,5000,0,0,0,0,0,0.0,108.0,0.0,0.0,1.0,3,32,1500.0,5000,108.0,0.0,108.0,0.072,0.072,0
90754,10594.000717886895,1,1986,7,1,3,1.0,1.0,4620.0,,,0,,8220.0,7164.0,20000,0,0,0,0,0,360.0,0.0,4840.0,20000.0,1.0,1,38,4620.0,20000,360.0,4840.0,5200.0,1.1255411255411256,1.1255411255411256,1
90702,15576.505722488353,1,1985,7,1,1,1.0,1.0,9344.0,,,0,,9604.0,8008.0,0,0,0,0,0,0,0.0,0.0,0.0,0.0,1.0,3,39,9344.0,0,0.0,0.0,0.0,0.0,0.0,0
90804,5853.1131930936635,2,2002,7,5,3,2.0,1.0,,185.0,,0,,3961.0,3911.8,0,0,0,0,0,0,0.0,0.0,0.0,0.0,1.0,3,22,185.0,0,0.0,0.0,0.0,0.0,0.0,0
91704,7315.846903121947,2,1985,7,1,1,1.0,1.0,5620.0,,,0,,10965.0,9741.0,20000,0,0,0,0,0,360.0,0.0,420.0,20000.0,1.0,1,39,5620.0,20000,360.0,420.0,780.0,0.1387900355871886,0.1387900355871886,0
92202,3025.3925697945706,1,1991,5,5,1,2.0,2.0,,4964.0,,0,,13874.0,12866.0,5000,0,0,0,0,0,0.0,456.0,0.0,0.0,1.0,1,33,4964.0,5000,456.0,0.0,456.0,0.09186140209508462,0.09186140209508462,0
95603,12359.997041478699,1,1989,5,5,1,9.0,,934.0,,,0,,7623.0,6891.0,10400,0,0,0,0,0,605.0,58.0,682.0,10000.0,1.0,1,35,934.0,10400,663.0,682.0,1345.0,1.4400428265524625,1.4400428265524625,1
95604,9337.058528621645,2,1991,7,5,1,3.0,1.0,1503.0,788.0,,0,,7623.0,6891.0,10400,0,0,0,0,0,605.0,58.0,682.0,10000.0,1.0,1,33,2291.0,10400,663.0,682.0,1345.0,0.5870798777826277,0.5870798777826277,1
95904,16252.805193720535,1,1986,7,1,3,6.0,,,,8400.0,0,,9209.0,7061.0,31146,0,0,0,0,0,720.0,24.0,0.0,29000.0,1.0,1,38,8400.0,31146,744.0,0.0,744.0,0.08857142857142856,0.08857142857142856,0
96503,10407.229099414204,2,1997,6,5,2,2.0,1.0,,3144.0,,0,,12853.0,10465.0,40000,0,0,0,0,0,330.0,0.0,0.0,40000.0,1.0,1,27,3144.0,40000,330.0,0.0,330.0,0.1049618320610687,0.1049618320610687,0
96903,5063.250587647582,2,1999,5,5,1,1.0,1.0,4006.0,,,0,,5474.0,4982.0,0,0,0,0,163,0,0.0,20.0,0.0,0.0,1.0,3,25,4006.0,163,20.0,0.0,20.0,0.004992511233150275,0.004992511233150275,0
97303,7315.670968529201,2,1987,7,5,3,1.0,1.0,4550.0,,,0,,14400.0,13464.0,0,0,0,0,0,0,0.0,0.0,0.0,0.0,1.0,1,37,4550.0,0,0.0,0.0,0.0,0.0,0.0,0
98502,16885.211605279743,2,1987,7,1,1,1.0,1.0,6924.0,,,0,,20129.0,16253.0,26000,0,0,0,0,0,720.0,160.0,1080.0,18000.0,1.0,1,37,6924.0,26000,880.0,1080.0,1960.0,0.2830733679953784,0.2830733679953784,0
99403,7179.733238496174,2,1998,7,5,1,2.0,1.0,,2640.0,,0,,18225.0,16017.0,0,0,0,0,0,0,0.0,0.0,0.0,0.0,1.0,3,26,2640.0,0,0.0,0.0,0.0,0.0,0.0,0
99404,10864.780596898227,1,1999,6,5,1,8.0,,,2618.0,,0,,18225.0,16017.0,0,0,0,0,0,0,0.0,0.0,0.0,0.0,1.0,3,25,2618.0,0,0.0,0.0,0.0,0.0,0.0,0
99603,6625.459228002972,2,1998,7,5,1,2.0,1.0,,3000.0,,0,,10164.0,9276.0,0,0,0,0,0,0,0.0,0.0,0.0,0.0,1.0,3,26,3000.0,0,0.0,0.0,0.0,0.0,0.0,0
99703,2059.6942356156237,2,1989,5,5,1,1.0,1.0,5560.0,,,0,,10794.0,9618.0,0,0,0,0,0,0,0.0,0.0,0.0,0.0,1.0,3,35,5560.0,0,0.0,0.0,0.0,0.0,0.0,0
100003,4853.300031626224,1,1989,6,1,1,1.0,1.0,6120.0,,,0,,7020.0,6216.0,0,0,0,0,0,0,0.0,0.0,,,,5,35,6120.0,0,0.0,0.0,0.0,0.0,0.0,0
100702,5915.365459488995,1,1999,5,5,1,9.0,,,2528.0,,0,,7971.0,7623.0,1433,0,0,0,0,0,0.0,14.0,0.0,0.0,1.0,3,25,2528.0,1433,14.0,0.0,14.0,0.005537974683544304,0.005537974683544304,0
100703,7308.057687766754,2,2001,6,5,1,9.0,,,1040.0,,0,,7971.0,7623.0,1433,0,0,0,0,0,0.0,14.0,0.0,0.0,1.0,3,23,1040.0,1433,14.0,0.0,14.0,0.013461538461538462,0.013461538461538462,0
101204,3030.4174169541543,2,1989,5,5,1,1.0,1.0,2808.0,,,0,,13671.0,12951.0,0,1000,980,0,1166,0,23.0,404.0,0.0,19200.0,1.0,3,35,2808.0,3146,427.0,0.0,427.0,0.15206552706552706,0.15206552706552706,0
101402,8183.65046530841,2,1998,7,5,1,2.0,1.0,,2535.0,,0,,3687.0,3483.0,0,0,0,0,0,0,0.0,0.0,0.0,0.0,1.0,3,26,2535.0,0,0.0,0.0,0.0,0.0,0.0,0
102403,7688.581900531079,2,2000,7,5,1,9.0,,,240.0,,0,,8612.0,7376.0,0,4000,0,0,0,0,210.0,0.0,0.0,4000.0,1.0,1,24,240.0,4000,210.0,0.0,210.0,0.875,0.875,1
102702,1721.4371938583495,1,2000,8,5,3,2.0,1.0,,3600.0,,0,,3828.0,3444.0,7500,0,0,0,0,0,156.0,0.0,0.0,7500.0,1.0,2,24,3600.0,7500,156.0,0.0,156.0,0.043333333333333335,0.043333333333333335,0
103104,6090.714305137505,2,2004,5,5,4,1.0,1.0,2316.0,,,0,,2340.0,2150.4,0,0,0,0,0,0,0.0,0.0,,,,6,20,2316.0,0,0.0,0.0,0.0,0.0,0.0,0
105104,6686.78025551316,2,2003,5,5,1,2.0,1.0,,1001.0,,0,,5229.0,4785.0,1390,0,0,0,0,0,0.0,82.0,0.0,0.0,1.0,3,21,1001.0,1390,82.0,0.0,82.0,0.08191808191808192,0.08191808191808192,0
106803,10067.54062224819,1,1992,7,5,1,1.0,1.0,4630.0,,,0,,8159.0,7511.0,8000,0,0,0,0,0,307.0,0.0,293.0,8000.0,1.0,1,32,4630.0,8000,307.0,293.0,600.0,0.12958963282937366,0.12958963282937366,0
106804,16213.46426934904,1,1994,5,5,1,2.0,1.0,,3975.0,,0,,5326.0,5038.0,0,0,0,0,0,0,0.0,0.0,,,,5,30,3975.0,0,0.0,0.0,0.0,0.0,0.0,0
106903,9517.895961298835,2,1998,6,5,1,8.0,,3400.0,,,0,,3506.0,3122.0,4500,0,0,0,0,0,192.0,0.0,0.0,4500.0,1.0,2,26,3400.0,4500,192.0,0.0,192.0,0.05647058823529412,0.05647058823529412,0
108503,8919.744919112462,2,1988,6,5,1,3.0,1.0,,440.0,,0,,3840.0,3396.0,0,0,0,0,0,0,0.0,0.0,0.0,0.0,1.0,1,36,440.0,0,0.0,0.0,0.0,0.0,0.0,0
108504,11082.438148665724,2,1994,7,1,1,1.0,1.0,3645.0,,,0,,8715.0,7371.0,10000,0,0,0,0,0,405.0,0.0,10000.0,10000.0,1.0,2,30,3645.0,10000,405.0,10000.0,10405.0,2.8545953360768177,2.8545953360768177,1
108551,5566.359976831089,1,1991,7,1,1,1.0,1.0,4920.0,,,0,,8715.0,7371.0,10000,0,0,0,0,0,405.0,0.0,10000.0,10000.0,1.0,2,33,4920.0,10000,405.0,10000.0,10405.0,2.1148373983739837,2.1148373983739837,1
108603,4364.292338072754,2,1989,7,5,1,6.0,,,,2400.0,0,,11535.0,10707.0,1000,0,0,0,0,0,48.0,0.0,0.0,1000.0,1.0,1,35,2400.0,1000,48.0,0.0,48.0,0.02,0.02,0
108604,8953.704717860504,2,1995,5,5,1,8.0,,3082.0,,,0,,11535.0,10707.0,1000,0,0,0,0,0,48.0,0.0,0.0,1000.0,1.0,1,29,3082.0,1000,48.0,0.0,48.0,0.015574302401038288,0.015574302401038288,0
109204,7315.846903121947,2,1986,7,5,1,9.0,,780.0,,,0,,2886.0,2803.2,0,0,0,0,0,0,0.0,0.0,0.0,0.0,1.0,3,38,780.0,0,0.0,0.0,0.0,0.0,0.0,0
111503,11173.573622708163,2,1988,5,5,1,3.0,1.0,,1560.0,,0,,2620.0,2596.0,1800,0,0,0,0,0,0.0,90.0,0.0,0.0,1.0,3,36,1560.0,1800,90.0,0.0,90.0,0.057692307692307696,0.057692307692307696,0
111502,7200.934345090418,1,1986,7,5,3,1.0,1.0,5710.0,,,0,,6020.0,5420.0,0,0,0,0,0,0,0.0,0.0,0.0,0.0,1.0,1,38,5710.0,0,0.0,0.0,0.0,0.0,0.0,0
111802,3887.7579607556772,2,1989,6,5,1,1.0,1.0,5280.0,,,0,,10306.0,8446.0,0,0,0,0,0,0,0.0,0.0,0.0,0.0,1.0,3,35,5280.0,0,0.0,0.0,0.0,0.0,0.0,0
111803,8001.797380182902,2,1991,6,5,1,1.0,1.0,3006.0,,,0,,10306.0,8446.0,0,0,0,0,0,0,0.0,0.0,0.0,0.0,1.0,3,33,3006.0,0,0.0,0.0,0.0,0.0,0.0,0
112003,10790.284590496782,2,1988,6,5,1,1.0,1.0,5366.0,,,0,,5496.0,4884.0,6400,0,0,0,0,0,240.0,0.0,0.0,6400.0,1.0,3,36,5366.0,6400,240.0,0.0,240.0,0.0447260529258293,0.0447260529258293,0
112103,7812.0367675850775,1,1988,7,5,1,1.0,1.0,3130.0,,,0,,3140.0,2840.0,2770,0,0,0,0,0,0.0,186.0,0.0,0.0,1.0,3,36,3130.0,2770,186.0,0.0,186.0,0.05942492012779553,0.05942492012779553,0
114103,13118.07293430338,2,1991,7,1,1,1.0,1.0,11196.0,,,0,,22140.0,17700.0,27000,0,0,0,0,0,984.0,0.0,8000.0,27000.0,1.0,2,33,11196.0,27000,984.0,8000.0,8984.0,0.8024294390853877,0.8024294390853877,1
114151,7011.1345035294635,1,1991,7,1,1,1.0,1.0,10848.0,,,0,,22140.0,17700.0,27000,0,0,0,0,0,984.0,0.0,8000.0,27000.0,1.0,2,33,10848.0,27000,984.0,8000.0,8984.0,0.8281710914454278,0.8281710914454278,1
114104,6589.726289347159,1,1993,7,1,1,1.0,1.0,3804.0,,,0,,7128.0,6372.0,32500,0,0,0,0,0,96.0,84.0,0.0,30000.0,1.0,2,31,3804.0,32500,180.0,0.0,180.0,0.0473186119873817,0.0473186119873817,0
114152,8123.533000024402,2,1992,7,1,1,1.0,1.0,3204.0,,,0,,7128.0,6372.0,32500,0,0,0,0,0,96.0,84.0,0.0,30000.0,1.0,2,32,3204.0,32500,180.0,0.0,180.0,0.056179775280898875,0.056179775280898875,0
114503,13876.0406906866,2,2003,7,5,1,9.0,,,100.0,,0,,22895.0,19991.0,0,0,0,22000,0,0,0.0,0.0,0.0,0.0,1.0,3,21,100.0,22000,0.0,0.0,0.0,0.0,0.0,0
116904,8467.910826627207,2,2001,7,5,3,2.0,1.0,,720.0,,0,,10512.0,9024.0,34500,0,0,0,0,0,624.0,439.0,936.0,23064.0,1.0,1,23,720.0,34500,1063.0,936.0,1999.0,2.776388888888889,2.776388888888889,1
117503,11953.366051104813,1,1998,7,5,1,9.0,,,423.0,,0,,22118.0,17990.0,0,0,0,0,0,0,0.0,0.0,0.0,0.0,1.0,1,26,423.0,0,0.0,0.0,0.0,0.0,0.0,0
118602,4329.827174566902,2,1990,6,5,1,2.0,1.0,,3780.0,,0,,6995.0,6443.0,0,0,0,3000,0,0,0.0,0.0,0.0,0.0,1.0,3,34,3780.0,3000,0.0,0.0,0.0,0.0,0.0,0
119003,7812.0367675850775,1,1988,7,5,1,1.0,1.0,5630.0,,,0,,19495.0,17539.0,0,0,0,0,0,0,0.0,0.0,0.0,0.0,1.0,2,36,5630.0,0,0.0,0.0,0.0,0.0,0.0,0
119004,15033.665446988158,2,1992,8,5,1,1.0,1.0,4991.0,,,0,,19495.0,17539.0,0,0,0,0,0,0,0.0,0.0,0.0,0.0,1.0,2,32,4991.0,0,0.0,0.0,0.0,0.0,0.0,0
120602,13194.3649713988,1,1989,5,5,1,1.0,1.0,5640.0,,,0,,13100.0,11492.0,38300,0,0,0,0,0,0.0,408.0,0.0,0.0,1.0,3,35,5640.0,38300,408.0,0.0,408.0,0.07234042553191489,0.07234042553191489,0
120603,9871.089759387922,1,1985,6,5,1,8.0,,,3746.0,,0,,13100.0,11492.0,38300,0,0,0,0,0,0.0,408.0,0.0,0.0,1.0,3,39,3746.0,38300,408.0,0.0,408.0,0.10891617725573946,0.10891617725573946,0
121703,12231.2368091266,1,1988,7,5,1,1.0,1.0,4264.0,,,0,,4652.0,4040.0,0,0,0,24500,0,0,0.0,0.0,0.0,0.0,1.0,1,36,4264.0,24500,0.0,0.0,0.0,0.0,0.0,0
122303,5593.2174109765965,2,1993,5,1,3,1.0,1.0,3620.0,,,0,,8800.0,7576.0,20816,0,0,0,0,0,364.0,0.0,596.0,20816.0,1.0,1,31,3620.0,20816,364.0,596.0,960.0,0.26519337016574585,0.26519337016574585,0
122351,10594.000717886895,1,1985,6,1,3,1.0,1.0,5120.0,,,0,,8800.0,7576.0,20816,0,0,0,0,0,364.0,0.0,596.0,20816.0,1.0,1,39,5120.0,20816,364.0,596.0,960.0,0.1875,0.1875,0
123203,10421.409493016467,1,1992,6,5,1,2.0,1.0,,3000.0,,0,,17413.0,16309.0,18000,0,0,0,0,0,468.0,0.0,516.0,18000.0,1.0,1,32,3000.0,18000,468.0,516.0,984.0,0.328,0.328,0
123204,6423.173648096563,2,1994,7,5,1,1.0,1.0,1620.0,,,0,,17413.0,16309.0,18000,0,0,0,0,0,468.0,0.0,516.0,18000.0,1.0,1,30,1620.0,18000,468.0,516.0,984.0,0.6074074074074074,0.6074074074074074,1
124503,8584.672875576103,1,1988,6,1,3,2.0,1.0,,2912.0,,0,,3593.0,3245.0,10000,0,0,0,0,0,0.0,400.0,0.0,0.0,1.0,3,36,2912.0,10000,400.0,0.0,400.0,0.13736263736263737,0.13736263736263737,0
124504,15347.705122427442,1,1993,6,1,1,1.0,1.0,4365.0,,,0,,4883.0,4427.0,5200,0,0,0,0,0,96.0,0.0,0.0,5200.0,1.0,3,31,4365.0,5200,96.0,0.0,96.0,0.021993127147766325,0.021993127147766325,0
124604,13907.623167529397,2,1995,7,5,1,1.0,1.0,4845.0,,,0,,20345.0,17717.0,0,0,0,0,0,0,0.0,0.0,0.0,0.0,1.0,1,29,4845.0,0,0.0,0.0,0.0,0.0,0.0,0
124705,11932.68401912782,1,1997,5,5,1,1.0,1.0,3145.0,,,0,,9155.0,7463.0,6000,0,0,27000,0,0,0.0,480.0,0.0,0.0,1.0,1,27,3145.0,33000,480.0,0.0,480.0,0.15262321144674085,0.15262321144674085,0
124704,6423.019180889295,2,1994,6,1,3,2.0,1.0,,1125.0,,0,,5335.0,4927.0,2000,0,0,0,0,0,48.0,0.0,600.0,2000.0,1.0,2,30,1125.0,2000,48.0,600.0,648.0,0.576,0.576,1
124751,7781.687299704353,1,1991,7,1,3,1.0,1.0,3090.0,,,0,,5335.0,4927.0,2000,0,0,0,0,0,48.0,0.0,600.0,2000.0,1.0,2,33,3090.0,2000,48.0,600.0,648.0,0.20970873786407768,0.20970873786407768,0
124951,4769.6882294639845,2,1985,8,1,3,1.0,1.0,3276.0,,,0,,6275.0,5987.0,1000,0,0,0,0,0,0.0,42.0,,,,6,39,3276.0,1000,42.0,0.0,42.0,0.01282051282051282,0.01282051282051282,0
125803,6171.172781262345,2,1993,7,5,1,1.0,1.0,3540.0,,,0,,10955.0,10343.0,0,0,0,0,0,0,0.0,0.0,0.0,0.0,1.0,2,31,3540.0,0,0.0,0.0,0.0,0.0,0.0,0
125804,6858.818858292543,1,1996,7,5,1,2.0,3.0,,1440.0,,0,,10955.0,10343.0,0,0,0,0,0,0,0.0,0.0,0.0,0.0,1.0,2,28,1440.0,0,0.0,0.0,0.0,0.0,0.0,0
126504,9871.089759387922,1,1985,6,3,1,1.0,1.0,3965.0,,,0,,8055.0,7383.0,3000,0,0,0,0,0,150.0,0.0,150.0,3000.0,1.0,1,39,3965.0,3000,150.0,150.0,300.0,0.07566204287515763,0.07566204287515763,0
126804,13815.982623040542,2,1995,6,5,1,2.0,1.0,,2580.0,,0,,3670.0,3238.0,3000,0,0,0,0,0,0.0,180.0,0.0,0.0,1.0,1,29,2580.0,3000,180.0,0.0,180.0,0.06976744186046512,0.06976744186046512,0
127703,13856.04493896081,1,1992,7,5,1,1.0,1.0,3763.0,,,0,,4003.0,3595.0,9500,0,0,0,0,0,295.0,0.0,212.0,9500.0,1.0,2,32,3763.0,9500,295.0,212.0,507.0,0.13473292585702898,0.13473292585702898,0
128904,15534.773745876228,1,1991,6,5,1,1.0,1.0,3100.0,,,0,,3220.0,2896.0,5600,0,0,0,0,0,90.0,0.0,0.0,5600.0,1.0,3,33,3100.0,5600,90.0,0.0,90.0,0.02903225806451613,0.02903225806451613,0
128903,12817.442172689352,2,1989,7,1,1,1.0,1.0,2652.0,,,0,,6676.8,6028.8,10000,0,0,0,0,0,240.0,0.0,0.0,10000.0,1.0,2,35,2652.0,10000,240.0,0.0,240.0,0.09049773755656108,0.09049773755656108,0
128951,8143.498881941634,1,1987,7,1,1,1.0,1.0,3612.0,,,0,,6676.8,6028.8,10000,0,0,0,0,0,240.0,0.0,0.0,10000.0,1.0,2,37,3612.0,10000,240.0,0.0,240.0,0.0664451827242525,0.0664451827242525,0
131304,5187.5573072213365,1,1999,7,5,1,2.0,1.0,,780.0,,0,,9300.0,8340.0,25000,0,0,0,0,0,528.0,0.0,0.0,0.0,1.0,3,25,780.0,25000,528.0,0.0,528.0,0.676923076923077,0.676923076923077,1
132803,7169.38594135074,2,1997,6,5,2,9.0,,,525.0,,0,,2123.0,2097.8,1660,0,0,0,0,0,0.0,102.0,0.0,0.0,1.0,3,27,525.0,1660,102.0,0.0,102.0,0.19428571428571428,0.19428571428571428,0
132802,4735.470246664813,2,2003,6,5,1,2.0,1.0,,3084.0,,0,,3084.0,2808.0,0,0,0,0,0,0,0.0,0.0,0.0,0.0,1.0,3,21,3084.0,0,0.0,0.0,0.0,0.0,0.0,0
133303,8711.473978996071,1,1992,7,5,2,1.0,1.0,4440.0,,,0,,7957.0,7654.6,4840,0,0,0,0,0,0.0,470.0,0.0,0.0,1.0,3,32,4440.0,4840,470.0,0.0,470.0,0.10585585585585586,0.10585585585585586,0
134603,5533.82720911757,2,1996,7,5,2,6.0,,,,1780.0,0,,2980.0,2692.0,2880,0,0,0,0,0,120.0,0.0,120.0,2880.0,1.0,1,28,1780.0,2880,120.0,120.0,240.0,0.1348314606741573,0.1348314606741573,0
135104,8880.687867437904,2,1991,7,5,2,6.0,,,,1140.0,0,,12074.0,11246.0,24416,0,0,41000,0,0,616.0,108.0,584.0,21416.0,1.0,1,33,1140.0,65416,724.0,584.0,1308.0,1.1473684210526316,1.1473684210526316,1
135103,9707.598206969116,1,1989,7,1,3,1.0,1.0,6043.0,,,0,,13189.0,11833.0,24700,0,0,2000,0,0,0.0,1208.0,0.0,0.0,1.0,1,35,6043.0,26700,1208.0,0.0,1208.0,0.19990071156710243,0.19990071156710243,0
135151,4500.250349281443,2,1991,7,1,3,1.0,1.0,4308.0,,,0,,13189.0,11833.0,24700,0,0,2000,0,0,0.0,1208.0,0.0,0.0,1.0,1,33,4308.0,26700,1208.0,0.0,1208.0,0.28040854224698236,0.28040854224698236,0
135602,6311.877827663049,1,1990,7,1,2,1.0,1.0,3580.0,,,0,,5858.0,5474.0,8380,0,0,0,0,0,96.0,0.0,120.0,8380.0,1.0,2,34,3580.0,8380,96.0,120.0,216.0,0.060335195530726256,0.060335195530726256,0
135603,12720.002605893787,2,1993,7,5,1,1.0,1.0,4550.0,1500.0,,0,,6090.0,5538.0,7000,0,0,0,0,0,180.0,0.0,800.0,7000.0,1.0,3,31,6050.0,7000,180.0,800.0,980.0,0.16198347107438016,0.16198347107438016,0
137802,17747.8826728941,1,1988,6,5,2,2.0,1.0,,3052.0,,0,,8197.0,7525.0,0,0,0,0,0,0,0.0,0.0,0.0,0.0,1.0,3,36,3052.0,0,0.0,0.0,0.0,0.0,0.0,0
137803,8168.266505537437,1,1991,6,5,2,1.0,1.0,3243.0,,,0,,8197.0,7525.0,0,0,0,0,0,0,0.0,0.0,0.0,0.0,1.0,3,33,3243.0,0,0.0,0.0,0.0,0.0,0.0,0
138005,5055.92485643595,1,2001,7,5,2,9.0,,,,,1044,,2126.0,2124.8,0,0,0,0,0,0,0.0,0.0,,,,5,23,1044.0,0,0.0,0.0,0.0,0.0,0.0,0
140604,6702.654087945629,2,1994,7,5,2,1.0,1.0,3120.0,,,0,,6533.0,5957.0,700,0,0,0,0,0,0.0,0.0,0.0,0.0,1.0,3,30,3120.0,700,0.0,0.0,0.0,0.0,0.0,0
140603,7631.895063259217,2,1991,7,1,2,8.0,,1990.0,,,0,,6109.0,5329.0,12664,0,0,0,0,0,281.0,0.0,1751.0,12664.0,1.0,1,33,1990.0,12664,281.0,1751.0,2032.0,1.0211055276381908,1.0211055276381908,1
140651,4078.971284372903,1,1991,7,1,2,1.0,1.0,3655.0,,,0,,6109.0,5329.0,12664,0,0,0,0,0,281.0,0.0,1751.0,12664.0,1.0,1,33,3655.0,12664,281.0,1751.0,2032.0,0.5559507523939808,0.5559507523939808,1
143703,1635.5441265189902,2,2001,6,5,2,9.0,,,840.0,,0,,5884.0,5272.0,4070,0,0,0,0,0,89.0,0.0,329.0,4070.0,1.0,1,23,840.0,4070,89.0,329.0,418.0,0.4976190476190476,0.4976190476190476,1
144705,6311.877827663049,1,1990,7,5,2,1.0,1.0,4500.0,,,0,,4560.0,4008.0,0,0,0,0,0,0,0.0,0.0,0.0,0.0,1.0,3,34,4500.0,0,0.0,0.0,0.0,0.0,0.0,0
145404,7127.913771891133,1,1997,7,5,3,1.0,1.0,2772.0,,,0,,13305.0,10989.0,0,0,0,0,0,0,0.0,0.0,0.0,0.0,1.0,1,27,2772.0,0,0.0,0.0,0.0,0.0,0.0,0
145403,7164.67328606714,2,1996,7,5,3,1.0,1.0,4150.0,,,0,,4359.0,3891.0,0,0,0,0,0,0,0.0,0.0,0.0,0.0,1.0,3,28,4150.0,0,0.0,0.0,0.0,0.0,0.0,0
145604,7693.487792998176,1,1988,7,5,2,1.0,1.0,4056.0,,,0,,4116.0,3612.0,0,0,0,0,0,0,0.0,0.0,0.0,0.0,1.0,3,36,4056.0,0,0.0,0.0,0.0,0.0,0.0,0
147305,7877.946723440716,1,1996,7,5,2,2.0,1.0,,2400.0,,0,,18796.0,16588.0,0,0,0,25000,0,0,0.0,0.0,0.0,0.0,1.0,2,28,2400.0,25000,0.0,0.0,0.0,0.0,0.0,0
147304,6569.6244084673235,1,1996,5,5,2,5.0,,,,7200.0,0,,7360.0,6616.0,0,0,0,0,0,0,0.0,0.0,0.0,0.0,1.0,3,28,7200.0,0,0.0,0.0,0.0,0.0,0.0,0
147303,11912.32035074141,1,1994,7,5,3,1.0,1.0,4860.0,,,0,,4860.0,4188.0,0,0,0,0,0,0,0.0,0.0,0.0,0.0,1.0,3,30,4860.0,0,0.0,0.0,0.0,0.0,0.0,0
148105,6718.789904936691,2,1986,7,5,2,2.0,1.0,,4693.0,,0,,11282.0,10370.0,4800,0,0,500,0,0,120.0,100.0,154.0,3200.0,1.0,1,38,4693.0,5300,220.0,154.0,374.0,0.07969316002557,0.07969316002557,0
149902,7111.24916011132,1,1992,6,5,3,2.0,2.0,,4420.0,,0,,4620.0,4020.0,0,0,0,0,0,0,0.0,0.0,0.0,0.0,1.0,3,32,4420.0,0,0.0,0.0,0.0,0.0,0.0,0
150004,4797.023113293711,2,2001,7,5,2,9.0,,,200.0,,0,,6080.0,5912.0,500,0,0,0,0,0,36.0,19.0,80.0,0.0,1.0,1,23,200.0,500,55.0,80.0,135.0,0.675,0.675,1
150051,7556.327274264329,1,1998,7,5,2,2.0,1.0,,1650.0,,0,,6080.0,5912.0,500,0,0,0,0,0,36.0,19.0,80.0,0.0,1.0,1,26,1650.0,500,55.0,80.0,135.0,0.08181818181818182,0.08181818181818182,0
150503,5935.103987920368,2,1998,7,5,2,2.0,1.0,,840.0,,0,,5026.0,5002.0,0,0,0,0,0,0,0.0,0.0,0.0,0.0,1.0,3,26,840.0,0,0.0,0.0,0.0,0.0,0.0,0
150803,8061.236762409785,2,1992,7,5,2,1.0,1.0,4960.0,,,0,,10638.0,9474.0,10000,0,0,0,0,0,900.0,0.0,0.0,0.0,1.0,1,32,4960.0,10000,900.0,0.0,900.0,0.1814516129032258,0.1814516129032258,0
150905,11237.818696340984,1,1995,6,5,2,9.0,,,2400.0,,0,,10370.0,10262.0,22000,0,0,0,0,0,600.0,0.0,120.0,9000.0,1.0,1,29,2400.0,22000,600.0,120.0,720.0,0.3,0.3,0
151404,4796.719504242866,1,2000,5,5,2,1.0,1.0,3620.0,,,0,,17190.0,14358.0,4500,0,0,3000,0,0,0.0,168.0,0.0,0.0,1.0,1,24,3620.0,7500,168.0,0.0,168.0,0.04640883977900553,0.04640883977900553,0
153351,5201.560302218036,1,1993,6,1,2,6.0,,,,4200.0,0,,6184.0,6178.0,9700,0,0,0,0,0,0.0,0.0,0.0,0.0,1.0,3,31,4200.0,9700,0.0,0.0,0.0,0.0,0.0,0
154703,1488.6232239396659,2,2000,6,5,2,1.0,1.0,2616.0,,,0,,5212.0,4744.0,900,0,0,0,0,0,0.0,70.0,0.0,0.0,1.0,3,24,2616.0,900,70.0,0.0,70.0,0.026758409785932722,0.026758409785932722,0
154702,5608.966079756247,1,1998,6,5,3,9.0,,,2578.0,,0,,2688.0,2686.8,0,0,0,0,0,0,0.0,0.0,0.0,0.0,1.0,3,26,2578.0,0,0.0,0.0,0.0,0.0,0.0,0
155204,3508.2944709307676,2,1996,5,5,2,1.0,1.0,2600.0,,,0,,4178.0,3962.0,0,0,0,0,0,0,0.0,0.0,0.0,0.0,1.0,1,28,2600.0,0,0.0,0.0,0.0,0.0,0.0,0
157704,6639.817646577496,2,1997,7,5,1,1.0,1.0,3660.0,,,0,,3702.0,3270.0,0,0,0,0,0,0,0.0,0.0,0.0,0.0,1.0,3,27,3660.0,0,0.0,0.0,0.0,0.0,0.0,0
158005,3500.6022710867182,2,2000,7,5,2,2.0,1.0,,600.0,,0,,19834.0,18154.0,0,0,0,0,0,0,0.0,0.0,0.0,0.0,1.0,1,24,600.0,0,0.0,0.0,0.0,0.0,0.0,0
158004,6412.281400792993,2,1994,7,5,2,1.0,1.0,4948.0,,,0,,5188.0,4648.0,0,0,0,0,0,0,0.0,0.0,0.0,0.0,1.0,3,30,4948.0,0,0.0,0.0,0.0,0.0,0.0,0
158305,7007.3823753562165,2,1985,7,5,2,9.0,,,1840.0,,0,,14950.0,13666.0,35500,0,0,6000,0,0,0.0,0.0,0.0,0.0,1.0,1,39,1840.0,41500,0.0,0.0,0.0,0.0,0.0,0
159504,9321.524966555698,2,1994,6,5,2,1.0,1.0,3200.0,,,0,,9433.0,8929.0,0,0,0,0,0,0,0.0,0.0,0.0,0.0,1.0,1,30,3200.0,0,0.0,0.0,0.0,0.0,0.0,0
160103,12756.549241786446,2,1991,6,1,3,1.0,1.0,1584.0,,,0,,12128.0,10544.0,0,0,0,25000,0,0,0.0,315.0,0.0,0.0,1.0,3,33,1584.0,25000,315.0,0.0,315.0,0.19886363636363635,0.19886363636363635,0
160104,6379.739615084745,2,1998,7,5,3,1.0,1.0,3768.0,,,0,,12128.0,10544.0,0,0,0,25000,0,0,0.0,315.0,0.0,0.0,1.0,3,26,3768.0,25000,315.0,0.0,315.0,0.08359872611464968,0.08359872611464968,0
160151,6596.9966150851105,1,1987,7,1,3,1.0,1.0,5010.0,,,0,,12128.0,10544.0,0,0,0,25000,0,0,0.0,315.0,0.0,0.0,1.0,3,37,5010.0,25000,315.0,0.0,315.0,0.06287425149700598,0.06287425149700598,0
161003,11095.675197410916,1,1989,7,5,2,2.0,1.0,,3036.0,,0,,3036.0,2724.0,0,0,0,0,0,0,0.0,0.0,0.0,0.0,1.0,3,35,3036.0,0,0.0,0.0,0.0,0.0,0.0,0
162303,2738.359128668383,2,2002,7,5,2,3.0,1.0,,600.0,,0,,4480.0,4060.0,0,0,0,0,0,0,0.0,0.0,0.0,0.0,1.0,2,22,600.0,0,0.0,0.0,0.0,0.0,0.0,0
162304,4765.837116927335,2,2003,7,5,2,3.0,1.0,,600.0,,0,,4480.0,4060.0,0,0,0,0,0,0,0.0,0.0,0.0,0.0,1.0,2,21,600.0,0,0.0,0.0,0.0,0.0,0.0,0
162604,10188.09806094572,2,1995,6,5,2,1.0,1.0,4650.0,,,0,,13086.0,10890.0,15000,0,0,0,0,0,468.0,0.0,3000.0,15000.0,1.0,1,29,4650.0,15000,468.0,3000.0,3468.0,0.7458064516129033,0.7458064516129033,1
162605,9501.748256511068,2,1997,6,5,2,1.0,1.0,4650.0,,,0,,13086.0,10890.0,15000,0,0,0,0,0,468.0,0.0,3000.0,15000.0,1.0,1,27,4650.0,15000,468.0,3000.0,3468.0,0.7458064516129033,0.7458064516129033,1
162803,7811.84890040778,1,1986,6,1,3,1.0,1.0,7790.0,,,0,,11296.0,9652.0,47510,0,0,3000,0,0,333.0,1702.0,231.0,10510.0,1.0,1,38,7790.0,50510,2035.0,231.0,2266.0,0.2908857509627728,0.2908857509627728,0
163404,7241.471874321058,1,1991,6,5,3,2.0,1.0,,7260.0,,0,,7428.0,6120.0,3000,0,0,0,0,0,0.0,1620.0,,,,4,33,7260.0,3000,1620.0,0.0,1620.0,0.2231404958677686,0.2231404958677686,0
164104,14231.665758428266,2,1990,7,1,3,1.0,1.0,4520.0,,,0,,9475.0,8203.0,0,0,0,0,0,0,0.0,0.0,0.0,0.0,1.0,1,34,4520.0,0,0.0,0.0,0.0,0.0,0.0,0
164151,9042.01888570802,1,1988,5,1,3,1.0,1.0,4720.0,,,0,,9475.0,8203.0,0,0,0,0,0,0,0.0,0.0,0.0,0.0,1.0,1,36,4720.0,0,0.0,0.0,0.0,0.0,0.0,0
164304,3247.4368186524066,2,1992,6,1,3,2.0,1.0,,2400.0,,0,,5700.0,5004.0,4000,0,960,0,0,0,0.0,960.0,,,,6,32,2400.0,4960,960.0,0.0,960.0,0.4,0.4,1
165103,6858.65391450428,1,1996,6,5,3,1.0,1.0,3500.0,,,0,,3540.0,3192.0,0,0,0,0,0,0,0.0,0.0,0.0,0.0,1.0,3,28,3500.0,0,0.0,0.0,0.0,0.0,0.0,0
165303,1979.5598391214858,2,2001,7,5,2,9.0,,,240.0,,0,,11548.0,9688.0,5417,0,0,0,0,0,153.0,0.0,243.0,5417.0,1.0,1,23,240.0,5417,153.0,243.0,396.0,1.65,1.65,1
165606,4797.023113293711,2,1999,7,5,2,2.0,1.0,,1200.0,,0,,10540.0,8200.0,0,0,0,3000,0,0,0.0,0.0,0.0,0.0,1.0,1,25,1200.0,3000,0.0,0.0,0.0,0.0,0.0,0
166103,7266.376539512243,2,1986,6,1,3,1.0,1.0,2582.0,200.0,,0,,9202.0,8806.0,0,0,0,9200,0,0,660.0,0.0,0.0,9200.0,1.0,2,38,2782.0,9200,660.0,0.0,660.0,0.2372393961179008,0.2372393961179008,0
166152,2899.688239918089,1,1989,6,1,3,1.0,1.0,6000.0,,,0,,8515.0,7807.0,5780,0,60,0,0,0,163.0,0.0,110.0,5780.0,1.0,1,35,6000.0,5840,163.0,110.0,273.0,0.0455,0.0455,0
166105,11350.325390117616,1,1993,7,1,3,1.0,1.0,1878.0,2100.0,,0,,4952.0,4748.0,9500,0,0,0,0,0,240.0,0.0,0.0,9500.0,1.0,2,31,3978.0,9500,240.0,0.0,240.0,0.06033182503770739,0.06033182503770739,0
166203,11996.347991023655,1,1999,5,5,3,1.0,1.0,4625.0,,,0,,13680.0,12432.0,14875,0,5000,0,0,0,336.0,115.0,1464.0,14292.0,1.0,1,25,4625.0,19875,451.0,1464.0,1915.0,0.41405405405405404,0.41405405405405404,1
166304,10435.039061128407,2,2004,7,5,2,9.0,,,200.0,,0,,8618.0,7778.0,7635,0,0,0,0,0,240.0,25.0,480.0,7335.0,1.0,1,20,200.0,7635,265.0,480.0,745.0,3.725,3.725,1
166904,5483.682439719919,2,2003,7,5,2,3.0,1.0,,1200.0,,0,,11656.0,10924.0,14544,0,0,1000,0,0,744.0,0.0,456.0,14544.0,1.0,1,21,1200.0,15544,744.0,456.0,1200.0,1.0,1.0,1
167304,7482.650947417991,1,1986,6,5,2,1.0,1.0,260.0,1280.0,,0,,1515.0,1047.0,0,0,0,0,0,0,0.0,0.0,0.0,0.0,1.0,1,38,1540.0,0,0.0,0.0,0.0,0.0,0.0,0
168104,1304.6421185051424,2,2001,6,5,5,1.0,1.0,2500.0,,,0,,8933.0,8273.0,0,0,0,0,0,0,0.0,0.0,0.0,0.0,1.0,1,23,2500.0,0,0.0,0.0,0.0,0.0,0.0,0
170304,6022.398361193717,2,2004,5,5,2,2.0,1.0,,1232.0,,0,,3138.0,3112.8,500,0,0,0,0,0,0.0,34.0,0.0,0.0,1.0,3,20,1232.0,500,34.0,0.0,34.0,0.027597402597402596,0.027597402597402596,0
170403,8768.536461471753,2,1997,8,5,5,2.0,1.0,,810.0,,0,,3316.0,3220.0,0,0,0,0,0,0,0.0,0.0,0.0,0.0,1.0,3,27,810.0,0,0.0,0.0,0.0,0.0,0.0,0
170504,4104.953255077306,2,1996,5,5,2,2.0,1.0,,2307.0,,0,,3470.0,3266.0,0,0,0,0,0,0,0.0,0.0,,,,5,28,2307.0,0,0.0,0.0,0.0,0.0,0.0,0
170502,4741.951478002154,2,1994,5,5,2,6.0,,,,3732.0,0,,3972.0,3838.8,0,0,0,0,0,0,0.0,0.0,0.0,0.0,1.0,3,30,3732.0,0,0.0,0.0,0.0,0.0,0.0,0
170503,3724.503695173659,2,1996,5,5,2,6.0,,,,1800.0,0,,1800.0,1702.8,0,0,0,0,0,0,0.0,0.0,0.0,0.0,1.0,3,28,1800.0,0,0.0,0.0,0.0,0.0,0.0,0
171803,8326.333843743296,1,1999,7,5,2,9.0,,,360.0,,0,,6033.0,5901.0,8445,0,2560,0,0,5000,0.0,36.0,,,,5,25,360.0,16005,36.0,0.0,36.0,0.1,0.1,0
172304,13356.864309157754,1,2001,5,5,2,2.0,1.0,,3720.0,,0,,3732.0,3732.0,0,0,0,0,0,0,0.0,0.0,,,,6,23,3720.0,0,0.0,0.0,0.0,0.0,0.0,0
172404,15272.911181521631,2,1991,7,5,2,1.0,1.0,2720.0,,,0,,4824.0,4596.0,0,0,0,4000,0,0,0.0,0.0,0.0,0.0,1.0,1,33,2720.0,4000,0.0,0.0,0.0,0.0,0.0,0
172403,15803.934175960076,2,1989,7,1,1,1.0,1.0,6640.0,,,0,,18238.0,13954.0,53950,0,0,0,0,10000,666.0,150.0,50.0,49950.0,1.0,1,35,6640.0,63950,816.0,50.0,866.0,0.13042168674698795,0.13042168674698795,0
172451,7250.68233053623,1,1989,7,1,1,1.0,1.0,9370.0,,,0,,18238.0,13954.0,53950,0,0,0,0,10000,666.0,150.0,50.0,49950.0,1.0,1,35,9370.0,63950,816.0,50.0,866.0,0.09242262540021345,0.09242262540021345,0
172405,11517.09473269695,2,1993,7,5,1,1.0,1.0,4250.0,,,0,,4382.0,3746.0,0,0,0,0,0,0,0.0,0.0,0.0,0.0,1.0,3,31,4250.0,0,0.0,0.0,0.0,0.0,0.0,0
172803,3112.79865095584,2,2002,7,5,2,3.0,1.0,,554.0,,0,,3484.0,3184.0,0,0,0,0,0,0,0.0,0.0,0.0,0.0,1.0,1,22,554.0,0,0.0,0.0,0.0,0.0,0.0,0
174702,1303.0984865038813,2,2000,6,5,2,1.0,1.0,2463.0,756.0,,0,,3745.0,3505.0,0,0,0,0,0,0,0.0,0.0,0.0,0.0,1.0,3,24,3219.0,0,0.0,0.0,0.0,0.0,0.0,0
174802,3276.9353489781856,1,1989,6,5,2,2.0,1.0,,3120.0,,0,,4150.0,3850.0,0,0,0,0,0,0,0.0,0.0,0.0,0.0,1.0,3,35,3120.0,0,0.0,0.0,0.0,0.0,0.0,0
175503,5213.79868119596,2,1991,7,5,2,1.0,1.0,2353.0,,,0,,8233.0,6877.0,11110,0,0,0,0,0,120.0,0.0,360.0,10110.0,1.0,1,33,2353.0,11110,120.0,360.0,480.0,0.20399490012749683,0.20399490012749683,0
175504,2991.1380287601633,2,1993,6,5,2,1.0,1.0,3480.0,,,0,,8233.0,6877.0,11110,0,0,0,0,0,120.0,0.0,360.0,10110.0,1.0,1,31,3480.0,11110,120.0,360.0,480.0,0.13793103448275862,0.13793103448275862,0
175654,7081.41196806038,1,1986,7,1,2,1.0,1.0,6644.0,,,0,,7939.0,6619.0,13000,0,0,0,0,0,260.0,0.0,916.0,13000.0,1.0,1,38,6644.0,13000,260.0,916.0,1176.0,0.177001806140879,0.177001806140879,0
175803,7235.018514946451,1,1994,6,1,2,1.0,1.0,3180.0,,,0,,5132.0,4652.0,16748,0,0,0,0,0,432.0,0.0,84.0,16748.0,1.0,1,30,3180.0,16748,432.0,84.0,516.0,0.16226415094339622,0.16226415094339622,0
175851,3384.24189809526,2,1994,5,1,2,2.0,1.0,586.0,1260.0,,0,,5132.0,4652.0,16748,0,0,0,0,0,432.0,0.0,84.0,16748.0,1.0,1,30,1846.0,16748,432.0,84.0,516.0,0.27952329360780065,0.27952329360780065,0
176951,4845.739220040373,1,1989,6,1,3,1.0,1.0,2830.0,,,0,,12335.0,11795.0,0,0,0,0,0,0,0.0,0.0,0.0,0.0,1.0,1,35,2830.0,0,0.0,0.0,0.0,0.0,0.0,0
176903,6311.877827663049,1,1993,5,5,2,9.0,,,,,1440,,1698.0,1698.0,0,0,0,0,0,0,0.0,0.0,0.0,0.0,1.0,3,31,1440.0,0,0.0,0.0,0.0,0.0,0.0,0
177703,5000.299183216017,2,1993,7,5,1,1.0,1.0,4180.0,,,0,,4280.0,3764.0,2200,0,0,0,0,0,127.0,0.0,1000.0,2200.0,1.0,3,31,4180.0,2200,127.0,1000.0,1127.0,0.26961722488038276,0.26961722488038276,0
178151,6259.180296281478,2,1985,6,1,3,6.0,,,,2942.0,0,,5530.0,4882.0,43000,0,0,0,0,0,0.0,0.0,0.0,0.0,1.0,3,39,2942.0,43000,0.0,0.0,0.0,0.0,0.0,0
178602,7397.931129350134,1,1998,5,5,3,1.0,1.0,575.0,2486.0,,0,,10588.0,9760.0,0,0,0,3500,0,0,0.0,0.0,,,,4,26,3061.0,3500,0.0,0.0,0.0,0.0,0.0,0
179303,3433.4897737690258,2,1999,7,5,2,9.0,,,460.0,,0,,8102.0,7298.0,19960,0,0,0,0,0,277.0,0.0,40.0,19960.0,1.0,1,25,460.0,19960,277.0,40.0,317.0,0.6891304347826087,0.6891304347826087,1
179304,7773.549299606701,2,2004,7,5,2,3.0,1.0,,600.0,,0,,8102.0,7298.0,19960,0,0,0,0,0,277.0,0.0,40.0,19960.0,1.0,1,20,600.0,19960,277.0,40.0,317.0,0.5283333333333333,0.5283333333333333,1
179603,4483.260365157944,2,1999,7,5,2,1.0,1.0,3420.0,,,0,,10921.0,9577.0,6356,0,0,0,0,0,140.0,0.0,580.0,6356.0,1.0,1,25,3420.0,6356,140.0,580.0,720.0,0.21052631578947367,0.21052631578947367,0
180003,4257.909564262361,2,1999,7,5,2,2.0,1.0,,1650.0,,0,,16208.0,14924.0,0,0,0,0,0,0,0.0,0.0,0.0,0.0,1.0,1,25,1650.0,0,0.0,0.0,0.0,0.0,0.0,0
180004,14200.421563928561,1,2003,5,5,2,2.0,1.0,,5040.0,,0,,16208.0,14924.0,0,0,0,0,0,0,0.0,0.0,0.0,0.0,1.0,1,21,5040.0,0,0.0,0.0,0.0,0.0,0.0,0
184804,3369.6235191654628,1,1995,6,5,2,1.0,1.0,3136.0,,,0,,9208.0,8056.0,440,0,0,0,0,0,0.0,30.0,0.0,0.0,1.0,1,29,3136.0,440,30.0,0.0,30.0,0.009566326530612245,0.009566326530612245,0
184803,4570.396257703215,2,1990,6,1,2,1.0,1.0,3892.0,,,0,,8644.0,7588.0,20020,0,0,0,0,0,893.0,0.0,667.0,18220.0,1.0,1,34,3892.0,20020,893.0,667.0,1560.0,0.40082219938335045,0.40082219938335045,1
184851,5530.118060262261,1,1988,7,1,2,1.0,1.0,4550.0,,,0,,8644.0,7588.0,20020,0,0,0,0,0,893.0,0.0,667.0,18220.0,1.0,1,36,4550.0,20020,893.0,667.0,1560.0,0.34285714285714286,0.34285714285714286,0
186504,9867.295297329616,2,1985,6,5,2,8.0,,,400.0,,0,,4178.0,3986.0,4200,0,0,500,0,1700,0.0,202.0,0.0,1100.0,1.0,1,39,400.0,6400,202.0,0.0,202.0,0.505,0.505,1
187004,4460.174222746905,2,2001,6,5,2,1.0,1.0,2750.0,,,0,,8219.0,7355.0,3559,0,0,0,0,0,150.0,0.0,358.0,3559.0,1.0,1,23,2750.0,3559,150.0,358.0,508.0,0.18472727272727274,0.18472727272727274,0
187005,4936.489105848023,2,2001,7,5,2,9.0,,,192.0,,0,,8219.0,7355.0,3559,0,0,0,0,0,150.0,0.0,358.0,3559.0,1.0,1,23,192.0,3559,150.0,358.0,508.0,2.6458333333333335,2.6458333333333335,1
187003,6187.091681626331,2,1997,7,5,1,1.0,2.0,1824.0,852.0,,0,,2832.0,2628.0,0,0,0,0,0,0,0.0,0.0,,,,4,27,2676.0,0,0.0,0.0,0.0,0.0,0.0,0
189603,6514.703968792169,1,1995,7,5,2,1.0,1.0,3000.0,,,0,,18729.0,15621.0,14800,0,0,1000,0,0,0.0,496.0,0.0,0.0,1.0,1,29,3000.0,15800,496.0,0.0,496.0,0.16533333333333333,0.16533333333333333,0
190805,3746.1602677505557,2,2003,7,5,2,9.0,,,92.0,,0,,1640.0,1520.0,5888,0,0,0,0,0,158.0,54.0,212.0,4788.0,1.0,1,21,92.0,5888,212.0,212.0,424.0,4.608695652173913,4.608695652173913,1
192002,4105.985383538804,2,1998,6,5,2,1.0,1.0,3148.0,,,0,,4532.0,4256.0,0,0,0,0,0,2000,0.0,0.0,0.0,2000.0,1.0,3,26,3148.0,2000,0.0,0.0,0.0,0.0,0.0,0
192403,7820.09670461352,1,1990,7,5,2,3.0,2.0,,709.0,,0,,3681.0,3597.0,0,0,0,0,0,0,0.0,0.0,0.0,0.0,1.0,3,34,709.0,0,0.0,0.0,0.0,0.0,0.0,0
192404,11218.17862471894,2,1993,6,5,2,1.0,1.0,1226.0,,,0,,3681.0,3597.0,0,0,0,0,0,0,0.0,0.0,0.0,0.0,1.0,3,31,1226.0,0,0.0,0.0,0.0,0.0,0.0,0
192903,6578.126614340112,2,1992,7,5,2,2.0,1.0,,2640.0,,0,,19166.0,17942.0,0,0,0,8000,0,0,0.0,0.0,0.0,0.0,1.0,1,32,2640.0,8000,0.0,0.0,0.0,0.0,0.0,0
194951,5530.118060262261,1,1986,7,1,2,1.0,1.0,5652.0,,,0,,8635.0,8059.0,14000,0,0,0,0,0,262.0,0.0,600.0,14000.0,1.0,1,38,5652.0,14000,262.0,600.0,862.0,0.15251238499646144,0.15251238499646144,0
196703,4973.604007770467,1,1995,6,5,2,1.0,1.0,3480.0,,,0,,15374.0,14186.0,19400,0,0,1500,0,0,300.0,960.0,420.0,10000.0,1.0,1,29,3480.0,20900,1260.0,420.0,1680.0,0.4827586206896552,0.4827586206896552,1
197404,4692.2957894111605,2,1992,7,5,2,1.0,1.0,3050.0,,,0,,5486.0,4850.0,0,0,0,1000,0,0,0.0,0.0,0.0,0.0,1.0,1,32,3050.0,1000,0.0,0.0,0.0,0.0,0.0,0
197403,6489.726082275432,1,1989,7,5,2,1.0,1.0,3756.0,,,0,,3898.0,3574.0,0,0,0,0,0,0,0.0,0.0,0.0,0.0,1.0,3,35,3756.0,0,0.0,0.0,0.0,0.0,0.0,0
199002,16763.698703614467,1,1987,6,5,2,2.0,2.0,,1760.0,,0,,4982.0,4694.0,1386,0,0,0,0,0,0.0,94.0,,,,4,37,1760.0,1386,94.0,0.0,94.0,0.053409090909090906,0.053409090909090906,0
199403,4110.600580793541,1,1993,6,5,2,2.0,1.0,,2880.0,,0,,9064.0,8488.0,4700,0,0,0,0,0,252.0,0.0,108.0,4700.0,1.0,1,31,2880.0,4700,252.0,108.0,360.0,0.125,0.125,0
199604,7179.848405637694,2,1991,7,5,2,1.0,1.0,3480.0,,,0,,3786.0,3426.0,0,0,0,0,0,0,0.0,0.0,0.0,0.0,1.0,1,33,3480.0,0,0.0,0.0,0.0,0.0,0.0,0
200604,9128.406290744313,1,1993,5,5,2,2.0,1.0,,325.0,,0,,6023.0,5783.0,0,1000,0,0,0,0,0.0,144.0,0.0,0.0,1.0,3,31,325.0,1000,144.0,0.0,144.0,0.4430769230769231,0.4430769230769231,1
201103,11168.068815741328,1,1990,7,1,2,1.0,1.0,8420.0,,,0,,11311.0,9955.0,29800,0,0,0,0,0,1120.0,0.0,200.0,29800.0,1.0,1,34,8420.0,29800,1120.0,200.0,1320.0,0.15676959619952494,0.15676959619952494,0
201303,12202.28987369372,2,2003,7,5,2,9.0,,,496.0,,0,,42493.0,36349.0,9000,0,0,1000,0,0,336.0,0.0,1342.0,8200.0,1.0,1,21,496.0,10000,336.0,1342.0,1678.0,3.3830645161290325,3.3830645161290325,1
202103,14633.420168548308,2,2003,5,5,3,1.0,1.0,2790.0,,,0,,2990.0,2714.0,6000,0,0,0,0,0,72.0,0.0,0.0,6000.0,1.0,2,21,2790.0,6000,72.0,0.0,72.0,0.025806451612903226,0.025806451612903226,0
202803,4851.441648209399,2,2001,7,5,2,2.0,1.0,,2450.0,,0,,6226.0,5854.0,4643,0,0,0,0,700,0.0,94.0,0.0,0.0,1.0,1,23,2450.0,5343,94.0,0.0,94.0,0.03836734693877551,0.03836734693877551,0
202903,7915.705010859969,2,2004,5,5,2,1.0,1.0,1075.0,,,0,,6954.0,6762.0,10656,0,0,0,0,3150,300.0,0.0,240.0,13656.0,1.0,1,20,1075.0,13806,300.0,240.0,540.0,0.5023255813953489,0.5023255813953489,1
203303,11581.406510842062,1,1989,7,5,2,1.0,1.0,4370.0,,,0,,12352.0,10924.0,0,0,0,0,0,0,0.0,0.0,0.0,0.0,1.0,1,35,4370.0,0,0.0,0.0,0.0,0.0,0.0,0
203304,6170.576239858258,2,1991,7,5,2,1.0,1.0,3830.0,,,0,,3950.0,3542.0,0,0,0,0,0,0,0.0,0.0,0.0,0.0,1.0,3,33,3830.0,0,0.0,0.0,0.0,0.0,0.0,0
205102,10327.161628305801,1,1988,6,5,2,1.0,1.0,3370.0,,,0,,12187.0,11323.0,3435,0,0,0,0,0,105.0,0.0,315.0,3435.0,1.0,1,36,3370.0,3435,105.0,315.0,420.0,0.12462908011869436,0.12462908011869436,0
205103,5733.796185675152,1,1989,6,5,2,2.0,3.0,,4870.0,,0,,12187.0,11323.0,3435,0,0,0,0,0,105.0,0.0,315.0,3435.0,1.0,1,35,4870.0,3435,105.0,315.0,420.0,0.08624229979466119,0.08624229979466119,0
207604,7890.06324148918,1,1989,6,5,3,1.0,1.0,3100.0,,,0,,4400.0,4100.0,2750,0,0,0,0,0,80.0,0.0,268.0,2750.0,1.0,1,35,3100.0,2750,80.0,268.0,348.0,0.11225806451612903,0.11225806451612903,0
207603,18160.56304329588,1,1988,6,1,3,2.0,1.0,,1877.0,,0,,4727.0,4475.0,13500,0,0,0,0,0,780.0,0.0,0.0,13500.0,1.0,2,36,1877.0,13500,780.0,0.0,780.0,0.41555673947789024,0.41555673947789024,1
207651,7383.205822291435,2,1991,8,1,3,2.0,3.0,,2630.0,,0,,4727.0,4475.0,13500,0,0,0,0,0,780.0,0.0,0.0,13500.0,1.0,2,33,2630.0,13500,780.0,0.0,780.0,0.2965779467680608,0.2965779467680608,0
209951,4062.0772663107896,1,1990,5,1,2,5.0,,,,4500.0,0,,5206.0,4594.0,8000,0,0,0,0,0,420.0,0.0,180.0,8000.0,1.0,1,34,4500.0,8000,420.0,180.0,600.0,0.13333333333333333,0.13333333333333333,0
212103,13043.792173480546,2,1986,6,1,5,1.0,1.0,2100.0,,,0,,8350.0,7414.0,9000,0,0,0,0,0,62.0,240.0,0.0,3500.0,1.0,3,38,2100.0,9000,302.0,0.0,302.0,0.1438095238095238,0.1438095238095238,0
212303,4975.2119401983355,1,1996,6,5,2,1.0,1.0,2040.0,,,0,,5187.0,4623.0,6000,1000,0,0,0,0,204.0,17.0,0.0,6000.0,1.0,1,28,2040.0,7000,221.0,0.0,221.0,0.10833333333333334,0.10833333333333334,0
212402,7241.471874321058,1,1991,5,5,3,1.0,1.0,2532.0,,,0,,10487.0,9623.0,3752,0,0,0,0,0,0.0,54.0,0.0,0.0,1.0,3,33,2532.0,3752,54.0,0.0,54.0,0.02132701421800948,0.02132701421800948,0
212505,6395.502575957559,1,1997,7,5,2,6.0,,,,3000.0,0,,16585.0,14773.0,0,0,0,0,0,0,0.0,0.0,0.0,0.0,1.0,1,27,3000.0,0,0.0,0.0,0.0,0.0,0.0,0
212506,7347.509203469422,2,2002,7,5,2,9.0,,,330.0,,0,,16585.0,14773.0,0,0,0,0,0,0,0.0,0.0,0.0,0.0,1.0,1,22,330.0,0,0.0,0.0,0.0,0.0,0.0,0
212603,9979.746062798034,1,1993,7,5,1,1.0,1.0,5220.0,,,0,,5270.0,4502.0,35000,0,0,0,0,0,1020.0,0.0,264.0,35000.0,1.0,1,31,5220.0,35000,1020.0,264.0,1284.0,0.24597701149425288,0.24597701149425288,0
213103,8800.356470573264,2,1991,7,5,2,1.0,1.0,4550.0,,,0,,13228.0,12280.0,0,0,0,0,0,0,0.0,0.0,0.0,0.0,1.0,1,33,4550.0,0,0.0,0.0,0.0,0.0,0.0,0
213404,6395.502575957559,1,1997,7,5,2,1.0,1.0,2800.0,,,0,,27642.0,21894.0,13400,0,0,1000,0,0,480.0,690.0,720.0,13400.0,1.0,1,27,2800.0,14400,1170.0,720.0,1890.0,0.675,0.675,1
214404,18735.488888931377,1,1987,6,1,2,1.0,1.0,8300.0,,,0,,9622.0,8434.0,56000,0,0,0,0,0,720.0,0.0,480.0,26000.0,1.0,1,37,8300.0,56000,720.0,480.0,1200.0,0.14457831325301204,0.14457831325301204,0
214451,3854.0680662358327,2,1992,7,1,2,2.0,1.0,,560.0,,0,,9622.0,8434.0,56000,0,0,0,0,0,720.0,0.0,480.0,26000.0,1.0,1,32,560.0,56000,720.0,480.0,1200.0,2.142857142857143,2.142857142857143,1
214503,3826.194183313864,1,1993,7,5,2,2.0,1.0,,1890.0,,0,,8306.0,7538.0,0,0,780,3000,0,0,0.0,40.0,0.0,0.0,1.0,1,31,1890.0,3780,40.0,0.0,40.0,0.021164021164021163,0.021164021164021163,0
214504,3767.9217332005987,1,1995,7,5,2,1.0,1.0,4800.0,,,0,,8306.0,7538.0,0,0,780,3000,0,0,0.0,40.0,0.0,0.0,1.0,1,29,4800.0,3780,40.0,0.0,40.0,0.008333333333333333,0.008333333333333333,0
214704,3584.0527300365643,2,2000,5,5,2,2.0,1.0,,2326.0,,0,,8248.0,7228.0,0,0,0,200,0,0,0.0,0.0,0.0,0.0,1.0,3,24,2326.0,200,0.0,0.0,0.0,0.0,0.0,0
214703,14608.143692913067,2,1996,7,5,3,1.0,1.0,3696.0,,,0,,3780.0,3396.0,0,0,0,0,0,0,0.0,0.0,0.0,0.0,1.0,3,28,3696.0,0,0.0,0.0,0.0,0.0,0.0,0
215402,7558.126968081039,2,1988,5,5,2,3.0,1.0,,1200.0,,0,,3796.0,3794.8,700,0,1260,0,0,0,0.0,216.0,0.0,0.0,1.0,3,36,1200.0,1960,216.0,0.0,216.0,0.18,0.18,0
215503,1820.9738060665302,2,1989,7,5,2,1.0,1.0,2704.0,,,0,,4482.0,4194.0,1100,0,0,0,0,0,57.0,0.0,540.0,1100.0,1.0,1,35,2704.0,1100,57.0,540.0,597.0,0.22078402366863906,0.22078402366863906,0
215551,5530.118060262261,1,1985,7,1,2,1.0,1.0,3642.0,,,0,,5598.0,5142.0,9000,0,0,0,0,0,224.0,100.0,0.0,7000.0,1.0,2,39,3642.0,9000,324.0,0.0,324.0,0.08896210873146623,0.08896210873146623,0
216004,10586.364601299787,2,1991,7,5,2,1.0,1.0,3024.0,,,0,,10778.0,10010.0,0,0,0,0,0,0,0.0,0.0,0.0,0.0,1.0,1,33,3024.0,0,0.0,0.0,0.0,0.0,0.0,0
216502,3854.0680662358327,2,1993,5,1,2,2.0,1.0,,684.0,,0,,4743.0,4347.0,0,0,0,0,0,0,0.0,0.0,0.0,0.0,1.0,1,31,684.0,0,0.0,0.0,0.0,0.0,0.0,0
216803,2536.4803349103313,1,1995,6,5,2,1.0,1.0,4680.0,,,0,,8220.0,7452.0,0,0,0,0,0,0,0.0,0.0,0.0,0.0,1.0,2,29,4680.0,0,0.0,0.0,0.0,0.0,0.0,0
217003,9774.328299645824,1,2000,7,5,2,8.0,,,2100.0,,0,,9827.0,8891.0,2000,1000,0,0,0,0,0.0,177.0,0.0,0.0,1.0,1,24,2100.0,3000,177.0,0.0,177.0,0.08428571428571428,0.08428571428571428,0
217104,1670.5871092219668,1,1994,6,5,2,6.0,,,,3600.0,0,,11068.0,10276.0,8800,0,0,0,0,0,0.0,405.0,0.0,0.0,1.0,1,30,3600.0,8800,405.0,0.0,405.0,0.1125,0.1125,0
217103,11759.768667549974,2,1993,5,5,2,1.0,1.0,756.0,,,0,,1906.0,1811.2,0,0,0,0,0,0,0.0,0.0,0.0,0.0,1.0,3,31,756.0,0,0.0,0.0,0.0,0.0,0.0,0
217603,7284.330189032459,1,1986,6,5,2,1.0,1.0,4080.0,,,0,,12876.0,11880.0,0,0,0,6600,0,0,0.0,0.0,0.0,0.0,1.0,1,38,4080.0,6600,0.0,0.0,0.0,0.0,0.0,0
217604,3851.1987534630216,2,1988,6,5,2,1.0,1.0,2820.0,,,0,,12876.0,11880.0,0,0,0,6600,0,0,0.0,0.0,0.0,0.0,1.0,1,36,2820.0,6600,0.0,0.0,0.0,0.0,0.0,0
218704,12761.03707940943,1,1992,5,5,2,1.0,1.0,6000.0,,,0,,10300.0,8932.0,2000,0,0,10000,0,0,0.0,192.0,168.0,2000.0,1.0,1,32,6000.0,12000,192.0,168.0,360.0,0.06,0.06,0
218703,7491.377906341237,1,1991,7,5,1,2.0,1.0,,13160.0,,0,,13160.0,12356.0,3000,0,0,0,0,0,0.0,174.0,0.0,0.0,1.0,3,33,13160.0,3000,174.0,0.0,174.0,0.013221884498480243,0.013221884498480243,0
219904,6491.796923175376,2,1989,7,5,2,2.0,1.0,,2580.0,,0,,11494.0,11146.0,640,0,0,30500,0,0,0.0,0.0,0.0,0.0,1.0,1,35,2580.0,31140,0.0,0.0,0.0,0.0,0.0,0
220702,13838.945043149948,2,1996,5,5,2,2.0,1.0,,4408.0,,0,,4408.0,3676.0,1600,0,0,0,0,0,0.0,160.0,,,,4,28,4408.0,1600,160.0,0.0,160.0,0.036297640653357534,0.036297640653357534,0
221503,7136.8064991804495,2,2003,5,5,5,9.0,,,900.0,,0,,6148.0,5596.0,5300,0,0,0,0,0,0.0,324.0,0.0,0.0,1.0,1,21,900.0,5300,324.0,0.0,324.0,0.36,0.36,0
223203,4065.6308896895466,2,1990,7,1,5,1.0,1.0,4800.0,,,0,,9750.0,7938.0,25900,0,0,0,0,0,960.0,0.0,60.0,25900.0,1.0,1,34,4800.0,25900,960.0,60.0,1020.0,0.2125,0.2125,0
223251,2172.9323470049203,1,1989,7,1,5,1.0,1.0,4800.0,,,0,,9750.0,7938.0,25900,0,0,0,0,0,960.0,0.0,60.0,25900.0,1.0,1,35,4800.0,25900,960.0,60.0,1020.0,0.2125,0.2125,0
223204,3678.292470014855,2,1992,7,1,5,1.0,1.0,3600.0,,,0,,10480.0,9100.0,20000,0,0,41000,0,0,0.0,1100.0,0.0,0.0,1.0,3,32,3600.0,61000,1100.0,0.0,1100.0,0.3055555555555556,0.3055555555555556,0
223252,5530.118060262261,1,1986,8,1,5,1.0,1.0,4500.0,,,0,,10480.0,9100.0,20000,0,0,41000,0,0,0.0,1100.0,0.0,0.0,1.0,3,38,4500.0,61000,1100.0,0.0,1100.0,0.24444444444444444,0.24444444444444444,0
223303,5991.613686947343,1,1989,7,3,2,1.0,1.0,4620.0,,,0,,9580.0,8464.0,40000,0,0,0,0,0,0.0,0.0,0.0,0.0,1.0,2,35,4620.0,40000,0.0,0.0,0.0,0.0,0.0,0
223304,4099.919194661686,1,1992,7,1,2,1.0,1.0,3202.0,,,0,,6631.0,5359.0,14400,0,0,0,0,0,6.0,240.0,0.0,5000.0,1.0,3,32,3202.0,14400,246.0,0.0,246.0,0.07682698313554029,0.07682698313554029,0
223352,3854.0680662358327,2,1989,7,1,2,1.0,1.0,2515.0,,,0,,6631.0,5359.0,14400,0,0,0,0,0,6.0,240.0,0.0,5000.0,1.0,3,35,2515.0,14400,246.0,0.0,246.0,0.0978131212723658,0.0978131212723658,0
224703,1536.0982916296177,1,1993,7,5,5,2.0,3.0,,6490.0,,0,,16490.0,13478.0,42600,0,0,0,0,0,395.0,0.0,0.0,12600.0,1.0,2,31,6490.0,42600,395.0,0.0,395.0,0.06086286594761171,0.06086286594761171,0
225204,984.0533803668376,2,1989,6,1,2,2.0,1.0,,360.0,,0,,6200.0,5360.0,0,0,0,0,0,0,0.0,0.0,132.0,9118.0,1.0,3,35,360.0,0,0.0,132.0,132.0,0.36666666666666664,0.36666666666666664,0
225251,4062.0772663107896,1,1989,7,1,2,2.0,3.0,,5007.0,,0,,6200.0,5360.0,0,0,0,0,0,0,0.0,0.0,132.0,9118.0,1.0,3,35,5007.0,0,0.0,132.0,132.0,0.026363091671659677,0.026363091671659677,0
225205,5166.369031823544,1,1994,7,5,5,1.0,1.0,2120.0,,,0,,3028.0,2728.0,8480,0,0,0,0,0,120.0,24.0,0.0,8000.0,1.0,2,30,2120.0,8480,144.0,0.0,144.0,0.06792452830188679,0.06792452830188679,0
226303,7812.0367675850775,1,1987,7,1,1,1.0,1.0,5739.0,,,0,,11669.0,10085.0,28000,0,0,0,0,0,624.0,240.0,180.0,28000.0,1.0,1,37,5739.0,28000,864.0,180.0,1044.0,0.18191322530057502,0.18191322530057502,0
226351,9365.615010852873,2,1985,7,1,1,1.0,1.0,5840.0,,,0,,11669.0,10085.0,28000,0,0,0,0,0,624.0,240.0,180.0,28000.0,1.0,1,39,5840.0,28000,864.0,180.0,1044.0,0.17876712328767122,0.17876712328767122,0
227104,9548.945088116221,2,2000,7,5,2,1.0,1.0,1032.0,,,0,,10336.0,8320.0,13220,0,0,0,0,0,240.0,0.0,540.0,13220.0,1.0,1,24,1032.0,13220,240.0,540.0,780.0,0.7558139534883721,0.7558139534883721,1
227604,15599.386853490912,2,1994,7,5,2,1.0,1.0,4344.0,,,0,,21954.0,20526.0,0,0,0,500,0,0,0.0,0.0,0.0,0.0,1.0,1,30,4344.0,500,0.0,0.0,0.0,0.0,0.0,0
227605,4503.721199364725,2,1997,7,5,2,1.0,1.0,3764.0,,,0,,21954.0,20526.0,0,0,0,500,0,0,0.0,0.0,0.0,0.0,1.0,1,27,3764.0,500,0.0,0.0,0.0,0.0,0.0,0
228203,17716.59830870791,1,1996,8,5,2,6.0,,,,6100.0,0,,17597.0,15173.0,15700,0,0,0,0,0,588.0,0.0,1164.0,12000.0,1.0,1,28,6100.0,15700,588.0,1164.0,1752.0,0.2872131147540984,0.2872131147540984,0
228204,4883.036783651335,2,1997,7,5,2,2.0,1.0,,1200.0,,0,,17597.0,15173.0,15700,0,0,0,0,0,588.0,0.0,1164.0,12000.0,1.0,1,27,1200.0,15700,588.0,1164.0,1752.0,1.46,1.46,1
228503,4949.21789159885,2,2001,7,5,2,9.0,,,800.0,,0,,62220.0,60804.0,19000,0,3084,0,0,0,1200.0,0.0,1200.0,19000.0,1.0,1,23,800.0,22084,1200.0,1200.0,2400.0,3.0,3.0,1
228504,5244.67716041051,2,2003,6,5,2,9.0,,,140.0,,0,,62220.0,60804.0,19000,0,3084,0,0,0,1200.0,0.0,1200.0,19000.0,1.0,1,21,140.0,22084,1200.0,1200.0,2400.0,17.142857142857142,5.0,1
229004,2203.377998614627,2,1998,5,5,2,1.0,1.0,1840.0,1040.0,,0,,6526.0,6070.0,7320,0,0,0,0,0,264.0,0.0,180.0,7320.0,1.0,1,26,2880.0,7320,264.0,180.0,444.0,0.15416666666666667,0.15416666666666667,0
229003,6713.0126557426565,1,1996,5,5,2,1.0,1.0,4032.0,,,0,,4068.0,3672.0,3000,0,0,0,0,0,0.0,1092.0,0.0,0.0,1.0,3,28,4032.0,3000,1092.0,0.0,1092.0,0.2708333333333333,0.2708333333333333,0
229303,6847.187855410184,1,1995,7,5,2,2.0,1.0,,3280.0,,0,,8244.0,7656.0,0,0,0,0,0,0,0.0,0.0,0.0,0.0,1.0,3,29,3280.0,0,0.0,0.0,0.0,0.0,0.0,0
229304,3094.1713483974545,2,1997,6,5,2,2.0,1.0,,1896.0,,0,,8244.0,7656.0,0,0,0,0,0,0,0.0,0.0,0.0,0.0,1.0,3,27,1896.0,0,0.0,0.0,0.0,0.0,0.0,0
229905,7975.381349329173,1,1991,7,5,3,1.0,1.0,4536.0,,,0,,4584.0,4068.0,0,0,0,0,0,0,0.0,0.0,,,,4,33,4536.0,0,0.0,0.0,0.0,0.0,0.0,0
231203,6847.187855410184,1,1996,5,5,2,2.0,1.0,,3144.0,,0,,10688.0,9296.0,0,0,0,0,0,1044,0.0,0.0,,,,6,28,3144.0,1044,0.0,0.0,0.0,0.0,0.0,0
231204,11720.117551511863,1,1999,5,5,2,3.0,1.0,,2304.0,,0,,10688.0,9296.0,0,0,0,0,0,1044,0.0,0.0,,,,6,25,2304.0,1044,0.0,0.0,0.0,0.0,0.0,0
231304,10816.6436015027,1,1991,6,1,2,2.0,3.0,,4200.0,,0,,4300.0,3952.0,0,0,0,0,0,0,0.0,0.0,,,,5,33,4200.0,0,0.0,0.0,0.0,0.0,0.0,0
231404,6577.928533008897,2,1991,7,5,2,1.0,1.0,6110.0,,,0,,6290.0,5522.0,34000,0,0,0,0,0,0.0,0.0,,,,4,33,6110.0,34000,0.0,0.0,0.0,0.0,0.0,0
231403,13372.193701560322,1,1989,7,1,2,1.0,1.0,7993.0,,,0,,10397.0,8393.0,35820,0,0,0,0,0,369.0,0.0,80.0,3580.0,1.0,1,35,7993.0,35820,369.0,80.0,449.0,0.05617415238333542,0.05617415238333542,0
231451,5316.14424672519,2,1991,7,1,2,2.0,1.0,,1680.0,,0,,10397.0,8393.0,35820,0,0,0,0,0,369.0,0.0,80.0,3580.0,1.0,1,33,1680.0,35820,369.0,80.0,449.0,0.26726190476190476,0.26726190476190476,0
233704,6578.551606497402,1,1989,6,5,2,2.0,3.0,,1560.0,,0,,5072.0,4712.0,0,0,0,0,0,0,0.0,0.0,0.0,0.0,1.0,1,35,1560.0,0,0.0,0.0,0.0,0.0,0.0,0
235104,6726.453074251869,2,1996,7,5,2,2.0,1.0,,1200.0,,0,,8731.0,8311.0,0,0,0,2000,0,0,0.0,0.0,0.0,0.0,1.0,1,28,1200.0,2000,0.0,0.0,0.0,0.0,0.0,0
235703,5938.507200550863,2,1989,7,5,1,1.0,1.0,5080.0,,,0,,5120.0,4376.0,0,0,0,0,0,0,0.0,0.0,0.0,0.0,1.0,3,35,5080.0,0,0.0,0.0,0.0,0.0,0.0,0
235704,8746.374631531888,1,1994,8,5,3,1.0,1.0,9556.0,,,0,,9866.0,8378.0,12500,0,0,0,0,0,360.0,0.0,4000.0,12500.0,1.0,2,30,9556.0,12500,360.0,4000.0,4360.0,0.4562578484721641,0.4562578484721641,1
238202,6970.893501716621,2,1986,3,1,3,1.0,1.0,3284.0,245.0,,0,,4281.0,3909.0,0,0,0,0,0,0,0.0,0.0,0.0,0.0,1.0,2,38,3529.0,0,0.0,0.0,0.0,0.0,0.0,0
238603,7303.440884217652,2,1987,6,1,2,1.0,1.0,4315.0,,,0,,11101.0,9985.0,13060,0,300,0,0,0,0.0,379.0,,,,5,37,4315.0,13360,379.0,0.0,379.0,0.08783314020857474,0.08783314020857474,0
238651,7628.0192265746455,1,1985,7,1,2,1.0,1.0,5896.0,,,0,,11101.0,9985.0,13060,0,300,0,0,0,0.0,379.0,,,,5,39,5896.0,13360,379.0,0.0,379.0,0.064280868385346,0.064280868385346,0
238604,4180.134318896945,1,1991,7,5,3,1.0,1.0,5350.0,,,0,,5410.0,4726.0,0,0,0,0,0,0,0.0,0.0,0.0,0.0,1.0,2,33,5350.0,0,0.0,0.0,0.0,0.0,0.0,0
238902,2450.0035540096987,2,1996,5,1,3,2.0,1.0,,1800.0,,0,,7419.0,6783.0,20000,0,0,0,0,0,408.0,0.0,360.0,20000.0,1.0,1,28,1800.0,20000,408.0,360.0,768.0,0.4266666666666667,0.4266666666666667,1
238951,7781.687299704353,1,1989,7,1,3,1.0,1.0,4745.0,,,0,,7419.0,6783.0,20000,0,0,0,0,0,408.0,0.0,360.0,20000.0,1.0,1,35,4745.0,20000,408.0,360.0,768.0,0.16185458377239198,0.16185458377239198,0
239003,4234.360278140519,1,1997,5,5,2,2.0,1.0,,3000.0,,0,,8518.0,8218.0,4000,0,180,0,0,0,0.0,68.0,0.0,4000.0,1.0,1,27,3000.0,4180,68.0,0.0,68.0,0.02266666666666667,0.02266666666666667,0
239451,7628.0192265746455,1,1985,6,1,2,1.0,1.0,4350.0,,,0,,7566.0,7038.0,0,0,0,0,0,0,0.0,0.0,0.0,0.0,1.0,1,39,4350.0,0,0.0,0.0,0.0,0.0,0.0,0
239403,1969.3353971189877,1,1995,6,5,2,1.0,1.0,3096.0,,,0,,3468.0,3156.0,9000,0,0,0,0,0,132.0,0.0,0.0,9000.0,1.0,2,29,3096.0,9000,132.0,0.0,132.0,0.04263565891472868,0.04263565891472868,0
239503,1787.9627798668532,2,2004,7,5,2,9.0,,,420.0,,0,,4161.0,4113.0,0,0,0,0,0,0,0.0,0.0,0.0,0.0,1.0,1,20,420.0,0,0.0,0.0,0.0,0.0,0.0,0
240303,3590.4481206702203,2,1995,6,5,2,1.0,1.0,5186.0,,,0,,15374.0,13994.0,3800,0,2700,0,0,0,164.0,300.0,360.0,3800.0,1.0,1,29,5186.0,6500,464.0,360.0,824.0,0.1588893173929811,0.1588893173929811,0
240304,8887.164540203828,1,1996,5,5,2,6.0,,,,6000.0,0,,15374.0,13994.0,3800,0,2700,0,0,0,164.0,300.0,360.0,3800.0,1.0,1,28,6000.0,6500,464.0,360.0,824.0,0.13733333333333334,0.13733333333333334,0
240305,4576.9862254380005,1,1999,6,5,2,9.0,,,300.0,,0,,15374.0,13994.0,3800,0,2700,0,0,0,164.0,300.0,360.0,3800.0,1.0,1,25,300.0,6500,464.0,360.0,824.0,2.7466666666666666,2.7466666666666666,1
242604,8533.973474868992,2,1994,7,5,2,9.0,,,530.0,,0,,5261.0,5009.0,0,0,0,0,0,0,0.0,0.0,0.0,0.0,1.0,3,30,530.0,0,0.0,0.0,0.0,0.0,0.0,0
242603,7315.846903121947,2,1987,6,5,1,1.0,1.0,2900.0,,,0,,2930.0,2642.0,1200,0,0,0,0,0,0.0,144.0,,,,4,37,2900.0,1200,144.0,0.0,144.0,0.0496551724137931,0.0496551724137931,0
244403,5603.063650648533,1,1991,5,5,2,1.0,1.0,3720.0,,,0,,6500.0,5732.0,2350,0,0,0,0,0,48.0,120.0,0.0,1350.0,1.0,3,33,3720.0,2350,168.0,0.0,168.0,0.04516129032258064,0.04516129032258064,0
244903,8406.00182659729,2,2002,7,5,2,9.0,,,180.0,,0,,6369.0,5529.0,0,0,0,0,0,0,0.0,0.0,0.0,0.0,1.0,1,22,180.0,0,0.0,0.0,0.0,0.0,0.0,0
245004,6847.187855410184,1,1995,6,5,2,1.0,1.0,3270.0,,,0,,4451.0,4127.0,0,0,0,0,0,0,0.0,0.0,0.0,0.0,1.0,1,29,3270.0,0,0.0,0.0,0.0,0.0,0.0,0
246504,8216.099671169943,2,1991,7,5,2,1.0,1.0,3815.0,,,0,,10731.0,9699.0,0,0,0,0,0,0,0.0,0.0,,,,4,33,3815.0,0,0.0,0.0,0.0,0.0,0.0,0
246505,7252.8894989534465,1,1993,7,5,2,1.0,1.0,3850.0,,,0,,10731.0,9699.0,0,0,0,0,0,0,0.0,0.0,,,,4,31,3850.0,0,0.0,0.0,0.0,0.0,0.0,0
246551,4845.739220040373,1,1989,7,1,3,1.0,1.0,5815.0,,,0,,7092.0,6228.0,1610,0,0,0,0,0,0.0,20.0,0.0,0.0,1.0,2,35,5815.0,1610,20.0,0.0,20.0,0.0034393809114359416,0.0034393809114359416,0
247103,14717.649970076885,1,1993,7,5,2,2.0,1.0,1786.0,700.0,,0,,12341.0,11441.0,4000,0,150,0,0,0,182.0,0.0,1000.0,4000.0,1.0,2,31,2486.0,4150,182.0,1000.0,1182.0,0.4754625905068383,0.4754625905068383,1
247104,8472.906121168466,2,1996,7,5,2,1.0,1.0,2635.0,,,0,,12341.0,11441.0,4000,0,150,0,0,0,182.0,0.0,1000.0,4000.0,1.0,2,28,2635.0,4150,182.0,1000.0,1182.0,0.44857685009487663,0.44857685009487663,1
247203,8698.336996479542,1,1991,7,5,2,2.0,1.0,,3996.0,,0,,12627.0,11199.0,2848,0,60,0,0,0,0.0,13.0,0.0,0.0,1.0,1,33,3996.0,2908,13.0,0.0,13.0,0.0032532532532532532,0.0032532532532532532,0
247204,11652.551977552434,2,1994,7,5,2,1.0,1.0,2800.0,,,0,,12627.0,11199.0,2848,0,60,0,0,0,0.0,13.0,0.0,0.0,1.0,1,30,2800.0,2908,13.0,0.0,13.0,0.004642857142857143,0.004642857142857143,0
247303,4841.740407000399,2,1998,7,5,2,1.0,1.0,3970.0,,,0,,17729.0,16397.0,0,0,280,0,0,0,0.0,0.0,0.0,0.0,1.0,1,26,3970.0,280,0.0,0.0,0.0,0.0,0.0,0
247304,5019.709113504999,1,2001,7,5,2,9.0,,,,,1000,,17729.0,16397.0,0,0,280,0,0,0,0.0,0.0,0.0,0.0,1.0,1,23,1000.0,280,0.0,0.0,0.0,0.0,0.0,0
248403,7564.482665369997,2,1993,7,5,2,2.0,1.0,,1000.0,,0,,3383.0,3131.0,0,0,20,0,0,0,0.0,0.0,0.0,0.0,1.0,1,31,1000.0,20,0.0,0.0,0.0,0.0,0.0,0
248604,4455.872531201509,1,1996,5,5,2,2.0,1.0,,1890.0,,0,,6450.0,5946.0,0,0,110,5500,0,0,0.0,0.0,0.0,0.0,1.0,1,28,1890.0,5610,0.0,0.0,0.0,0.0,0.0,0
249203,3520.6227531056484,1,2002,5,5,2,9.0,,,180.0,,0,,8420.0,8254.4,2200,0,150,0,0,0,62.0,0.0,238.0,2200.0,1.0,1,22,180.0,2350,62.0,238.0,300.0,1.6666666666666667,1.6666666666666667,1
249703,7877.216552829893,1,2000,7,5,2,2.0,1.0,,1200.0,,0,,10204.0,9784.0,0,0,230,0,0,0,0.0,0.0,0.0,0.0,1.0,1,24,1200.0,230,0.0,0.0,0.0,0.0,0.0,0
250103,7896.44140316461,2,1996,7,5,2,1.0,1.0,4000.0,,,0,,18736.0,15328.0,34000,0,0,1800,0,0,240.0,1320.0,204.0,10000.0,1.0,1,28,4000.0,35800,1560.0,204.0,1764.0,0.441,0.441,1
250104,11496.223791156834,1,2000,6,5,2,9.0,,,180.0,,0,,18736.0,15328.0,34000,0,0,1800,0,0,240.0,1320.0,204.0,10000.0,1.0,1,24,180.0,35800,1560.0,204.0,1764.0,9.8,5.0,1
251403,5663.188804831241,1,1998,5,5,2,2.0,1.0,,3035.0,,0,,11566.0,10270.0,2184,0,300,0,0,0,0.0,120.0,0.0,0.0,1.0,1,26,3035.0,2484,120.0,0.0,120.0,0.039538714991762765,0.039538714991762765,0
251404,5886.251473357886,1,2001,5,5,2,2.0,1.0,,2610.0,,0,,11566.0,10270.0,2184,0,300,0,0,0,0.0,120.0,0.0,0.0,1.0,1,23,2610.0,2484,120.0,0.0,120.0,0.04597701149425287,0.04597701149425287,0
252503,4437.068822217646,2,1999,7,5,2,2.0,1.0,,1900.0,,0,,9035.0,7991.0,9161,3000,6041,0,0,0,330.0,227.0,270.0,9161.0,1.0,1,25,1900.0,18202,557.0,270.0,827.0,0.43526315789473685,0.43526315789473685,1
253203,4845.277094017886,2,1995,7,5,3,2.0,1.0,,1764.0,,0,,2254.0,2170.0,2500,0,0,0,0,0,0.0,168.0,0.0,0.0,1.0,3,29,1764.0,2500,168.0,0.0,168.0,0.09523809523809523,0.09523809523809523,0
254003,6631.592266814491,2,2004,7,5,2,9.0,,,120.0,,0,,8154.0,7170.0,25700,0,400,0,0,0,340.0,344.0,428.0,15000.0,1.0,1,20,120.0,26100,684.0,428.0,1112.0,9.266666666666667,5.0,1
254203,6139.668256987006,1,2003,7,5,1,9.0,,,150.0,,0,,4369.0,3001.0,4800,0,0,0,0,0,0.0,250.0,0.0,0.0,1.0,3,21,150.0,4800,250.0,0.0,250.0,1.6666666666666667,1.6666666666666667,1
254902,7811.84890040778,1,1988,6,1,3,2.0,3.0,,3100.0,,0,,5273.0,5105.0,2000,0,0,0,0,0,0.0,170.0,,,,6,36,3100.0,2000,170.0,0.0,170.0,0.054838709677419356,0.054838709677419356,0
255503,7908.926066277907,1,1998,6,5,2,2.0,2.0,,6960.0,,0,,8064.0,7068.0,0,0,0,0,0,0,0.0,0.0,,,,5,26,6960.0,0,0.0,0.0,0.0,0.0,0.0,0
255603,2096.8678609700146,1,2002,7,5,2,9.0,,,1080.0,,0,,14347.0,12631.0,3000,0,500,700,0,0,0.0,159.0,0.0,0.0,1.0,1,22,1080.0,4200,159.0,0.0,159.0,0.14722222222222223,0.14722222222222223,0
255604,4874.128882569552,2,2005,5,5,2,9.0,,,720.0,,0,,14347.0,12631.0,3000,0,500,700,0,0,0.0,159.0,0.0,0.0,1.0,1,19,720.0,4200,159.0,0.0,159.0,0.22083333333333333,0.22083333333333333,0
256502,15302.083334772424,1,1989,6,5,2,1.0,1.0,4570.0,,,0,,4620.0,4032.0,0,0,0,0,0,0,0.0,0.0,,,,4,35,4570.0,0,0.0,0.0,0.0,0.0,0.0,0
257604,3802.032349876717,2,1999,5,5,1,2.0,2.0,,1200.0,,0,,10180.0,9256.0,30000,0,0,0,0,0,1440.0,0.0,0.0,30000.0,1.0,2,25,1200.0,30000,1440.0,0.0,1440.0,1.2,1.2,1
258403,2156.1418384775125,1,1999,7,5,2,2.0,1.0,,300.0,,0,,3986.0,3888.8,0,0,500,0,0,0,0.0,0.0,0.0,0.0,1.0,3,25,300.0,500,0.0,0.0,0.0,0.0,0.0,0
258802,5813.651332081151,2,1991,6,5,2,1.0,1.0,3360.0,,,0,,6278.0,5882.0,6500,0,130,0,0,0,396.0,0.0,0.0,6500.0,1.0,2,33,3360.0,6630,396.0,0.0,396.0,0.11785714285714285,0.11785714285714285,0
259303,4583.863902071488,1,1996,7,5,2,2.0,1.0,,1000.0,,0,,4355.0,3911.0,0,0,1000,0,0,0,0.0,96.0,0.0,0.0,1.0,3,28,1000.0,1000,96.0,0.0,96.0,0.096,0.096,0
261503,7593.59492147213,2,1995,7,5,2,1.0,1.0,5765.0,,,0,,15750.0,14478.0,7242,0,0,0,0,0,230.0,0.0,1450.0,7242.0,1.0,1,29,5765.0,7242,230.0,1450.0,1680.0,0.29141370338248046,0.29141370338248046,0
263403,1119.554197192705,2,2002,6,5,2,9.0,,,480.0,,0,,5969.0,5633.0,10550,0,0,0,0,0,154.0,44.0,0.0,8550.0,1.0,2,22,480.0,10550,198.0,0.0,198.0,0.4125,0.4125,1
264005,887.6904258586918,2,2002,7,5,5,2.0,1.0,,1200.0,,0,,6145.0,5509.0,0,0,0,0,0,10000,0.0,0.0,0.0,10000.0,1.0,1,22,1200.0,10000,0.0,0.0,0.0,0.0,0.0,0
265003,14552.625537348516,2,1985,6,1,3,1.0,1.0,2606.0,,,0,,7201.0,6037.0,13600,0,409,0,0,0,560.0,49.0,400.0,13600.0,1.0,1,39,2606.0,14009,609.0,400.0,1009.0,0.38718342287029933,0.38718342287029933,0
266904,4295.890189076424,1,1990,7,5,1,2.0,3.0,,2100.0,,0,,4740.0,4596.0,0,0,0,1500,0,0,0.0,0.0,0.0,0.0,1.0,1,34,2100.0,1500,0.0,0.0,0.0,0.0,0.0,0
269403,1478.8817423511177,2,1996,7,5,3,1.0,1.0,5220.0,,,0,,5420.0,4544.0,1700,0,0,0,0,0,0.0,26.0,0.0,1700.0,1.0,3,28,5220.0,1700,26.0,0.0,26.0,0.004980842911877395,0.004980842911877395,0
269503,2563.2078473258684,2,2004,7,5,2,9.0,,,92.0,,0,,8392.0,7972.0,0,0,0,0,0,324,0.0,0.0,0.0,0.0,1.0,1,20,92.0,324,0.0,0.0,0.0,0.0,0.0,0
269604,1638.159096767192,1,2001,5,5,2,1.0,1.0,3888.0,,,0,,5119.0,4639.0,0,0,0,0,0,0,0.0,0.0,0.0,0.0,1.0,3,23,3888.0,0,0.0,0.0,0.0,0.0,0.0,0
269603,3540.0344782317534,1,1998,6,5,2,2.0,1.0,,2775.0,,0,,2775.0,2595.0,0,0,0,0,0,0,0.0,19.0,0.0,0.0,1.0,3,26,2775.0,0,19.0,0.0,19.0,0.006846846846846847,0.006846846846846847,0
269804,1187.6988519982585,1,1990,7,5,2,9.0,,,1000.0,,0,,6019.0,5791.0,0,0,0,0,0,1000,0.0,0.0,0.0,0.0,1.0,1,34,1000.0,1000,0.0,0.0,0.0,0.0,0.0,0
271504,2972.202284280998,1,2001,5,5,2,2.0,1.0,,1350.0,,0,,32929.0,31609.0,552,0,0,0,0,0,48.0,0.0,816.0,552.0,1.0,1,23,1350.0,552,48.0,816.0,864.0,0.64,0.64,1
271505,3966.6699996019556,2,2003,5,5,2,1.0,1.0,2932.0,,,0,,32929.0,31609.0,552,0,0,0,0,0,48.0,0.0,816.0,552.0,1.0,1,21,2932.0,552,48.0,816.0,864.0,0.2946793997271487,0.2946793997271487,0
271604,1664.5918515561916,1,1991,6,5,2,1.0,1.0,276.0,,,0,,2940.0,2508.0,0,0,0,0,0,0,0.0,0.0,0.0,0.0,1.0,3,33,276.0,0,0.0,0.0,0.0,0.0,0.0,0
273603,410.49380335364424,1,1990,5,5,2,6.0,,,,3000.0,0,,3000.0,2856.0,3200,0,0,0,0,0,50.0,220.0,0.0,0.0,1.0,3,34,3000.0,3200,270.0,0.0,270.0,0.09,0.09,0
274603,2798.0480937342863,2,1999,7,5,4,1.0,1.0,4088.0,,,0,,4268.0,3692.0,0,0,0,0,0,0,0.0,0.0,,,,6,25,4088.0,0,0.0,0.0,0.0,0.0,0.0,0
274903,11855.227744006668,2,1997,7,5,2,2.0,3.0,,1500.0,,0,,4254.0,3894.0,0,0,0,20000,0,0,0.0,0.0,0.0,0.0,1.0,1,27,1500.0,20000,0.0,0.0,0.0,0.0,0.0,0
274904,12771.198740182768,1,1998,7,5,2,2.0,1.0,,3144.0,,0,,4254.0,3894.0,0,0,0,20000,0,0,0.0,0.0,0.0,0.0,1.0,1,26,3144.0,20000,0.0,0.0,0.0,0.0,0.0,0
276102,2107.796385797706,1,1994,5,5,2,2.0,1.0,,2400.0,,0,,9480.6,8904.6,5000,0,0,0,0,0,40.0,0.0,0.0,5000.0,1.0,1,30,2400.0,5000,40.0,0.0,40.0,0.016666666666666666,0.016666666666666666,0
276103,2877.4788371227464,1,1997,7,5,2,1.0,1.0,2880.0,,,0,,9480.6,8904.6,5000,0,0,0,0,0,40.0,0.0,0.0,5000.0,1.0,1,27,2880.0,5000,40.0,0.0,40.0,0.013888888888888888,0.013888888888888888,0
276202,14183.543781685974,2,1991,7,5,2,2.0,1.0,,1980.0,,0,,6184.0,6076.0,0,0,1920,0,0,0,0.0,0.0,0.0,0.0,1.0,3,33,1980.0,1920,0.0,0.0,0.0,0.0,0.0,0
276203,10490.578864005874,1,2001,7,5,2,2.0,1.0,,1154.0,,0,,6184.0,6076.0,0,0,1920,0,0,0,0.0,0.0,0.0,0.0,1.0,3,23,1154.0,1920,0.0,0.0,0.0,0.0,0.0,0
276604,6156.48623996647,1,2000,7,5,2,2.0,1.0,,3240.0,,0,,8031.0,7203.0,500,0,0,0,0,0,19.0,0.0,0.0,500.0,1.0,1,24,3240.0,500,19.0,0.0,19.0,0.005864197530864198,0.005864197530864198,0
276603,13846.362424977975,1,1994,7,5,3,2.0,1.0,,5500.0,,0,,5750.0,5066.0,4800,0,0,0,0,0,185.0,36.0,0.0,2800.0,1.0,3,30,5500.0,4800,221.0,0.0,221.0,0.04018181818181818,0.04018181818181818,0
276703,4200.084605458367,2,1997,7,5,2,9.0,,1240.0,,,0,,3982.0,3670.0,12000,0,0,9000,0,0,408.0,0.0,0.0,12000.0,1.0,1,27,1240.0,21000,408.0,0.0,408.0,0.32903225806451614,0.32903225806451614,0
276705,1575.0180958198437,2,2001,7,5,2,9.0,,,294.0,,0,,3982.0,3670.0,12000,0,0,9000,0,0,408.0,0.0,0.0,12000.0,1.0,1,23,294.0,21000,408.0,0.0,408.0,1.3877551020408163,1.3877551020408163,1
276903,8592.071144571964,1,1989,7,5,2,1.0,1.0,4464.0,,,0,,4512.0,4032.0,0,0,0,0,0,0,0.0,0.0,,,,6,35,4464.0,0,0.0,0.0,0.0,0.0,0.0,0
277104,4650.249528876227,1,1990,7,5,2,1.0,1.0,2070.0,,,0,,2216.0,2024.0,100,0,0,0,0,0,0.0,0.0,0.0,0.0,1.0,3,34,2070.0,100,0.0,0.0,0.0,0.0,0.0,0
277203,13940.485760010572,1,1995,7,5,2,1.0,1.0,1770.0,,,0,,8700.0,8064.0,0,0,0,0,0,0,0.0,0.0,0.0,0.0,1.0,1,29,1770.0,0,0.0,0.0,0.0,0.0,0.0,0
277204,6936.673151241479,2,1998,7,5,3,1.0,1.0,4220.0,,,0,,4470.0,3870.0,0,0,0,0,0,0,0.0,0.0,0.0,0.0,1.0,3,26,4220.0,0,0.0,0.0,0.0,0.0,0.0,0
277903,5933.82709009198,1,1992,5,5,2,9.0,,,,,216,,8463.0,8307.0,0,0,0,0,0,0,0.0,0.0,0.0,0.0,1.0,1,32,216.0,0,0.0,0.0,0.0,0.0,0.0,0
277904,10896.746689698715,1,1993,7,1,3,2.0,1.0,,6740.0,,0,,13309.0,11065.0,11887,0,0,0,0,0,373.0,0.0,167.0,11887.0,1.0,1,31,6740.0,11887,373.0,167.0,540.0,0.08011869436201781,0.08011869436201781,0
277951,5423.765338251343,2,1994,7,1,3,2.0,1.0,,6390.0,,0,,13309.0,11065.0,11887,0,0,0,0,0,373.0,0.0,167.0,11887.0,1.0,1,30,6390.0,11887,373.0,167.0,540.0,0.08450704225352113,0.08450704225352113,0
279503,4237.412090716757,2,1997,7,5,1,3.0,1.0,,380.0,,0,,4973.6,4793.6,5500,0,0,0,0,0,0.0,0.0,0.0,0.0,1.0,3,27,380.0,5500,0.0,0.0,0.0,0.0,0.0,0
280704,6428.688893631128,1,1994,6,5,2,2.0,1.0,,3000.0,,0,,6418.0,5950.0,0,0,0,0,0,0,0.0,0.0,0.0,0.0,1.0,1,30,3000.0,0,0.0,0.0,0.0,0.0,0.0,0
281003,10117.875562130703,1,1988,6,5,2,2.0,1.0,,1800.0,,0,,6760.0,6664.0,0,0,0,6000,0,0,0.0,0.0,0.0,0.0,1.0,1,36,1800.0,6000,0.0,0.0,0.0,0.0,0.0,0
281302,1549.6699939395035,2,2000,7,5,2,9.0,,,800.0,,0,,2856.0,2830.8,0,0,0,0,0,0,0.0,0.0,0.0,0.0,1.0,3,24,800.0,0,0.0,0.0,0.0,0.0,0.0,0
281551,3364.3573892466843,2,1989,6,1,2,2.0,1.0,,1800.0,,0,,6796.0,6448.0,0,0,0,0,0,0,0.0,0.0,,,,5,35,1800.0,0,0.0,0.0,0.0,0.0,0.0,0
282504,4037.8210143713627,1,1992,5,5,4,2.0,1.0,,550.0,,0,,4936.0,4228.0,0,0,0,0,0,0,0.0,0.0,0.0,0.0,1.0,3,32,550.0,0,0.0,0.0,0.0,0.0,0.0,0
282505,7919.9889605041535,1,1994,7,5,4,9.0,,,1620.0,,0,,4936.0,4228.0,0,0,0,0,0,0,0.0,0.0,0.0,0.0,1.0,3,30,1620.0,0,0.0,0.0,0.0,0.0,0.0,0
282904,2877.6812540600918,1,1993,5,5,2,9.0,,750.0,,,0,,13126.0,11950.0,0,0,0,0,0,0,0.0,0.0,0.0,0.0,1.0,1,31,750.0,0,0.0,0.0,0.0,0.0,0.0,0
283005,1729.2344842420296,2,1998,7,5,2,2.0,1.0,,1920.0,,0,,4265.0,4025.0,0,0,0,0,0,0,0.0,0.0,0.0,0.0,1.0,1,26,1920.0,0,0.0,0.0,0.0,0.0,0.0,0
283053,3162.693145876464,1,1988,7,1,4,1.0,1.0,8280.0,,,0,,12168.0,10776.0,0,0,0,4000,0,3500,0.0,0.0,,,,6,36,8280.0,7500,0.0,0.0,0.0,0.0,0.0,0
283203,4887.372390172112,1,1987,5,5,2,1.0,1.0,3700.0,,,0,,13180.0,11680.0,0,0,1750,1000,0,0,142.0,96.0,3234.0,0.0,1.0,1,37,3700.0,2750,238.0,3234.0,3472.0,0.9383783783783783,0.9383783783783783,1
283204,14353.823159060847,1,1987,7,5,2,1.0,1.0,4000.0,,,0,,13180.0,11680.0,0,0,1750,1000,0,0,142.0,96.0,3234.0,0.0,1.0,1,37,4000.0,2750,238.0,3234.0,3472.0,0.868,0.868,1
284902,841.2122037133347,1,1990,7,5,2,1.0,1.0,4000.0,,,0,,4388.0,3884.0,0,0,0,0,0,0,0.0,0.0,0.0,0.0,1.0,3,34,4000.0,0,0.0,0.0,0.0,0.0,0.0,0
284903,4911.888424615163,2,1994,7,5,3,1.0,1.0,3240.0,,,0,,3260.0,2876.0,0,0,0,0,0,5000,0.0,0.0,0.0,0.0,1.0,2,30,3240.0,5000,0.0,0.0,0.0,0.0,0.0,0
285102,3832.5063687476727,2,1988,7,1,3,1.0,1.0,7825.0,,,0,,18331.0,16015.0,30500,0,320,3000,0,0,660.0,696.0,2300.0,14500.0,1.0,2,36,7825.0,33820,1356.0,2300.0,3656.0,0.46722044728434503,0.46722044728434503,1
285152,10594.000717886895,1,1987,8,1,3,1.0,1.0,7860.0,,,0,,18331.0,16015.0,30500,0,320,3000,0,0,660.0,696.0,2300.0,14500.0,1.0,2,37,7860.0,33820,1356.0,2300.0,3656.0,0.46513994910941475,0.46513994910941475,1
285103,3667.792094313957,2,1988,7,1,3,1.0,1.0,6820.0,,,0,,33732.0,32664.0,21600,0,200,0,0,0,720.0,255.0,21200.0,16600.0,1.0,1,36,6820.0,21800,975.0,21200.0,22175.0,3.251466275659824,3.251466275659824,1
285151,10594.000717886895,1,1988,7,1,3,2.0,1.0,,1050.0,,0,,33732.0,32664.0,21600,0,200,0,0,0,720.0,255.0,21200.0,16600.0,1.0,1,36,1050.0,21800,975.0,21200.0,22175.0,21.11904761904762,5.0,1
285304,4387.190406391259,2,1995,5,1,3,1.0,1.0,603.0,,,0,,9067.0,8731.0,1253,0,0,0,0,0,0.0,229.0,0.0,0.0,1.0,3,29,603.0,1253,229.0,0.0,229.0,0.37976782752902155,0.37976782752902155,0
285351,4212.388602860829,1,1994,5,1,3,1.0,1.0,6648.0,,,0,,9067.0,8731.0,1253,0,0,0,0,0,0.0,229.0,0.0,0.0,1.0,3,30,6648.0,1253,229.0,0.0,229.0,0.03444645006016847,0.03444645006016847,0
285903,3150.504880152852,1,1994,5,5,2,1.0,1.0,3400.0,,,0,,6194.0,5618.0,0,0,0,300,0,0,0.0,0.0,0.0,0.0,1.0,1,30,3400.0,300,0.0,0.0,0.0,0.0,0.0,0
286004,10883.294407693525,1,1986,7,1,2,1.0,1.0,3600.0,,,0,,7930.0,7294.0,4036,0,0,7000,0,0,0.0,242.0,0.0,0.0,1.0,3,38,3600.0,11036,242.0,0.0,242.0,0.06722222222222222,0.06722222222222222,0
286051,5090.7542043926405,2,1986,7,1,2,2.0,1.0,,3700.0,,0,,7930.0,7294.0,4036,0,0,7000,0,0,0.0,242.0,0.0,0.0,1.0,3,38,3700.0,11036,242.0,0.0,242.0,0.0654054054054054,0.0654054054054054,0
286103,11257.202099155582,2,1993,7,5,2,2.0,1.0,,2520.0,,0,,12364.0,11680.0,3329,0,0,0,0,3000,38.0,98.0,397.0,1003.0,1.0,1,31,2520.0,6329,136.0,397.0,533.0,0.2115079365079365,0.2115079365079365,0
286853,3270.1607136944926,2,2000,7,5,2,2.0,1.0,,500.0,,0,,5271.0,5211.0,0,1300,0,0,0,0,0.0,45.0,0.0,0.0,1.0,3,24,500.0,1300,45.0,0.0,45.0,0.09,0.09,0
287104,13898.450778173548,2,1993,7,5,2,1.0,1.0,3700.0,,,0,,14508.0,10632.0,0,0,92,0,0,0,0.0,0.0,0.0,0.0,1.0,1,31,3700.0,92,0.0,0.0,0.0,0.0,0.0,0
288003,5365.901268279309,1,1998,6,5,2,9.0,,,240.0,,0,,1440.0,1188.0,0,0,0,0,0,0,0.0,0.0,,,,6,26,240.0,0,0.0,0.0,0.0,0.0,0.0,0
289603,6724.405736478271,2,1986,7,5,1,6.0,,,,2518.0,0,,3273.0,3189.0,0,0,0,0,0,0,0.0,0.0,0.0,0.0,1.0,2,38,2518.0,0,0.0,0.0,0.0,0.0,0.0,0
289604,7545.098182709929,2,1988,7,1,1,9.0,,,180.0,,0,,4620.0,3444.0,7000,0,0,0,0,0,455.0,0.0,0.0,0.0,1.0,1,36,180.0,7000,455.0,0.0,455.0,2.5277777777777777,2.5277777777777777,1
290404,5787.013539657723,2,1998,8,5,2,2.0,1.0,,850.0,,0,,8492.0,8096.0,3470,0,2724,0,0,0,120.0,108.0,239.0,3470.0,1.0,1,26,850.0,6194,228.0,239.0,467.0,0.5494117647058824,0.5494117647058824,1
290903,1590.77835742213,1,1999,5,5,3,2.0,1.0,,1600.0,,0,,2673.0,2536.2,0,0,0,0,0,0,0.0,0.0,,,,5,25,1600.0,0,0.0,0.0,0.0,0.0,0.0,0
291403,9143.07325610365,1,1998,7,5,2,9.0,,,,,979,,13677.0,11769.0,0,0,0,0,0,0,0.0,0.0,0.0,0.0,1.0,1,26,979.0,0,0.0,0.0,0.0,0.0,0.0,0
291504,2230.331156832935,1,1998,6,5,2,2.0,1.0,,880.0,,0,,9788.0,8180.0,0,0,0,0,0,0,0.0,0.0,0.0,0.0,1.0,1,26,880.0,0,0.0,0.0,0.0,0.0,0.0,0
291503,14941.15575539302,2,1996,6,5,2,3.0,1.0,,1736.0,,0,,2065.0,2056.6,600,0,0,0,0,0,0.0,6.0,0.0,0.0,1.0,1,28,1736.0,600,6.0,0.0,6.0,0.0034562211981566822,0.0034562211981566822,0
292303,10712.557748413417,1,1995,7,5,3,2.0,1.0,,3730.0,,0,,3780.0,3636.0,0,0,0,0,0,0,0.0,0.0,0.0,0.0,1.0,2,29,3730.0,0,0.0,0.0,0.0,0.0,0.0,0
293702,2176.387218698857,2,2001,7,5,2,9.0,,,462.0,,0,,3342.0,3330.0,750,0,0,0,0,0,0.0,0.0,0.0,0.0,1.0,3,23,462.0,750,0.0,0.0,0.0,0.0,0.0,0
294604,17959.75217590128,1,1986,5,1,2,1.0,1.0,7158.0,,,0,,7458.0,6378.0,9700,0,0,0,0,0,240.0,34.0,276.0,8800.0,1.0,1,38,7158.0,9700,274.0,276.0,550.0,0.07683710533668622,0.07683710533668622,0
295804,5850.379554849573,2,1989,5,5,2,1.0,1.0,1840.0,,,0,,3756.0,3480.0,0,0,0,0,0,0,0.0,0.0,0.0,0.0,1.0,2,35,1840.0,0,0.0,0.0,0.0,0.0,0.0,0
295803,7693.487792998176,1,1987,7,1,2,1.0,1.0,10271.0,,,0,,15218.0,12794.0,6300,0,0,0,0,0,78.0,173.0,421.0,3300.0,1.0,1,37,10271.0,6300,251.0,421.0,672.0,0.06542693019180217,0.06542693019180217,0
295851,7163.122229672606,2,1987,6,1,2,1.0,1.0,4873.0,,,0,,15218.0,12794.0,6300,0,0,0,0,0,78.0,173.0,421.0,3300.0,1.0,1,37,4873.0,6300,251.0,421.0,672.0,0.13790272932485123,0.13790272932485123,0
296603,6079.307361974463,1,1998,7,5,2,1.0,1.0,4500.0,,,0,,23981.0,7409.0,16000,0,0,0,0,0,0.0,540.0,0.0,0.0,1.0,1,26,4500.0,16000,540.0,0.0,540.0,0.12,0.12,0
297304,6077.524194218713,2,1993,7,5,2,1.0,1.0,6500.0,,,0,,11133.0,9909.0,0,0,0,0,0,0,0.0,0.0,0.0,0.0,1.0,1,31,6500.0,0,0.0,0.0,0.0,0.0,0.0,0
297651,7163.122229672606,2,1985,7,1,2,1.0,1.0,6860.0,,,0,,23660.0,19652.0,2958,0,0,35000,0,0,58.0,150.0,1940.0,0.0,1.0,1,39,6860.0,37958,208.0,1940.0,2148.0,0.3131195335276968,0.3131195335276968,0
298205,6574.218448068452,1,1994,7,5,2,1.0,1.0,4437.0,460.0,,0,,7380.0,6564.0,0,0,0,1000,0,0,0.0,0.0,0.0,0.0,1.0,1,30,4897.0,1000,0.0,0.0,0.0,0.0,0.0,0
299004,7404.693904349978,1,1997,6,5,2,2.0,1.0,,2520.0,,0,,2835.0,2787.0,0,0,0,0,0,0,0.0,0.0,0.0,0.0,1.0,3,27,2520.0,0,0.0,0.0,0.0,0.0,0.0,0
299503,6800.944725921064,1,1996,7,5,1,1.0,1.0,4343.0,,,0,,4393.0,3841.0,0,0,0,0,0,0,0.0,0.0,,,,4,28,4343.0,0,0.0,0.0,0.0,0.0,0.0,0
299805,6501.750337686565,1,1998,5,5,2,2.0,1.0,,2099.0,,0,,15504.0,13260.0,5000,0,0,13300,0,0,315.0,140.0,8500.0,0.0,1.0,1,26,2099.0,18300,455.0,8500.0,8955.0,4.266317293949499,4.266317293949499,1
300903,6293.938666592855,1,1997,7,5,3,2.0,1.0,,4200.0,,0,,4220.0,3896.0,3200,0,0,0,0,0,58.0,0.0,0.0,3200.0,1.0,2,27,4200.0,3200,58.0,0.0,58.0,0.01380952380952381,0.01380952380952381,0
301104,8118.277272717787,2,1992,7,1,4,1.0,1.0,5582.0,,,0,,5682.0,4842.0,0,0,0,0,0,0,0.0,0.0,0.0,0.0,1.0,3,32,5582.0,0,0.0,0.0,0.0,0.0,0.0,0
301105,3448.5499760556286,2,1999,7,5,2,1.0,1.0,216.0,1739.0,,0,,1955.0,1763.0,600,0,0,0,0,0,0.0,10.0,0.0,0.0,1.0,3,25,1955.0,600,10.0,0.0,10.0,0.005115089514066497,0.005115089514066497,0
303303,10954.680566009927,2,1994,5,1,2,1.0,1.0,3395.0,,,0,,9485.0,8621.0,2530,0,0,0,0,0,0.0,628.0,0.0,0.0,1.0,3,30,3395.0,2530,628.0,0.0,628.0,0.1849779086892489,0.1849779086892489,0
303351,7549.725501702661,1,1985,5,1,2,2.0,3.0,,6010.0,,0,,9485.0,8621.0,2530,0,0,0,0,0,0.0,628.0,0.0,0.0,1.0,3,39,6010.0,2530,628.0,0.0,628.0,0.10449251247920133,0.10449251247920133,0
306804,6583.570775734007,1,1989,7,5,3,6.0,,,,,0,7793.0,9643.0,9343.0,11300,0,0,20000,0,0,0.0,655.0,0.0,0.0,1.0,1,35,7793.0,31300,655.0,0.0,655.0,0.08404978827152573,0.08404978827152573,0
306803,7303.440884217652,2,1985,7,1,2,2.0,1.0,,1584.0,,0,,14288.0,11528.0,55000,0,0,0,0,0,0.0,3000.0,0.0,0.0,1.0,1,39,1584.0,55000,3000.0,0.0,3000.0,1.893939393939394,1.893939393939394,1
306805,7562.687099377998,2,1991,8,5,3,2.0,1.0,,4550.0,,0,,4550.0,3938.0,4132,0,0,0,0,0,90.0,100.0,0.0,2300.0,1.0,2,33,4550.0,4132,190.0,0.0,190.0,0.041758241758241756,0.041758241758241756,0
307203,9713.729011097714,1,1998,7,5,1,1.0,1.0,3288.0,,,0,,3648.0,3372.0,0,0,0,0,0,0,0.0,0.0,0.0,0.0,1.0,3,26,3288.0,0,0.0,0.0,0.0,0.0,0.0,0
309003,7309.013114702433,2,1985,6,1,3,2.0,1.0,,4000.0,,0,,10467.0,9183.0,6000,0,0,0,0,0,0.0,840.0,0.0,0.0,1.0,3,39,4000.0,6000,840.0,0.0,840.0,0.21,0.21,0
309303,8231.806826135446,1,1996,7,5,2,1.0,1.0,3842.0,,1500.0,0,,17516.0,14900.0,3778,0,0,19000,0,0,0.0,110.0,0.0,0.0,1.0,1,28,5342.0,22778,110.0,0.0,110.0,0.02059153874953201,0.02059153874953201,0
309304,6090.668839753008,1,2001,7,5,2,9.0,,,360.0,,0,,17516.0,14900.0,3778,0,0,19000,0,0,0.0,110.0,0.0,0.0,1.0,1,23,360.0,22778,110.0,0.0,110.0,0.3055555555555556,0.3055555555555556,0
309503,6489.726082275432,1,1992,7,5,2,8.0,,,826.0,,0,,3010.0,2968.0,230,0,0,3000,0,0,0.0,36.0,0.0,0.0,1.0,1,32,826.0,3230,36.0,0.0,36.0,0.043583535108958835,0.043583535108958835,0
310103,3567.4562417509956,2,2001,7,5,3,2.0,1.0,,2880.0,,0,,3648.0,3396.0,300,0,0,0,0,0,0.0,12.0,0.0,300.0,1.0,3,23,2880.0,300,12.0,0.0,12.0,0.004166666666666667,0.004166666666666667,0
310502,15349.299334779562,2,1989,6,5,2,1.0,1.0,2835.0,,,0,,2855.0,2579.0,360,0,0,0,0,0,0.0,60.0,0.0,0.0,1.0,2,35,2835.0,360,60.0,0.0,60.0,0.021164021164021163,0.021164021164021163,0
310604,11044.696975901254,2,1995,8,5,2,8.0,,,2392.0,,0,,10128.0,9132.0,0,0,0,0,0,0,0.0,0.0,0.0,0.0,1.0,1,29,2392.0,0,0.0,0.0,0.0,0.0,0.0,0
311003,2472.8004212537694,1,2004,7,5,2,3.0,1.0,,1131.0,,0,,10794.0,10326.0,37000,0,600,0,0,0,800.0,384.0,0.0,25000.0,1.0,1,20,1131.0,37600,1184.0,0.0,1184.0,1.0468611847922193,1.0468611847922193,1
311551,6879.392339555281,2,1991,6,1,1,1.0,1.0,3990.0,,,0,,13120.0,11416.0,13000,0,0,0,0,0,0.0,780.0,,,,5,33,3990.0,13000,780.0,0.0,780.0,0.19548872180451127,0.19548872180451127,0
312104,6858.818858292543,1,1997,8,5,1,1.0,1.0,5100.0,,,0,,5220.0,4272.0,0,0,0,0,0,0,0.0,0.0,0.0,0.0,1.0,3,27,5100.0,0,0.0,0.0,0.0,0.0,0.0,0
312903,4297.441492168542,1,1996,6,5,2,1.0,1.0,3120.0,,,0,,3170.0,2882.0,0,0,0,0,0,0,0.0,0.0,0.0,0.0,1.0,2,28,3120.0,0,0.0,0.0,0.0,0.0,0.0,0
313703,4795.078013916254,2,1992,7,1,2,1.0,1.0,4100.0,,,0,,25905.0,22365.0,27740,0,0,0,0,0,628.0,0.0,932.0,19000.0,1.0,1,32,4100.0,27740,628.0,932.0,1560.0,0.3804878048780488,0.3804878048780488,0
313751,3810.422197034544,1,1992,7,1,2,1.0,1.0,10040.0,,,0,,25905.0,22365.0,27740,0,0,0,0,0,628.0,0.0,932.0,19000.0,1.0,1,32,10040.0,27740,628.0,932.0,1560.0,0.1553784860557769,0.1553784860557769,0
313704,5635.525727365479,1,1994,7,5,1,1.0,1.0,4394.0,,,0,,4674.0,4278.0,8900,0,0,0,0,0,107.0,0.0,0.0,8900.0,1.0,3,30,4394.0,8900,107.0,0.0,107.0,0.0243513882567137,0.0243513882567137,0
314303,2142.9470554524887,1,1999,7,5,2,9.0,,,360.0,,0,,10692.0,9876.0,35000,0,0,0,0,0,1920.0,0.0,0.0,35000.0,1.0,1,25,360.0,35000,1920.0,0.0,1920.0,5.333333333333333,5.0,1
314405,5181.299809282189,1,1989,7,5,2,2.0,1.0,,4640.0,,0,,6874.0,6214.0,0,0,0,0,0,0,0.0,0.0,0.0,0.0,1.0,1,35,4640.0,0,0.0,0.0,0.0,0.0,0.0,0
315304,5450.755810056844,2,2000,7,5,2,9.0,,,769.0,,0,,3667.0,3667.0,0,0,0,0,0,0,0.0,0.0,0.0,0.0,1.0,3,24,769.0,0,0.0,0.0,0.0,0.0,0.0,0
315303,7438.372166165432,2,1992,8,1,2,1.0,1.0,5844.0,,,0,,12481.0,10345.0,40000,0,0,0,0,0,591.0,0.0,0.0,40000.0,1.0,1,32,5844.0,40000,591.0,0.0,591.0,0.10112936344969199,0.10112936344969199,0
315351,3810.422197034544,1,1991,8,1,2,1.0,1.0,6637.0,,,0,,12481.0,10345.0,40000,0,0,0,0,0,591.0,0.0,0.0,40000.0,1.0,1,33,6637.0,40000,591.0,0.0,591.0,0.08904625583848125,0.08904625583848125,0
316003,2887.117496426234,2,1985,7,5,2,2.0,3.0,,3000.0,,0,,5807.0,5363.0,0,0,0,0,0,0,0.0,0.0,0.0,0.0,1.0,2,39,3000.0,0,0.0,0.0,0.0,0.0,0.0,0
316103,12032.285533008422,1,1988,7,5,2,1.0,1.0,3870.0,,,0,,11308.0,10456.0,19272,0,0,12000,0,0,832.0,0.0,728.0,19272.0,1.0,1,36,3870.0,31272,832.0,728.0,1560.0,0.40310077519379844,0.40310077519379844,1
316204,8356.915196391326,1,1987,6,5,2,2.0,1.0,,6600.0,,0,,8522.0,7430.0,0,0,0,0,0,0,0.0,0.0,0.0,0.0,1.0,1,37,6600.0,0,0.0,0.0,0.0,0.0,0.0,0
316303,3192.030766278316,2,1988,6,1,2,1.0,1.0,3600.0,,,0,,6860.0,6464.0,8847,0,0,0,0,0,229.0,0.0,550.0,8847.0,1.0,1,36,3600.0,8847,229.0,550.0,779.0,0.21638888888888888,0.21638888888888888,0
316351,1706.0247456971426,1,1988,7,1,2,1.0,1.0,3200.0,,,0,,6860.0,6464.0,8847,0,0,0,0,0,229.0,0.0,550.0,8847.0,1.0,1,36,3200.0,8847,229.0,550.0,779.0,0.2434375,0.2434375,0
316604,3374.019716313425,1,1992,6,5,2,1.0,1.0,10520.0,,,0,,17820.0,15204.0,50000,0,0,0,0,0,0.0,200.0,0.0,0.0,1.0,1,32,10520.0,50000,200.0,0.0,200.0,0.019011406844106463,0.019011406844106463,0
317302,15710.744418276938,1,1987,7,5,2,1.0,1.0,5515.0,,,0,,15006.0,12954.0,0,0,0,0,0,0,0.0,0.0,0.0,0.0,1.0,1,37,5515.0,0,0.0,0.0,0.0,0.0,0.0,0
317303,5187.514472904841,1,1985,7,5,2,1.0,1.0,5515.0,,,0,,15006.0,12954.0,0,0,0,0,0,0,0.0,0.0,0.0,0.0,1.0,1,39,5515.0,0,0.0,0.0,0.0,0.0,0.0,0
318405,11375.726057462343,2,1994,7,5,2,2.0,1.0,,3514.0,,0,,3880.0,3472.0,0,0,0,0,0,7000,0.0,0.0,0.0,7000.0,1.0,2,30,3514.0,7000,0.0,0.0,0.0,0.0,0.0,0
318951,7907.385016355239,1,1985,7,5,3,1.0,1.0,6000.0,,,0,,6310.0,5182.0,0,0,0,0,0,0,0.0,0.0,0.0,0.0,1.0,2,39,6000.0,0,0.0,0.0,0.0,0.0,0.0,0
319104,4457.85695354574,1,1986,7,5,2,9.0,,,800.0,,0,,4002.0,3910.8,4500,0,0,0,0,0,0.0,209.0,0.0,0.0,1.0,1,38,800.0,4500,209.0,0.0,209.0,0.26125,0.26125,0
319105,5238.823986303273,1,1986,7,5,2,2.0,1.0,,198.0,,0,,4002.0,3910.8,4500,0,0,0,0,0,0.0,209.0,0.0,0.0,1.0,1,38,198.0,4500,209.0,0.0,209.0,1.0555555555555556,1.0555555555555556,1
320204,2007.0672248828243,1,1989,6,1,3,1.0,1.0,3836.0,,,0,,7122.0,6330.0,0,0,0,0,0,0,0.0,0.0,,,,5,35,3836.0,0,0.0,0.0,0.0,0.0,0.0,0
320253,938.8228904611874,2,1989,5,1,3,2.0,2.0,,3085.0,,0,,7122.0,6330.0,0,0,0,0,0,0,0.0,0.0,,,,5,35,3085.0,0,0.0,0.0,0.0,0.0,0.0,0
322004,6173.147690315397,1,1994,5,5,2,2.0,3.0,,600.0,,0,,6831.0,6567.0,0,0,0,0,0,0,0.0,0.0,0.0,0.0,1.0,1,30,600.0,0,0.0,0.0,0.0,0.0,0.0,0
322104,14314.422886507995,2,1995,7,5,2,1.0,1.0,6510.0,,,0,,8532.0,7488.0,40000,0,40,3000,0,0,0.0,1800.0,0.0,0.0,1.0,3,29,6510.0,43040,1800.0,0.0,1800.0,0.2764976958525346,0.2764976958525346,0
322303,2541.0589060913403,2,1989,7,5,1,1.0,1.0,5220.0,,,0,,6528.0,5772.0,12000,0,0,0,0,0,300.0,0.0,0.0,12000.0,1.0,2,35,5220.0,12000,300.0,0.0,300.0,0.05747126436781609,0.05747126436781609,0
322304,7215.892415966193,2,1991,7,5,1,2.0,1.0,805.0,201.0,,0,,6528.0,5772.0,12000,0,0,0,0,0,300.0,0.0,0.0,12000.0,1.0,2,33,1006.0,12000,300.0,0.0,300.0,0.2982107355864811,0.2982107355864811,0
323003,2360.724935824149,2,2001,6,5,2,1.0,1.0,2100.0,,,0,,8620.0,7744.0,3882,0,0,0,0,0,400.0,0.0,224.0,2882.0,1.0,2,23,2100.0,3882,400.0,224.0,624.0,0.29714285714285715,0.29714285714285715,0
323303,5187.514472904841,1,1985,7,5,2,1.0,1.0,5262.0,,,0,,7632.0,6852.0,0,0,0,0,0,0,0.0,0.0,0.0,0.0,1.0,1,39,5262.0,0,0.0,0.0,0.0,0.0,0.0,0
325251,3810.422197034544,1,1989,7,1,2,1.0,1.0,6600.0,,,0,,8050.0,7210.0,39147,0,0,16000,0,0,987.0,0.0,353.0,39147.0,1.0,1,35,6600.0,55147,987.0,353.0,1340.0,0.20303030303030303,0.20303030303030303,0
325703,4601.093023873097,2,2001,7,5,2,9.0,,,180.0,,0,,15424.0,13036.0,0,0,0,0,0,0,0.0,0.0,0.0,0.0,1.0,2,23,180.0,0,0.0,0.0,0.0,0.0,0.0,0
325704,9104.433398883279,1,2004,5,5,2,9.0,,,3016.0,,0,,15424.0,13036.0,0,0,0,0,0,0,0.0,0.0,0.0,0.0,1.0,2,20,3016.0,0,0.0,0.0,0.0,0.0,0.0,0
325805,9692.987296551077,1,1997,6,5,2,9.0,,,3443.0,,0,,5921.0,5369.0,0,0,0,0,0,0,0.0,0.0,0.0,0.0,1.0,1,27,3443.0,0,0.0,0.0,0.0,0.0,0.0,0
326403,3989.638579878441,2,1989,7,1,3,1.0,1.0,4725.0,,,0,,14776.0,12508.0,17000,0,0,0,0,0,580.0,0.0,2440.0,17000.0,1.0,1,35,4725.0,17000,580.0,2440.0,3020.0,0.6391534391534391,0.6391534391534391,1
326451,10594.000717886895,1,1986,7,1,3,1.0,1.0,9180.0,,,0,,14776.0,12508.0,17000,0,0,0,0,0,580.0,0.0,2440.0,17000.0,1.0,1,38,9180.0,17000,580.0,2440.0,3020.0,0.3289760348583878,0.3289760348583878,0
326404,8635.944353170551,2,1994,7,1,2,3.0,1.0,,2160.0,,0,,33250.0,31822.0,10000,0,0,0,0,0,270.0,0.0,0.0,10000.0,1.0,2,30,2160.0,10000,270.0,0.0,270.0,0.125,0.125,0
326454,5156.2886888586045,1,1988,7,1,2,5.0,,,,31000.0,0,,33250.0,31822.0,10000,0,0,0,0,0,270.0,0.0,0.0,10000.0,1.0,2,36,31000.0,10000,270.0,0.0,270.0,0.008709677419354838,0.008709677419354838,0
326503,10116.75311698725,1,1991,7,5,3,1.0,1.0,6020.0,,,0,,6040.0,5092.0,18000,0,0,0,0,0,1080.0,0.0,5000.0,18000.0,1.0,2,33,6020.0,18000,1080.0,5000.0,6080.0,1.0099667774086378,1.0099667774086378,1
326803,15349.504301161207,2,1985,7,1,3,1.0,1.0,4910.0,,,0,,8290.0,5686.0,0,0,0,30000,0,0,0.0,0.0,0.0,0.0,1.0,2,39,4910.0,30000,0.0,0.0,0.0,0.0,0.0,0
327105,3905.2517086403805,1,1994,6,5,2,1.0,1.0,6280.0,,,0,,13224.0,12084.0,0,0,0,0,0,0,0.0,0.0,0.0,0.0,1.0,1,30,6280.0,0,0.0,0.0,0.0,0.0,0.0,0
327403,5543.235145584948,2,1995,7,5,5,2.0,1.0,,2700.0,,0,,16622.0,14882.0,13000,0,0,2500,0,10000,0.0,1315.0,,,,6,29,2700.0,25500,1315.0,0.0,1315.0,0.48703703703703705,0.48703703703703705,1
327704,4356.331497842523,1,1991,8,1,3,1.0,1.0,4702.0,,,0,,5272.0,4636.0,6000,0,0,500,0,0,174.0,0.0,0.0,6000.0,1.0,1,33,4702.0,6500,174.0,0.0,174.0,0.03700552956188856,0.03700552956188856,0
327703,7679.804812494575,2,1988,7,1,5,9.0,,,500.0,,0,,6794.0,5822.0,0,0,0,0,0,0,0.0,0.0,,,,5,36,500.0,0,0.0,0.0,0.0,0.0,0.0,0
327752,4104.577308794454,1,1988,6,1,5,1.0,1.0,4760.0,,,0,,6794.0,5822.0,0,0,0,0,0,0,0.0,0.0,,,,5,36,4760.0,0,0.0,0.0,0.0,0.0,0.0,0
328304,3895.464170523212,2,1995,6,5,5,2.0,1.0,,840.0,,0,,15063.0,14115.0,0,0,0,2500,0,0,0.0,0.0,0.0,0.0,1.0,1,29,840.0,2500,0.0,0.0,0.0,0.0,0.0,0
328303,6679.406892606858,1,1988,7,1,2,1.0,1.0,6000.0,,,0,,8176.0,6940.0,5000,0,0,0,0,0,126.0,0.0,0.0,5000.0,1.0,1,36,6000.0,5000,126.0,0.0,126.0,0.021,0.021,0
328351,4921.874342217176,2,1988,7,1,2,1.0,1.0,1294.0,,,0,,8176.0,6940.0,5000,0,0,0,0,0,126.0,0.0,0.0,5000.0,1.0,1,36,1294.0,5000,126.0,0.0,126.0,0.0973724884080371,0.0973724884080371,0
328905,1282.5491434610465,1,1990,7,1,3,1.0,1.0,3021.0,1219.0,,0,,6484.0,6124.0,10450,0,0,0,0,0,312.0,60.0,299.0,9750.0,1.0,1,34,4240.0,10450,372.0,299.0,671.0,0.15825471698113208,0.15825471698113208,0
328951,7383.205822291435,2,1989,8,1,3,2.0,3.0,,249.0,,0,,6484.0,6124.0,10450,0,0,0,0,0,312.0,60.0,299.0,9750.0,1.0,1,35,249.0,10450,372.0,299.0,671.0,2.6947791164658637,2.6947791164658637,1
328903,3377.5552061825183,2,1985,7,1,1,1.0,1.0,5379.0,,,0,,5539.0,4759.0,10000,0,0,0,0,0,240.0,0.0,0.0,10000.0,1.0,2,39,5379.0,10000,240.0,0.0,240.0,0.044617958728388175,0.044617958728388175,0
329103,2892.924204559708,2,1992,7,1,2,1.0,1.0,4356.0,,,0,,11088.0,9696.0,2000,0,0,0,0,0,96.0,0.0,0.0,2000.0,1.0,2,32,4356.0,2000,96.0,0.0,96.0,0.02203856749311295,0.02203856749311295,0
329151,1546.1631299247824,1,1992,7,1,2,1.0,1.0,5520.0,,,0,,11088.0,9696.0,2000,0,0,0,0,0,96.0,0.0,0.0,2000.0,1.0,2,32,5520.0,2000,96.0,0.0,96.0,0.017391304347826087,0.017391304347826087,0
330304,878.5020722031564,1,1993,7,5,5,2.0,1.0,,3280.0,,0,,9458.0,8750.0,0,0,0,0,0,0,0.0,0.0,0.0,0.0,1.0,1,31,3280.0,0,0.0,0.0,0.0,0.0,0.0,0
330552,4921.874342217176,2,1987,6,1,5,6.0,,,,635.0,0,,9082.0,8182.0,0,0,0,0,0,0,0.0,0.0,0.0,0.0,1.0,1,37,635.0,0,0.0,0.0,0.0,0.0,0.0,0
331804,3810.422197034544,1,1989,6,5,5,1.0,1.0,3030.0,,,0,,5503.0,5095.0,0,0,0,0,0,0,0.0,0.0,,,,5,35,3030.0,0,0.0,0.0,0.0,0.0,0.0,0
331904,5176.656190334089,2,1990,6,5,5,9.0,,,560.0,,0,,10713.0,9945.0,2050,0,0,0,0,0,60.0,0.0,106.0,2050.0,1.0,1,34,560.0,2050,60.0,106.0,166.0,0.29642857142857143,0.29642857142857143,0
333102,2069.420321834154,1,1992,5,5,5,1.0,1.0,3428.0,,,0,,9899.0,8939.0,8000,0,0,0,0,0,256.0,0.0,0.0,8000.0,1.0,2,32,3428.0,8000,256.0,0.0,256.0,0.07467911318553092,0.07467911318553092,0
333103,3049.8780990077207,1,1993,5,5,5,1.0,1.0,3120.0,,,0,,9899.0,8939.0,8000,0,0,0,0,0,256.0,0.0,0.0,8000.0,1.0,2,31,3120.0,8000,256.0,0.0,256.0,0.08205128205128205,0.08205128205128205,0
334703,7811.84890040778,1,1985,6,1,3,2.0,1.0,,8340.0,,0,,9189.0,8781.0,0,0,0,0,0,0,330.0,0.0,0.0,0.0,1.0,3,39,8340.0,0,330.0,0.0,330.0,0.039568345323741004,0.039568345323741004,0
334704,10051.507439091496,2,1986,6,1,3,1.0,1.0,530.0,,,0,,9189.0,8781.0,0,0,0,0,0,0,330.0,0.0,0.0,0.0,1.0,3,38,530.0,0,330.0,0.0,330.0,0.6226415094339622,0.6226415094339622,1
335304,6589.5678168112545,1,1990,7,5,3,9.0,,,600.0,,0,,3772.0,3484.0,0,0,0,0,0,0,0.0,0.0,0.0,0.0,1.0,1,34,600.0,0,0.0,0.0,0.0,0.0,0.0,0
337202,3044.95398251816,1,1996,6,5,3,2.0,1.0,,3372.0,,0,,7315.0,6463.0,270,0,0,0,0,0,0.0,0.0,0.0,0.0,1.0,3,28,3372.0,270,0.0,0.0,0.0,0.0,0.0,0
337803,7844.997109918199,2,2004,7,5,3,9.0,,,360.0,,0,,10578.0,8742.0,0,0,0,0,0,0,0.0,0.0,0.0,0.0,1.0,1,20,360.0,0,0.0,0.0,0.0,0.0,0.0,0
337903,8527.246697121007,2,1990,7,5,3,1.0,1.0,2300.0,,,0,,10560.0,9744.0,0,0,0,0,0,0,0.0,0.0,0.0,0.0,1.0,1,34,2300.0,0,0.0,0.0,0.0,0.0,0.0,0
337904,8739.223964878496,1,1993,6,5,3,1.0,1.0,4140.0,,,0,,10560.0,9744.0,0,0,0,0,0,0,0.0,0.0,0.0,0.0,1.0,1,31,4140.0,0,0.0,0.0,0.0,0.0,0.0,0
338002,1871.1261718784929,1,1991,6,5,3,1.0,1.0,3780.0,,,0,,4301.0,3869.0,8400,0,0,0,0,0,246.0,0.0,0.0,0.0,1.0,1,33,3780.0,8400,246.0,0.0,246.0,0.06507936507936508,0.06507936507936508,0
338704,6946.421111824846,2,1992,7,5,3,2.0,1.0,,4200.0,,0,,12288.0,11388.0,4700,0,0,0,0,0,140.0,0.0,244.0,4700.0,1.0,1,32,4200.0,4700,140.0,244.0,384.0,0.09142857142857143,0.09142857142857143,0
339303,10109.162102382392,2,2004,7,5,3,9.0,,,360.0,,0,,6330.0,5670.0,0,0,0,0,0,9680,0.0,0.0,320.0,9680.0,1.0,1,20,360.0,9680,0.0,320.0,320.0,0.8888888888888888,0.8888888888888888,1
341503,14558.325282956648,2,1987,5,5,3,9.0,,,,,48,,5511.0,5031.0,1728,0,0,0,0,0,0.0,0.0,0.0,0.0,1.0,1,37,48.0,1728,0.0,0.0,0.0,0.0,0.0,0
342203,16344.335519240152,1,1992,7,5,3,1.0,1.0,4740.0,,,0,,12056.0,10880.0,2944,0,511,0,0,0,23.0,120.0,56.0,944.0,1.0,1,32,4740.0,3455,143.0,56.0,199.0,0.0419831223628692,0.0419831223628692,0
342604,7553.604273100163,2,2001,5,5,3,1.0,1.0,2590.0,,,0,,3950.0,3710.0,0,0,150,0,0,0,0.0,0.0,0.0,0.0,1.0,3,23,2590.0,150,0.0,0.0,0.0,0.0,0.0,0
342704,11692.93202008224,2,1991,6,5,3,1.0,1.0,5656.0,,,0,,13911.0,12567.0,0,0,220,0,0,0,0.0,0.0,0.0,0.0,1.0,1,33,5656.0,220,0.0,0.0,0.0,0.0,0.0,0
342705,9109.873469913113,2,1997,6,5,3,2.0,1.0,,1610.0,,0,,13911.0,12567.0,0,0,220,0,0,0,0.0,0.0,0.0,0.0,1.0,1,27,1610.0,220,0.0,0.0,0.0,0.0,0.0,0
342703,12978.692412104783,2,1989,7,1,1,1.0,1.0,4080.0,,,0,,9060.0,7968.0,8000,0,50,0,0,0,228.0,0.0,0.0,8000.0,1.0,2,35,4080.0,8050,228.0,0.0,228.0,0.05588235294117647,0.05588235294117647,0
342751,6936.640666423927,1,1990,7,1,1,1.0,1.0,4572.0,,,0,,9060.0,7968.0,8000,0,50,0,0,0,228.0,0.0,0.0,8000.0,1.0,2,34,4572.0,8050,228.0,0.0,228.0,0.049868766404199474,0.049868766404199474,0
343303,14592.085593325337,1,1990,5,5,3,2.0,2.0,,4880.0,,0,,4880.0,4280.0,800,0,0,0,0,0,0.0,426.0,0.0,0.0,1.0,3,34,4880.0,800,426.0,0.0,426.0,0.08729508196721311,0.08729508196721311,0
344505,10406.433150698256,1,1996,6,5,3,2.0,2.0,,2840.0,,0,,8830.0,8410.0,16385,0,300,0,0,0,288.0,12.0,240.0,15160.0,1.0,1,28,2840.0,16685,300.0,240.0,540.0,0.19014084507042253,0.19014084507042253,0
344503,7811.84890040778,1,1988,7,1,3,3.0,1.0,,3600.0,,0,,7862.0,7622.0,0,0,2480,0,0,0,0.0,91.0,,,,5,36,3600.0,2480,91.0,0.0,91.0,0.025277777777777777,0.025277777777777777,0
344551,7383.205822291435,2,1989,7,1,3,2.0,1.0,,1300.0,,0,,7862.0,7622.0,0,0,2480,0,0,0,0.0,91.0,,,,5,35,1300.0,2480,91.0,0.0,91.0,0.07,0.07,0
344803,6858.65391450428,1,1997,5,5,3,1.0,1.0,2830.0,,,0,,8053.0,7465.0,0,0,0,6000,0,0,0.0,0.0,0.0,0.0,1.0,2,27,2830.0,6000,0.0,0.0,0.0,0.0,0.0,0
344804,4921.640945888413,2,1999,5,5,3,1.0,1.0,1350.0,,,0,,8053.0,7465.0,0,0,0,6000,0,0,0.0,0.0,0.0,0.0,1.0,2,25,1350.0,6000,0.0,0.0,0.0,0.0,0.0,0
344903,7538.270938563957,1,1995,6,5,3,1.0,1.0,4710.0,,,0,,8590.0,7594.0,0,0,0,0,0,0,0.0,0.0,0.0,0.0,1.0,3,29,4710.0,0,0.0,0.0,0.0,0.0,0.0,0
345203,6503.320058099996,1,2001,7,5,3,2.0,1.0,,600.0,,0,,9058.0,8506.0,0,0,0,400,0,0,0.0,0.0,0.0,0.0,1.0,1,23,600.0,400,0.0,0.0,0.0,0.0,0.0,0
345204,6164.466630613077,1,2004,7,5,3,2.0,1.0,,207.0,,0,,9058.0,8506.0,0,0,0,400,0,0,0.0,0.0,0.0,0.0,1.0,1,20,207.0,400,0.0,0.0,0.0,0.0,0.0,0
345303,7877.304819751552,2,1998,6,5,3,2.0,1.0,,2880.0,,0,,15766.0,15022.0,3000,0,0,0,0,0,120.0,0.0,384.0,3000.0,1.0,1,26,2880.0,3000,120.0,384.0,504.0,0.175,0.175,0
345304,6763.7326590287175,1,2001,5,5,3,3.0,1.0,,3840.0,,0,,15766.0,15022.0,3000,0,0,0,0,0,120.0,0.0,384.0,3000.0,1.0,1,23,3840.0,3000,120.0,384.0,504.0,0.13125,0.13125,0
345305,13726.034542791072,2,2003,7,5,3,3.0,1.0,,492.0,,0,,15766.0,15022.0,3000,0,0,0,0,0,120.0,0.0,384.0,3000.0,1.0,1,21,492.0,3000,120.0,384.0,504.0,1.024390243902439,1.024390243902439,1
346103,8345.078476249042,2,1995,6,5,3,9.0,,,858.0,,0,,3982.0,3742.0,0,0,0,0,0,0,0.0,0.0,0.0,0.0,1.0,1,29,858.0,0,0.0,0.0,0.0,0.0,0.0,0
346104,5839.748439173335,1,1997,6,5,3,9.0,,,840.0,,0,,3982.0,3742.0,0,0,0,0,0,0,0.0,0.0,0.0,0.0,1.0,1,27,840.0,0,0.0,0.0,0.0,0.0,0.0,0
347404,9132.002593567695,1,1996,6,5,3,1.0,1.0,3037.0,,,0,,13110.0,11754.0,0,0,350,10000,0,0,0.0,0.0,0.0,0.0,1.0,1,28,3037.0,10350,0.0,0.0,0.0,0.0,0.0,0
347403,7629.759870436502,2,1992,6,1,3,1.0,1.0,4192.0,,,0,,11462.0,10130.0,0,0,200,0,0,0,0.0,0.0,0.0,0.0,1.0,1,32,4192.0,200,0.0,0.0,0.0,0.0,0.0,0
347451,7781.687299704353,1,1991,6,1,3,1.0,1.0,6120.0,,,0,,11462.0,10130.0,0,0,200,0,0,0,0.0,0.0,0.0,0.0,1.0,1,33,6120.0,200,0.0,0.0,0.0,0.0,0.0,0
347605,7424.855788987877,1,2000,6,5,3,2.0,1.0,,996.0,,0,,9557.0,8405.0,0,0,270,7000,0,0,0.0,0.0,0.0,0.0,1.0,1,24,996.0,7270,0.0,0.0,0.0,0.0,0.0,0
347603,10591.230059118683,2,1989,7,1,3,1.0,1.0,3224.0,,,0,,9324.0,8256.0,5120,0,0,0,0,0,135.0,0.0,1000.0,5120.0,1.0,3,35,3224.0,5120,135.0,1000.0,1135.0,0.3520471464019851,0.3520471464019851,0
347651,7781.687299704353,1,1989,7,1,3,1.0,1.0,5980.0,,,0,,9324.0,8256.0,5120,0,0,0,0,0,135.0,0.0,1000.0,5120.0,1.0,3,35,5980.0,5120,135.0,1000.0,1135.0,0.18979933110367894,0.18979933110367894,0
348304,4937.376144306481,2,1997,5,1,3,2.0,1.0,,1440.0,,0,,4980.0,4812.0,6000,0,0,0,0,0,96.0,0.0,0.0,6000.0,1.0,3,27,1440.0,6000,96.0,0.0,96.0,0.06666666666666667,0.06666666666666667,0
348351,2226.231445546868,1,1999,6,1,3,9.0,,1920.0,,,0,,4980.0,4812.0,6000,0,0,0,0,0,96.0,0.0,0.0,6000.0,1.0,3,25,1920.0,6000,96.0,0.0,96.0,0.05,0.05,0
348704,7811.84890040778,1,1988,5,5,3,1.0,1.0,3600.0,,,0,,6970.0,6418.0,600,0,220,0,0,0,11.0,0.0,0.0,600.0,1.0,3,36,3600.0,820,11.0,0.0,11.0,0.0030555555555555557,0.0030555555555555557,0
350002,6319.366964487949,1,1995,5,5,3,2.0,1.0,,3000.0,,0,,20350.0,16558.0,21150,0,250,0,0,0,60.0,72.0,0.0,20000.0,1.0,3,29,3000.0,21400,132.0,0.0,132.0,0.044,0.044,0
350003,5931.955606413465,1,1997,7,5,3,2.0,1.0,,480.0,,0,,20350.0,16558.0,21150,0,250,0,0,0,60.0,72.0,0.0,20000.0,1.0,3,27,480.0,21400,132.0,0.0,132.0,0.275,0.275,0
350503,8901.041933288805,2,1995,6,5,3,1.0,1.0,4248.0,,,0,,20266.0,16882.0,1300,0,0,0,0,0,36.0,0.0,84.0,1300.0,1.0,1,29,4248.0,1300,36.0,84.0,120.0,0.02824858757062147,0.02824858757062147,0
350504,9084.095991032975,1,1998,7,5,3,1.0,1.0,4080.0,,,0,,20266.0,16882.0,1300,0,0,0,0,0,36.0,0.0,84.0,1300.0,1.0,1,26,4080.0,1300,36.0,84.0,120.0,0.029411764705882353,0.029411764705882353,0
351303,11503.05518328427,2,1993,5,5,3,2.0,1.0,,1260.0,,0,,5660.0,5372.0,0,0,0,0,0,0,0.0,0.0,0.0,0.0,1.0,1,31,1260.0,0,0.0,0.0,0.0,0.0,0.0,0
353502,7811.84890040778,1,1987,9,1,3,1.0,1.0,8108.0,,,0,,10490.0,8822.0,0,0,0,0,0,0,0.0,0.0,0.0,0.0,1.0,3,37,8108.0,0,0.0,0.0,0.0,0.0,0.0,0
353551,10051.507439091496,2,1987,7,1,3,2.0,1.0,,1344.0,,0,,10490.0,8822.0,0,0,0,0,0,0,0.0,0.0,0.0,0.0,1.0,3,37,1344.0,0,0.0,0.0,0.0,0.0,0.0,0
353703,4830.215726680996,2,2000,6,5,3,1.0,1.0,2520.0,,,0,,12958.0,12034.0,0,0,290,2500,0,0,0.0,0.0,0.0,0.0,1.0,1,24,2520.0,2790,0.0,0.0,0.0,0.0,0.0,0
354004,6423.019180889295,2,1995,7,5,3,2.0,2.0,,2631.0,,0,,12351.0,11319.0,0,0,350,0,0,0,0.0,0.0,0.0,0.0,1.0,1,29,2631.0,350,0.0,0.0,0.0,0.0,0.0,0
354003,6589.5678168112545,1,1993,7,1,3,1.0,1.0,9120.0,,,0,,11220.0,9720.0,32000,0,0,0,0,0,1320.0,420.0,0.0,22000.0,1.0,2,31,9120.0,32000,1740.0,0.0,1740.0,0.19078947368421054,0.19078947368421054,0
354503,6171.024374278926,2,1993,7,5,3,1.0,1.0,8320.0,,,0,,24873.0,21417.0,0,0,500,7000,0,0,0.0,0.0,0.0,0.0,1.0,1,31,8320.0,7500,0.0,0.0,0.0,0.0,0.0,0
354504,6858.65391450428,1,1995,7,5,3,9.0,,2520.0,,,0,,24873.0,21417.0,0,0,500,7000,0,0,0.0,0.0,0.0,0.0,1.0,1,29,2520.0,7500,0.0,0.0,0.0,0.0,0.0,0
355504,6601.037279281235,2,1997,6,5,3,8.0,,,192.0,,0,,1399.0,1397.8,0,0,0,0,0,0,0.0,0.0,,,,5,27,192.0,0,0.0,0.0,0.0,0.0,0.0,0
356003,6798.471851485386,2,1998,7,5,3,1.0,1.0,4412.0,,,0,,10126.0,8734.0,11453,0,0,0,0,0,283.0,34.0,323.0,9500.0,1.0,1,26,4412.0,11453,317.0,323.0,640.0,0.14505893019038985,0.14505893019038985,0
356103,3522.3550844564566,2,2000,6,5,3,3.0,1.0,,1560.0,,0,,5109.0,4963.8,9000,0,0,0,0,0,150.0,0.0,0.0,9000.0,1.0,2,24,1560.0,9000,150.0,0.0,150.0,0.09615384615384616,0.09615384615384616,0
356104,7728.385128319705,1,2003,7,5,3,3.0,1.0,,1080.0,,0,,5109.0,4963.8,9000,0,0,0,0,0,150.0,0.0,0.0,9000.0,1.0,2,21,1080.0,9000,150.0,0.0,150.0,0.1388888888888889,0.1388888888888889,0
356903,9696.458753848456,2,2004,7,5,1,9.0,,,500.0,,0,,10492.0,9628.0,0,0,0,0,0,0,0.0,0.0,0.0,0.0,1.0,2,20,500.0,0,0.0,0.0,0.0,0.0,0.0,0
357803,3019.1888097860783,2,2000,7,5,3,2.0,1.0,,1920.0,,0,,7508.0,6980.0,0,0,0,0,0,0,0.0,0.0,0.0,0.0,1.0,3,24,1920.0,0,0.0,0.0,0.0,0.0,0.0,0
359703,6858.65391450428,1,1994,5,5,3,1.0,1.0,3936.0,,,0,,13736.0,11768.0,33830,0,0,0,0,0,1260.0,270.0,600.0,30000.0,1.0,1,30,3936.0,33830,1530.0,600.0,2130.0,0.5411585365853658,0.5411585365853658,1
359704,6305.6650259589605,2,1996,5,5,3,2.0,1.0,,2700.0,,0,,13736.0,11768.0,33830,0,0,0,0,0,1260.0,270.0,600.0,30000.0,1.0,1,28,2700.0,33830,1530.0,600.0,2130.0,0.7888888888888889,0.7888888888888889,1
359803,16634.723038127857,1,1994,5,5,3,3.0,1.0,,1220.0,,0,,10595.0,9671.0,17500,0,0,0,0,0,576.0,125.0,240.0,15000.0,1.0,1,30,1220.0,17500,701.0,240.0,941.0,0.771311475409836,0.771311475409836,1
359804,8176.497215200906,1,1996,6,5,3,2.0,1.0,,2400.0,,0,,10595.0,9671.0,17500,0,0,0,0,0,576.0,125.0,240.0,15000.0,1.0,1,28,2400.0,17500,701.0,240.0,941.0,0.39208333333333334,0.39208333333333334,0
360403,5383.523420579323,2,2004,7,5,3,9.0,,,100.0,,0,,5600.0,5060.0,15000,0,0,0,0,0,804.0,112.0,0.0,13000.0,1.0,1,20,100.0,15000,916.0,0.0,916.0,9.16,5.0,1
360709,10725.61237109915,2,1994,7,5,3,1.0,1.0,2556.0,,,0,,23886.0,22530.0,80000,0,0,0,0,0,0.0,4800.0,0.0,0.0,1.0,3,30,2556.0,80000,4800.0,0.0,4800.0,1.8779342723004695,1.8779342723004695,1
360903,7811.84890040778,1,1987,6,5,3,2.0,1.0,,5110.0,,0,,12317.0,10961.0,4900,0,0,0,0,0,132.0,36.0,288.0,4000.0,1.0,1,37,5110.0,4900,168.0,288.0,456.0,0.08923679060665363,0.08923679060665363,0
361903,8004.225180317998,1,2000,7,5,3,2.0,1.0,,1320.0,,0,,6459.0,5979.0,5000,0,0,0,0,0,120.0,0.0,0.0,5000.0,1.0,2,24,1320.0,5000,120.0,0.0,120.0,0.09090909090909091,0.09090909090909091,0
361904,8815.717250137493,2,2002,7,5,3,9.0,,,130.0,,0,,6459.0,5979.0,5000,0,0,0,0,0,120.0,0.0,0.0,5000.0,1.0,2,22,130.0,5000,120.0,0.0,120.0,0.9230769230769231,0.9230769230769231,1
362504,6008.42137594698,1,1991,5,1,3,2.0,3.0,,3500.0,,0,,8544.0,7800.0,20300,0,0,0,0,0,527.0,0.0,673.0,20300.0,1.0,1,33,3500.0,20300,527.0,673.0,1200.0,0.34285714285714286,0.34285714285714286,0
362505,5549.844005345219,2,1998,6,1,3,2.0,1.0,,2880.0,,0,,8544.0,7800.0,20300,0,0,0,0,0,527.0,0.0,673.0,20300.0,1.0,1,26,2880.0,20300,527.0,673.0,1200.0,0.4166666666666667,0.4166666666666667,1
362803,8130.141149335762,1,1987,6,5,3,6.0,,,,4960.0,0,,11630.0,10538.0,47000,0,0,0,0,0,1980.0,72.0,0.0,45000.0,1.0,1,37,4960.0,47000,2052.0,0.0,2052.0,0.4137096774193548,0.4137096774193548,1
362805,9553.04541196346,2,1995,7,5,3,5.0,,1260.0,,3855.0,0,,11630.0,10538.0,47000,0,0,0,0,0,1980.0,72.0,0.0,45000.0,1.0,1,29,5115.0,47000,2052.0,0.0,2052.0,0.40117302052785925,0.40117302052785925,1
362804,6713.033247236113,1,1990,6,1,3,1.0,1.0,4800.0,,,0,,4941.6,4305.6,18500,0,0,0,0,0,456.0,0.0,0.0,18500.0,1.0,2,34,4800.0,18500,456.0,0.0,456.0,0.095,0.095,0
362903,9492.731913972531,1,1993,7,5,3,1.0,1.0,3830.0,,,0,,12670.0,10594.0,0,0,0,50500,0,0,0.0,0.0,0.0,0.0,1.0,2,31,3830.0,50500,0.0,0.0,0.0,0.0,0.0,0
363304,13602.133347655514,1,1990,7,5,3,1.0,1.0,9000.0,,,0,,14792.0,11732.0,15000,0,0,1000,0,0,75.0,0.0,0.0,15000.0,1.0,1,34,9000.0,16000,75.0,0.0,75.0,0.008333333333333333,0.008333333333333333,0
363303,7184.396880301827,1,1986,7,1,3,1.0,1.0,7120.0,,,0,,11830.0,9958.0,14280,0,0,30000,0,0,0.0,360.0,0.0,0.0,1.0,2,38,7120.0,44280,360.0,0.0,360.0,0.05056179775280899,0.05056179775280899,0
363351,4433.741156701408,2,1986,7,1,3,1.0,1.0,3920.0,,,0,,11830.0,9958.0,14280,0,0,30000,0,0,0.0,360.0,0.0,0.0,1.0,2,38,3920.0,44280,360.0,0.0,360.0,0.09183673469387756,0.09183673469387756,0
364903,6589.5678168112545,1,1992,7,5,3,2.0,3.0,,4800.0,,0,,13880.0,13436.0,0,0,0,0,0,0,0.0,0.0,0.0,0.0,1.0,1,32,4800.0,0,0.0,0.0,0.0,0.0,0.0,0
366102,15949.674420216736,2,1989,6,5,3,9.0,,,1800.0,,0,,12820.0,11476.0,200,0,0,0,0,0,0.0,7.0,0.0,0.0,1.0,1,35,1800.0,200,7.0,0.0,7.0,0.0038888888888888888,0.0038888888888888888,0
366104,7005.396937319828,2,1992,6,1,3,1.0,1.0,4140.0,,,0,,9220.0,8716.0,13500,0,0,0,0,0,189.0,0.0,0.0,13500.0,1.0,2,32,4140.0,13500,189.0,0.0,189.0,0.04565217391304348,0.04565217391304348,0
366103,11252.636800631095,2,1990,6,1,3,1.0,1.0,3823.0,,,0,,7823.0,6959.0,6000,0,0,0,0,0,420.0,0.0,2000.0,6000.0,1.0,2,34,3823.0,6000,420.0,2000.0,2420.0,0.6330107245618624,0.6330107245618624,1
366152,6014.126504990318,1,1990,7,1,3,1.0,1.0,3800.0,,,0,,7823.0,6959.0,6000,0,0,0,0,0,420.0,0.0,2000.0,6000.0,1.0,2,34,3800.0,6000,420.0,2000.0,2420.0,0.6368421052631579,0.6368421052631579,1
366403,5187.460813502332,2,1999,6,5,3,1.0,1.0,2255.0,,,0,,15958.0,14698.0,8378,0,0,41200,0,7800,480.0,10.0,0.0,8000.0,1.0,2,25,2255.0,57378,490.0,0.0,490.0,0.21729490022172948,0.21729490022172948,0
366404,4550.975073273519,2,2000,7,5,3,1.0,1.0,766.0,900.0,,0,,15958.0,14698.0,8378,0,0,41200,0,7800,480.0,10.0,0.0,8000.0,1.0,2,24,1666.0,57378,490.0,0.0,490.0,0.29411764705882354,0.29411764705882354,0
366604,8171.453945867024,2,1994,5,5,3,1.0,1.0,4090.0,,,0,,4750.0,4138.0,35740,0,0,51000,0,0,1140.0,262.0,0.0,28000.0,1.0,2,30,4090.0,86740,1402.0,0.0,1402.0,0.3427872860635697,0.3427872860635697,0
366603,7887.698633350049,2,1992,6,5,3,1.0,1.0,3120.0,,,0,,3410.0,3062.0,0,0,0,0,0,0,0.0,0.0,,,,4,32,3120.0,0,0.0,0.0,0.0,0.0,0.0,0
366605,6858.65391450428,1,1996,5,5,3,1.0,1.0,651.0,,,0,,8197.0,7393.0,0,0,0,0,0,0,0.0,540.0,0.0,0.0,1.0,1,28,651.0,0,540.0,0.0,540.0,0.8294930875576036,0.8294930875576036,1
366606,15487.889089886316,1,1998,6,5,3,1.0,1.0,4200.0,,,0,,8197.0,7393.0,0,0,0,0,0,0,0.0,540.0,0.0,0.0,1.0,1,26,4200.0,0,540.0,0.0,540.0,0.12857142857142856,0.12857142857142856,0
367004,4160.49891765615,1,2000,5,5,3,1.0,1.0,4188.0,,,0,,24054.0,19878.0,28000,0,0,0,0,0,1680.0,0.0,2000.0,28000.0,1.0,1,24,4188.0,28000,1680.0,2000.0,3680.0,0.8787010506208214,0.8787010506208214,1
368002,10051.507439091496,2,1987,5,3,3,9.0,,,180.0,,0,,1698.0,1662.0,0,0,0,0,0,321,0.0,0.0,0.0,0.0,1.0,3,37,180.0,321,0.0,0.0,0.0,0.0,0.0,0
368204,7256.829391147942,2,1995,5,5,3,2.0,3.0,,5120.0,,0,,13238.0,12771.2,0,0,0,0,0,0,0.0,0.0,,,,5,29,5120.0,0,0.0,0.0,0.0,0.0,0.0,0
368203,7811.84890040778,1,1988,6,5,3,2.0,1.0,,4968.0,,0,,5048.0,4424.0,0,0,0,0,0,0,0.0,0.0,,,,5,36,4968.0,0,0.0,0.0,0.0,0.0,0.0,0
368402,6917.913797160062,1,1999,6,5,2,9.0,,,1200.0,,0,,7250.0,6926.0,0,0,0,0,0,0,0.0,0.0,0.0,0.0,1.0,3,25,1200.0,0,0.0,0.0,0.0,0.0,0.0,0
368403,7675.905313821145,2,2001,6,5,2,2.0,3.0,,2400.0,,0,,7250.0,6926.0,0,0,0,0,0,0,0.0,0.0,0.0,0.0,1.0,3,23,2400.0,0,0.0,0.0,0.0,0.0,0.0,0
368503,5426.275361790461,2,1999,3,5,2,9.0,,,400.0,,0,,4546.0,4546.0,0,0,0,0,0,0,0.0,0.0,0.0,0.0,1.0,3,25,400.0,0,0.0,0.0,0.0,0.0,0.0,0
368507,5316.14424672519,2,1993,5,1,2,2.0,1.0,,744.0,,0,,4546.0,4546.0,0,0,0,0,0,0,0.0,0.0,0.0,0.0,1.0,3,31,744.0,0,0.0,0.0,0.0,0.0,0.0,0
368504,7220.586329864579,1,2001,5,5,3,2.0,1.0,,1080.0,,0,,5580.0,5076.0,1534,0,0,0,0,0,0.0,0.0,0.0,0.0,1.0,3,23,1080.0,1534,0.0,0.0,0.0,0.0,0.0,0
368605,7483.040369935142,1,1999,6,5,3,1.0,2.0,1620.0,,,0,,3680.0,3344.0,1300,0,0,0,0,0,0.0,66.0,0.0,0.0,1.0,3,25,1620.0,1300,66.0,0.0,66.0,0.040740740740740744,0.040740740740740744,0
368603,13011.101912165564,2,1993,6,5,1,1.0,1.0,4224.0,,,0,,4224.0,3696.0,100,0,0,0,0,0,0.0,0.0,0.0,0.0,1.0,3,31,4224.0,100,0.0,0.0,0.0,0.0,0.0,0
368604,11566.273602992878,2,1996,7,5,1,1.0,1.0,3852.0,,,0,,3852.0,3432.0,4380,0,0,0,0,0,72.0,0.0,0.0,4300.0,1.0,3,28,3852.0,4380,72.0,0.0,72.0,0.018691588785046728,0.018691588785046728,0
369104,11304.487993242828,1,1994,7,1,3,1.0,1.0,3600.0,,,0,,9345.0,8769.0,5000,0,0,0,0,980,0.0,240.0,0.0,0.0,1.0,3,30,3600.0,5980,240.0,0.0,240.0,0.06666666666666667,0.06666666666666667,0
369403,13961.835253916397,1,1994,6,5,3,5.0,,,,4000.0,0,,6857.0,6413.0,0,0,0,1200,0,0,0.0,0.0,0.0,0.0,1.0,1,30,4000.0,1200,0.0,0.0,0.0,0.0,0.0,0
371203,7315.670968529201,2,1987,7,1,3,5.0,,,,30032.0,0,,36727.0,32839.0,96220,0,0,38000,0,0,900.0,486.0,0.0,22400.0,1.0,2,37,30032.0,134220,1386.0,0.0,1386.0,0.04615077250932339,0.04615077250932339,0
372204,6589.5678168112545,1,1992,7,5,3,1.0,1.0,3814.0,,,0,,12369.0,11277.0,0,0,0,0,0,0,0.0,0.0,0.0,0.0,1.0,1,32,3814.0,0,0.0,0.0,0.0,0.0,0.0,0
372203,13363.889417394088,2,1990,7,1,2,1.0,1.0,4100.0,,,0,,9270.0,8562.0,20700,0,140,0,0,0,932.0,0.0,0.0,20700.0,1.0,2,34,4100.0,20840,932.0,0.0,932.0,0.22731707317073171,0.22731707317073171,0
372251,8490.681452874147,1,1987,6,1,2,2.0,1.0,,4970.0,,0,,9270.0,8562.0,20700,0,140,0,0,0,932.0,0.0,0.0,20700.0,1.0,2,37,4970.0,20840,932.0,0.0,932.0,0.1875251509054326,0.1875251509054326,0
372951,10051.507439091496,2,1988,6,1,3,9.0,,2400.0,,,0,,10310.0,9014.0,0,0,0,0,0,0,0.0,0.0,0.0,0.0,1.0,1,36,2400.0,0,0.0,0.0,0.0,0.0,0.0,0
374703,13876.0406906866,2,2003,7,5,1,9.0,,,150.0,,420,,13163.0,11207.0,54336,0,0,10500,0,0,1094.0,1675.0,400.0,1094.0,1.0,1,21,570.0,64836,2769.0,400.0,3169.0,5.559649122807017,5.0,1
377605,13900.544133118829,2,1994,7,5,3,1.0,1.0,3250.0,,,0,,8731.0,8155.0,0,0,0,0,0,0,0.0,0.0,0.0,0.0,1.0,1,30,3250.0,0,0.0,0.0,0.0,0.0,0.0,0
377603,10286.33202905289,2,1990,5,1,3,1.0,1.0,3787.0,,,0,,8249.0,7409.0,0,0,0,0,0,0,0.0,0.0,0.0,0.0,1.0,2,34,3787.0,0,0.0,0.0,0.0,0.0,0.0,0
377651,7781.687299704353,1,1993,5,1,3,1.0,1.0,3957.0,,,100,,8249.0,7409.0,0,0,0,0,0,0,0.0,0.0,0.0,0.0,1.0,2,31,4057.0,0,0.0,0.0,0.0,0.0,0.0,0
378004,6171.024374278926,2,1991,6,1,3,1.0,1.0,689.0,,,0,,4861.0,4357.0,34000,0,0,0,0,0,0.0,1224.0,0.0,0.0,1.0,3,33,689.0,34000,1224.0,0.0,1224.0,1.776487663280116,1.776487663280116,1
378051,10594.000717886895,1,1985,7,1,3,1.0,1.0,3014.0,,,0,,4861.0,4357.0,34000,0,0,0,0,0,0.0,1224.0,0.0,0.0,1.0,3,39,3014.0,34000,1224.0,0.0,1224.0,0.40610484406104846,0.40610484406104846,1
378602,5350.23429918706,1,2001,6,5,3,2.0,1.0,,816.0,,0,,5619.0,5031.0,8240,0,0,0,0,0,0.0,317.0,0.0,0.0,1.0,3,23,816.0,8240,317.0,0.0,317.0,0.38848039215686275,0.38848039215686275,0
378603,6400.504187075672,2,2001,7,5,3,2.0,1.0,,360.0,,0,,5619.0,5031.0,8240,0,0,0,0,0,0.0,317.0,0.0,0.0,1.0,3,23,360.0,8240,317.0,0.0,317.0,0.8805555555555555,0.8805555555555555,1
378703,8747.770676211669,1,1997,7,5,3,6.0,,,,300.0,0,,6402.0,5766.0,7776,0,0,0,0,0,225.0,240.0,224.0,4776.0,1.0,1,27,300.0,7776,465.0,224.0,689.0,2.296666666666667,2.296666666666667,1
378803,6858.65391450428,1,1997,7,5,3,1.0,1.0,3920.0,,,0,,6440.0,5624.0,0,0,0,0,0,0,0.0,0.0,0.0,0.0,1.0,3,27,3920.0,0,0.0,0.0,0.0,0.0,0.0,0
379504,6158.856466087748,1,2004,5,5,4,9.0,,,1198.0,,0,,18716.0,15800.0,0,0,0,0,0,0,0.0,0.0,0.0,0.0,1.0,1,20,1198.0,0,0.0,0.0,0.0,0.0,0.0,0
380603,5081.540265379408,2,1999,5,5,3,1.0,1.0,2820.0,,,0,,10375.0,9283.0,8025,0,0,0,0,0,120.0,504.0,360.0,4725.0,1.0,1,25,2820.0,8025,624.0,360.0,984.0,0.34893617021276596,0.34893617021276596,0
380705,14777.624634274638,1,2004,6,5,3,2.0,1.0,,2200.0,,0,,9034.0,8398.0,4400,0,0,0,0,0,119.0,0.0,205.0,4400.0,1.0,1,20,2200.0,4400,119.0,205.0,324.0,0.14727272727272728,0.14727272727272728,0
380703,8256.656713786768,2,1997,5,5,3,1.0,1.0,2988.0,,,0,,5436.0,4956.0,15000,0,0,0,0,0,264.0,0.0,0.0,15000.0,1.0,2,27,2988.0,15000,264.0,0.0,264.0,0.08835341365461848,0.08835341365461848,0
380704,4903.761495651569,2,2000,6,5,3,2.0,1.0,,2400.0,,0,,5436.0,4956.0,15000,0,0,0,0,0,264.0,0.0,0.0,15000.0,1.0,2,24,2400.0,15000,264.0,0.0,264.0,0.11,0.11,0
381551,11304.487993242828,1,1995,5,1,3,1.0,1.0,3448.0,,,0,,3988.0,3652.0,9500,0,0,0,0,0,190.0,0.0,0.0,9500.0,1.0,2,29,3448.0,9500,190.0,0.0,190.0,0.055104408352668215,0.055104408352668215,0
382403,5679.811445463142,2,1998,7,5,3,1.0,1.0,4082.0,,,0,,6456.0,5796.0,210,0,1720,0,0,0,0.0,54.0,0.0,0.0,1.0,3,26,4082.0,1930,54.0,0.0,54.0,0.013228809407153356,0.013228809407153356,0
382503,7811.84890040778,1,1987,5,5,4,9.0,,,260.0,,0,,4200.0,4056.0,0,0,671,0,0,0,0.0,74.0,0.0,0.0,1.0,3,37,260.0,671,74.0,0.0,74.0,0.2846153846153846,0.2846153846153846,0
382604,6090.014324400153,2,2001,5,5,3,1.0,1.0,2813.0,,,0,,4993.0,4561.0,0,0,0,0,0,0,0.0,0.0,0.0,0.0,1.0,1,23,2813.0,0,0.0,0.0,0.0,0.0,0.0,0
383204,7811.84890040778,1,1988,6,5,3,1.0,1.0,9220.0,,,0,,12405.0,10713.0,8000,0,0,0,0,0,320.0,0.0,160.0,8000.0,1.0,1,36,9220.0,8000,320.0,160.0,480.0,0.052060737527114966,0.052060737527114966,0
383303,6958.603849406234,1,1996,7,5,3,5.0,,,,7200.0,0,,49620.0,47244.0,20000,0,0,1000,0,0,400.0,682.0,426.0,10000.0,1.0,1,28,7200.0,21000,1082.0,426.0,1508.0,0.20944444444444443,0.20944444444444443,0
383304,4357.931507082397,2,2000,7,5,3,3.0,1.0,,1050.0,,0,,49620.0,47244.0,20000,0,0,1000,0,0,400.0,682.0,426.0,10000.0,1.0,1,24,1050.0,21000,1082.0,426.0,1508.0,1.4361904761904762,1.4361904761904762,1
383803,6932.68197656598,2,1997,7,5,3,1.0,1.0,5559.0,,,0,,18969.0,17241.0,0,0,0,10000,0,0,0.0,0.0,0.0,0.0,1.0,2,27,5559.0,10000,0.0,0.0,0.0,0.0,0.0,0
384203,15518.6124465233,1,1995,5,5,3,3.0,1.0,,5085.0,,0,,19843.0,18367.0,0,0,0,0,0,0,0.0,0.0,0.0,0.0,1.0,1,29,5085.0,0,0.0,0.0,0.0,0.0,0.0,0
384204,9784.553810592453,1,1998,7,5,3,2.0,1.0,,6005.0,,0,,19843.0,18367.0,0,0,0,0,0,0,0.0,0.0,0.0,0.0,1.0,1,26,6005.0,0,0.0,0.0,0.0,0.0,0.0,0
384504,10716.885852181498,2,2003,7,5,3,9.0,,,240.0,,0,,9416.0,8936.0,0,0,0,0,0,0,0.0,0.0,0.0,0.0,1.0,1,21,240.0,0,0.0,0.0,0.0,0.0,0.0,0
384604,13161.29613575557,2,2003,6,5,3,9.0,,,320.0,,0,,20573.0,18197.0,11000,0,0,0,0,0,239.0,0.0,600.0,9000.0,1.0,1,21,320.0,11000,239.0,600.0,839.0,2.621875,2.621875,1
384703,6589.5678168112545,1,1989,7,1,3,6.0,,3812.0,,,0,,3490.0,2434.0,3000,0,0,2000,0,0,0.0,192.0,0.0,0.0,1.0,3,35,3812.0,5000,192.0,0.0,192.0,0.05036726128016789,0.05036726128016789,0
384751,7383.205822291435,2,1991,7,1,3,1.0,1.0,1896.0,,,0,,3490.0,2434.0,3000,0,0,2000,0,0,0.0,192.0,0.0,0.0,1.0,3,33,1896.0,5000,192.0,0.0,192.0,0.10126582278481013,0.10126582278481013,0
384803,10312.086348230416,1,2000,7,5,3,9.0,,,100.0,,0,,12453.0,10737.0,0,0,0,19000,0,0,0.0,0.0,0.0,0.0,1.0,1,24,100.0,19000,0.0,0.0,0.0,0.0,0.0,0
384903,6244.509627428217,1,2002,7,5,3,9.0,,,120.0,,0,,10267.0,9163.0,0,0,0,0,0,0,0.0,0.0,0.0,0.0,1.0,1,22,120.0,0,0.0,0.0,0.0,0.0,0.0,0
384904,5588.597333228516,2,2004,7,5,3,9.0,,,400.0,,0,,10267.0,9163.0,0,0,0,0,0,0,0.0,0.0,0.0,0.0,1.0,1,20,400.0,0,0.0,0.0,0.0,0.0,0.0,0
385104,6064.053154707547,1,1990,7,5,4,9.0,,,1150.0,,0,,9781.0,9061.0,0,0,0,1800,0,0,0.0,0.0,0.0,0.0,1.0,1,34,1150.0,1800,0.0,0.0,0.0,0.0,0.0,0
385103,17653.008956570007,1,1988,7,1,3,1.0,1.0,4630.0,,,0,,6916.0,6076.0,3133,0,0,0,0,0,273.0,62.0,1287.0,2133.0,1.0,1,36,4630.0,3133,335.0,1287.0,1622.0,0.35032397408207344,0.35032397408207344,0
385151,3745.4907646687598,2,1986,7,1,3,9.0,,,520.0,,0,,6916.0,6076.0,3133,0,0,0,0,0,273.0,62.0,1287.0,2133.0,1.0,1,38,520.0,3133,335.0,1287.0,1622.0,3.1192307692307693,3.1192307692307693,1
385203,11745.843303376549,1,1999,7,5,3,9.0,,,1440.0,,0,,31127.0,-3061.0,0,0,0,30000,0,0,0.0,0.0,0.0,0.0,1.0,1,25,1440.0,30000,0.0,0.0,0.0,0.0,0.0,0
385304,11276.896656969215,2,1990,7,5,3,1.0,1.0,8300.0,,,0,,9130.0,7594.0,5000,0,0,500,0,0,276.0,0.0,0.0,5000.0,1.0,2,34,8300.0,5500,276.0,0.0,276.0,0.03325301204819277,0.03325301204819277,0
385303,12523.749871431233,2,1988,9,1,3,1.0,1.0,13212.0,,,0,,23952.0,18492.0,0,0,0,6000,0,0,0.0,0.0,0.0,0.0,1.0,2,36,13212.0,6000,0.0,0.0,0.0,0.0,0.0,0
385351,6693.490368356992,1,1987,9,1,3,1.0,1.0,10512.0,,,0,,23952.0,18492.0,0,0,0,6000,0,0,0.0,0.0,0.0,0.0,1.0,2,37,10512.0,6000,0.0,0.0,0.0,0.0,0.0,0
385505,14202.327940799301,2,1997,7,5,3,1.0,1.0,2520.0,,,0,,10626.0,9798.0,0,0,0,0,0,0,0.0,0.0,0.0,0.0,1.0,1,27,2520.0,0,0.0,0.0,0.0,0.0,0.0,0
385504,7315.670968529201,2,1988,6,1,3,9.0,,492.0,,,0,,6336.0,5784.0,0,0,0,0,0,0,0.0,0.0,0.0,0.0,1.0,1,36,492.0,0,0.0,0.0,0.0,0.0,0.0,0
385552,10868.29658232414,1,1986,6,1,3,1.0,1.0,4344.0,,,0,,6336.0,5784.0,0,0,0,0,0,0,0.0,0.0,0.0,0.0,1.0,1,38,4344.0,0,0.0,0.0,0.0,0.0,0.0,0
385606,5586.089412588197,1,1997,6,5,3,8.0,,,575.0,,0,,4292.0,3980.0,0,0,0,0,0,0,0.0,0.0,0.0,0.0,1.0,2,27,575.0,0,0.0,0.0,0.0,0.0,0.0,0
385603,7315.670968529201,2,1986,5,5,3,1.0,1.0,1040.0,2480.0,,0,,3604.0,3482.8,0,0,0,0,0,0,0.0,0.0,0.0,0.0,1.0,3,38,3520.0,0,0.0,0.0,0.0,0.0,0.0,0
385605,4140.015751922211,2,1990,5,5,3,1.0,1.0,2616.0,,,0,,2664.0,2400.0,2000,0,0,0,0,0,72.0,228.0,0.0,500.0,1.0,3,34,2616.0,2000,300.0,0.0,300.0,0.11467889908256881,0.11467889908256881,0
386004,6342.059829068016,2,1995,7,5,3,1.0,1.0,3310.0,,,0,,5840.0,5444.0,18000,0,960,0,0,2000,0.0,0.0,0.0,0.0,1.0,3,29,3310.0,20960,0.0,0.0,0.0,0.0,0.0,0
386005,5226.651157223374,2,1997,5,5,3,9.0,,,,,60,,5840.0,5444.0,18000,0,960,0,0,2000,0.0,0.0,0.0,0.0,1.0,3,27,60.0,20960,0.0,0.0,0.0,0.0,0.0,0
386003,13389.807711145639,2,1988,8,5,3,8.0,,,1760.0,,0,,1880.0,1628.0,400,0,0,0,0,0,0.0,15.0,,,,6,36,1760.0,400,15.0,0.0,15.0,0.008522727272727272,0.008522727272727272,0
386103,5999.471158844537,1,1999,6,5,3,1.0,1.0,2932.0,,,0,,7159.0,5839.0,1815,0,0,0,0,0,150.0,250.0,7000.0,0.0,1.0,3,25,2932.0,1815,400.0,7000.0,7400.0,2.52387448840382,2.52387448840382,1
386104,5147.911158496231,2,2000,7,5,3,9.0,,,135.0,,0,,7159.0,5839.0,1815,0,0,0,0,0,150.0,250.0,7000.0,0.0,1.0,3,24,135.0,1815,400.0,7000.0,7400.0,54.81481481481482,5.0,1
386403,11212.815622084432,2,2000,7,5,2,2.0,1.0,,1200.0,,0,,11376.0,10020.0,5723,0,330,9000,0,0,262.0,0.0,518.0,5723.0,1.0,1,24,1200.0,15053,262.0,518.0,780.0,0.65,0.65,1
387151,10594.000717886895,1,1985,5,1,3,1.0,1.0,7100.0,,,0,,7649.0,6461.0,16772,0,0,0,0,0,734.0,0.0,228.0,16772.0,1.0,1,39,7100.0,16772,734.0,228.0,962.0,0.13549295774647888,0.13549295774647888,0
387103,11136.407709503828,1,1994,5,5,3,1.0,1.0,4020.0,,,0,,4080.0,3624.0,0,0,0,0,0,0,0.0,0.0,0.0,0.0,1.0,1,30,4020.0,0,0.0,0.0,0.0,0.0,0.0,0
387304,8011.441803243483,2,1994,7,5,3,2.0,1.0,,3405.0,,0,,3805.0,3469.0,0,0,0,0,0,0,17.0,0.0,0.0,0.0,1.0,3,30,3405.0,0,17.0,0.0,17.0,0.00499265785609398,0.00499265785609398,0
387504,11860.114081052297,2,1992,6,1,3,1.0,1.0,3240.0,,,0,,6279.0,5847.0,0,0,0,0,0,0,0.0,0.0,0.0,0.0,1.0,1,32,3240.0,0,0.0,0.0,0.0,0.0,0.0,0
388153,10725.61237109915,2,1997,7,5,3,1.0,1.0,3080.0,,,0,,17108.0,15248.0,22989,0,0,15000,0,0,871.0,70.0,1049.0,21989.0,1.0,1,27,3080.0,37989,941.0,1049.0,1990.0,0.6461038961038961,0.6461038961038961,1
388154,7563.812386604528,1,1999,7,5,3,2.0,1.0,,1500.0,,0,,17108.0,15248.0,22989,0,0,15000,0,0,871.0,70.0,1049.0,21989.0,1.0,1,25,1500.0,37989,941.0,1049.0,1990.0,1.3266666666666667,1.3266666666666667,1
388803,13144.5035626862,1,1989,5,5,3,9.0,,,3647.0,,0,,11417.0,10169.0,1000,0,0,0,0,0,0.0,120.0,72.0,2350.0,1.0,1,35,3647.0,1000,120.0,72.0,192.0,0.052646010419522896,0.052646010419522896,0
389306,10594.000717886895,1,1985,5,1,3,2.0,1.0,,9504.0,,0,,12820.0,12448.0,8000,0,888,0,0,0,240.0,15.0,240.0,8000.0,1.0,1,39,9504.0,8888,255.0,240.0,495.0,0.052083333333333336,0.052083333333333336,0
389704,6171.024374278926,2,1991,7,1,3,2.0,1.0,,840.0,,0,,10276.0,9412.0,30000,0,0,0,0,0,1620.0,0.0,0.0,30000.0,1.0,2,33,840.0,30000,1620.0,0.0,1620.0,1.9285714285714286,1.9285714285714286,1
390103,7729.028361204662,2,1993,7,5,1,2.0,1.0,,2718.0,,0,,2958.0,2802.0,100,0,0,0,0,0,110.0,0.0,350.0,100.0,1.0,3,31,2718.0,100,110.0,350.0,460.0,0.1692420897718911,0.1692420897718911,0
390404,5150.670382031727,2,1995,7,1,2,2.0,3.0,,4200.0,,0,,7419.0,7023.0,0,0,0,0,0,0,0.0,0.0,,,,5,29,4200.0,0,0.0,0.0,0.0,0.0,0.0,0
390451,2752.8466271397206,1,1996,8,1,2,2.0,1.0,,3219.0,,0,,7419.0,7023.0,0,0,0,0,0,0,0.0,0.0,,,,5,28,3219.0,0,0.0,0.0,0.0,0.0,0.0,0
390604,4033.12320252988,1,1999,5,5,3,2.0,1.0,,2530.0,,0,,5074.0,4570.0,0,0,1471,0,0,0,0.0,91.0,0.0,0.0,1.0,3,25,2530.0,1471,91.0,0.0,91.0,0.03596837944664032,0.03596837944664032,0
391503,13799.958589613787,1,1995,6,5,3,1.0,1.0,3698.0,,,0,,14951.0,13211.0,6107,0,0,0,0,0,192.0,0.0,392.0,5607.0,1.0,1,29,3698.0,6107,192.0,392.0,584.0,0.15792320173066524,0.15792320173066524,0
391703,5101.6935381847525,2,1999,7,5,3,2.0,1.0,,2940.0,,0,,3012.0,2724.0,0,0,0,0,0,0,0.0,0.0,0.0,0.0,1.0,3,25,2940.0,0,0.0,0.0,0.0,0.0,0.0,0
391903,6858.65391450428,1,1995,5,5,3,1.0,1.0,4010.0,,,0,,10823.0,9923.0,11712,0,0,0,0,0,432.0,0.0,288.0,11712.0,1.0,1,29,4010.0,11712,432.0,288.0,720.0,0.17955112219451372,0.17955112219451372,0
391904,7342.953788628495,2,1997,5,5,3,1.0,1.0,3203.0,,,0,,10823.0,9923.0,11712,0,0,0,0,0,432.0,0.0,288.0,11712.0,1.0,1,27,3203.0,11712,432.0,288.0,720.0,0.2247892600686856,0.2247892600686856,0
392303,4186.881237537409,2,2000,7,5,3,3.0,1.0,,1080.0,,0,,11801.0,10997.0,0,0,0,0,0,0,0.0,0.0,0.0,0.0,1.0,2,24,1080.0,0,0.0,0.0,0.0,0.0,0.0,0
392304,3484.811214871131,1,2002,5,5,3,1.0,1.0,3229.0,,,0,,11801.0,10997.0,0,0,0,0,0,0,0.0,0.0,0.0,0.0,1.0,2,22,3229.0,0,0.0,0.0,0.0,0.0,0.0,0
393203,8350.292652227008,1,1991,6,1,3,1.0,1.0,5030.0,,,0,,8556.0,8040.0,13000,0,0,0,0,0,252.0,0.0,192.0,13000.0,1.0,1,33,5030.0,13000,252.0,192.0,444.0,0.08827037773359842,0.08827037773359842,0
393251,10725.61237109915,2,1994,7,1,3,6.0,,,,2820.0,0,,8556.0,8040.0,13000,0,0,0,0,0,252.0,0.0,192.0,13000.0,1.0,1,30,2820.0,13000,252.0,192.0,444.0,0.1574468085106383,0.1574468085106383,0
393204,6589.5678168112545,1,1993,6,1,3,1.0,1.0,7487.0,,,0,,10629.0,9261.0,16000,0,0,0,0,0,228.0,0.0,0.0,16000.0,1.0,2,31,7487.0,16000,228.0,0.0,228.0,0.030452784827033525,0.030452784827033525,0
393253,7383.205822291435,2,1993,7,1,3,1.0,1.0,1620.0,,,0,,10629.0,9261.0,16000,0,0,0,0,0,228.0,0.0,0.0,16000.0,1.0,2,31,1620.0,16000,228.0,0.0,228.0,0.14074074074074075,0.14074074074074075,0
393404,10796.035216957667,2,1996,5,5,3,2.0,1.0,,6165.0,,0,,14799.0,13575.0,2500,0,0,0,0,0,74.0,0.0,232.0,2500.0,1.0,1,28,6165.0,2500,74.0,232.0,306.0,0.049635036496350364,0.049635036496350364,0
393403,13914.5547681087,2,1992,7,1,3,9.0,,,240.0,,0,,6030.0,5454.0,32000,0,0,0,0,0,432.0,600.0,0.0,18000.0,1.0,2,32,240.0,32000,1032.0,0.0,1032.0,4.3,4.3,1
393451,7781.687299704353,1,1989,7,1,3,1.0,1.0,4520.0,,,0,,6030.0,5454.0,32000,0,0,0,0,0,432.0,600.0,0.0,18000.0,1.0,2,35,4520.0,32000,1032.0,0.0,1032.0,0.22831858407079647,0.22831858407079647,0
394203,10866.094018092987,1,1999,7,5,3,9.0,,,,,290,,7775.0,7019.0,1171,0,0,0,0,600,792.0,0.0,288.0,1171.0,1.0,1,25,290.0,1771,792.0,288.0,1080.0,3.7241379310344827,3.7241379310344827,1
394204,11351.122947073278,1,2001,7,5,3,9.0,,,512.0,,0,,7775.0,7019.0,1171,0,0,0,0,600,792.0,0.0,288.0,1171.0,1.0,1,23,512.0,1771,792.0,288.0,1080.0,2.109375,2.109375,1
394303,13731.806851462741,2,1997,7,5,3,1.0,1.0,3120.0,,,0,,24300.0,22404.0,0,0,0,0,0,0,0.0,0.0,0.0,0.0,1.0,1,27,3120.0,0,0.0,0.0,0.0,0.0,0.0,0
394304,10731.547704014392,1,1999,7,5,3,7.0,,,720.0,,0,,24300.0,22404.0,0,0,0,0,0,0,0.0,0.0,0.0,0.0,1.0,1,25,720.0,0,0.0,0.0,0.0,0.0,0.0,0
394403,13311.135469096358,2,1995,7,3,3,6.0,,,,4820.0,0,,16896.0,15324.0,10640,0,0,9000,0,0,288.0,180.0,360.0,7640.0,1.0,1,29,4820.0,19640,468.0,360.0,828.0,0.17178423236514523,0.17178423236514523,0
394404,13755.310287498818,2,1998,7,5,3,2.0,1.0,,3635.0,,0,,16896.0,15324.0,10640,0,0,9000,0,0,288.0,180.0,360.0,7640.0,1.0,1,26,3635.0,19640,468.0,360.0,828.0,0.22778541953232462,0.22778541953232462,0
394405,6135.9501411428255,2,2000,7,5,3,2.0,1.0,,2970.0,,0,,16896.0,15324.0,10640,0,0,9000,0,0,288.0,180.0,360.0,7640.0,1.0,1,24,2970.0,19640,468.0,360.0,828.0,0.2787878787878788,0.2787878787878788,0
395704,11585.827293943566,1,1998,7,5,3,8.0,,,4530.0,,0,,5000.0,4172.0,0,0,2600,0,0,0,0.0,0.0,0.0,0.0,1.0,3,26,4530.0,2600,0.0,0.0,0.0,0.0,0.0,0
395703,16137.369074204908,2,1995,6,5,1,1.0,1.0,4505.0,,,0,,4535.0,3971.0,10000,0,0,0,0,0,480.0,0.0,0.0,10000.0,1.0,2,29,4505.0,10000,480.0,0.0,480.0,0.10654827968923418,0.10654827968923418,0
395803,6431.562608569162,2,1998,7,5,3,8.0,,,1200.0,,0,,13255.0,12331.0,654,0,0,0,0,0,63.0,0.0,56.0,654.0,1.0,1,26,1200.0,654,63.0,56.0,119.0,0.09916666666666667,0.09916666666666667,0
395805,6122.929242715593,1,2004,7,5,3,9.0,,,135.0,,0,,13255.0,12331.0,654,0,0,0,0,0,63.0,0.0,56.0,654.0,1.0,1,20,135.0,654,63.0,56.0,119.0,0.8814814814814815,0.8814814814814815,1
395804,10748.986706699321,2,2000,7,5,3,2.0,1.0,,516.0,,0,,972.0,968.4,0,0,0,0,0,0,0.0,0.0,,,,4,24,516.0,0,0.0,0.0,0.0,0.0,0.0,0
395904,5261.57952649181,2,1993,5,5,2,1.0,1.0,2990.0,,,0,,13628.0,12116.0,0,0,0,0,0,0,0.0,0.0,0.0,0.0,1.0,1,31,2990.0,0,0.0,0.0,0.0,0.0,0.0,0
397503,15077.559426128933,1,1997,6,5,3,3.0,1.0,,900.0,,0,,8677.0,7897.0,7639,0,0,0,0,0,94.0,67.0,169.0,4479.0,1.0,1,27,900.0,7639,161.0,169.0,330.0,0.36666666666666664,0.36666666666666664,0
398951,10051.507439091496,2,1985,5,1,3,2.0,1.0,,2935.0,,0,,9909.0,9009.0,2000,0,0,0,0,0,108.0,0.0,204.0,2000.0,1.0,1,39,2935.0,2000,108.0,204.0,312.0,0.10630323679727427,0.10630323679727427,0
399403,6589.5678168112545,1,1989,7,5,3,1.0,1.0,5790.0,,,0,,7872.0,6792.0,19840,0,0,0,0,0,80.0,0.0,160.0,19840.0,1.0,1,35,5790.0,19840,80.0,160.0,240.0,0.04145077720207254,0.04145077720207254,0
400003,6754.70139882835,2,2000,7,5,3,1.0,1.0,3750.0,,,0,,11041.0,10021.0,0,0,0,0,0,0,0.0,0.0,0.0,0.0,1.0,1,24,3750.0,0,0.0,0.0,0.0,0.0,0.0,0
400004,15249.911703562919,1,2004,6,5,3,9.0,,,679.0,,0,,11041.0,10021.0,0,0,0,0,0,0,0.0,0.0,0.0,0.0,1.0,1,20,679.0,0,0.0,0.0,0.0,0.0,0.0,0
401105,11543.792017021775,2,2003,6,5,3,9.0,,,360.0,,0,,5815.0,5311.0,26200,0,0,0,0,0,0.0,153.0,0.0,0.0,1.0,1,21,360.0,26200,153.0,0.0,153.0,0.425,0.425,1
401103,6642.826077261472,2,1993,7,5,1,2.0,1.0,,3838.0,,0,,3838.0,3838.0,1700,0,0,0,0,0,0.0,0.0,0.0,0.0,1.0,3,31,3838.0,1700,0.0,0.0,0.0,0.0,0.0,0
403403,7213.777133751886,2,1985,7,1,3,1.0,1.0,4571.0,,,0,,8935.0,7399.0,9700,0,0,0,0,0,380.0,0.0,820.0,9700.0,1.0,1,39,4571.0,9700,380.0,820.0,1200.0,0.2625246116823452,0.2625246116823452,0
406705,9882.07286816971,2,2002,7,5,3,9.0,,,240.0,,0,,4620.0,4356.0,0,0,0,0,0,0,0.0,0.0,0.0,0.0,1.0,3,22,240.0,0,0.0,0.0,0.0,0.0,0.0,0
407003,14072.17246440589,2,1993,5,5,3,2.0,1.0,,2880.0,,0,,5528.0,5168.0,3000,0,0,0,0,0,75.0,0.0,118.0,3000.0,1.0,1,31,2880.0,3000,75.0,118.0,193.0,0.06701388888888889,0.06701388888888889,0
408152,11304.487993242828,1,1997,6,5,3,3.0,1.0,,1152.0,,0,,3215.0,3213.8,0,0,0,0,0,0,0.0,0.0,,,,4,27,1152.0,0,0.0,0.0,0.0,0.0,0.0,0
408203,5450.8643424435095,2,2000,6,5,3,1.0,1.0,3144.0,360.0,,0,,5254.0,4930.0,0,0,0,0,0,0,0.0,0.0,0.0,0.0,1.0,3,24,3504.0,0,0.0,0.0,0.0,0.0,0.0,0
408202,7810.5030699036615,2,1995,6,1,3,3.0,2.0,1174.0,644.0,,0,,5464.0,4936.0,500,0,0,0,0,0,0.0,60.0,0.0,0.0,1.0,3,29,1818.0,500,60.0,0.0,60.0,0.033003300330033,0.033003300330033,0
408251,11304.487993242828,1,1996,6,1,3,1.0,1.0,2956.0,,,0,,5464.0,4936.0,500,0,0,0,0,0,0.0,60.0,0.0,0.0,1.0,3,28,2956.0,500,60.0,0.0,60.0,0.02029769959404601,0.02029769959404601,0
408703,13361.226787762784,2,2004,6,5,3,9.0,,,192.0,,0,,9311.0,8411.0,7000,0,0,0,0,0,420.0,0.0,0.0,7000.0,1.0,1,20,192.0,7000,420.0,0.0,420.0,2.1875,2.1875,1
409003,8477.919639989039,2,2000,7,5,3,9.0,,,480.0,,0,,11430.0,10002.0,0,0,0,0,0,0,0.0,0.0,0.0,0.0,1.0,1,24,480.0,0,0.0,0.0,0.0,0.0,0.0,0
409004,14576.93325042362,1,2003,5,5,3,9.0,,,1200.0,,0,,11430.0,10002.0,0,0,0,0,0,0,0.0,0.0,0.0,0.0,1.0,1,21,1200.0,0,0.0,0.0,0.0,0.0,0.0,0
409104,6423.019180889295,2,1995,8,5,3,6.0,,,,2400.0,0,,8474.0,7166.0,20000,0,0,0,0,0,600.0,0.0,240.0,20000.0,1.0,1,29,2400.0,20000,600.0,240.0,840.0,0.35,0.35,0
409303,6423.173648096563,2,1995,6,5,1,8.0,,,2220.0,,0,,12104.0,11060.0,2400,4600,0,0,0,0,0.0,384.0,0.0,0.0,1.0,3,29,2220.0,7000,384.0,0.0,384.0,0.17297297297297298,0.17297297297297298,0
409304,14965.75800853634,2,1997,5,5,1,1.0,1.0,3750.0,,,0,,12104.0,11060.0,2400,4600,0,0,0,0,0.0,384.0,0.0,0.0,1.0,3,27,3750.0,7000,384.0,0.0,384.0,0.1024,0.1024,0
409305,14074.797068164144,1,2000,5,5,1,2.0,1.0,1248.0,270.0,,0,,12104.0,11060.0,2400,4600,0,0,0,0,0.0,384.0,0.0,0.0,1.0,3,24,1518.0,7000,384.0,0.0,384.0,0.25296442687747034,0.25296442687747034,0
410803,13565.417006845788,2,2003,5,5,3,2.0,1.0,,480.0,,0,,6940.0,6496.0,3000,0,0,0,0,0,0.0,480.0,0.0,0.0,1.0,2,21,480.0,3000,480.0,0.0,480.0,1.0,1.0,1
411703,15640.698309078785,1,1995,7,5,3,1.0,1.0,4430.0,,,0,,15145.0,12961.0,3000,0,0,0,0,0,120.0,0.0,480.0,3000.0,1.0,1,29,4430.0,3000,120.0,480.0,600.0,0.13544018058690746,0.13544018058690746,0
411704,9868.28096840253,1,1999,7,5,3,3.0,2.0,,720.0,,0,,15145.0,12961.0,3000,0,0,0,0,0,120.0,0.0,480.0,3000.0,1.0,1,25,720.0,3000,120.0,480.0,600.0,0.8333333333333334,0.8333333333333334,1
412102,9429.289937633872,1,1991,7,5,3,1.0,1.0,3480.0,,,0,,8963.0,8279.0,0,0,0,1800,0,0,0.0,0.0,0.0,0.0,1.0,1,33,3480.0,1800,0.0,0.0,0.0,0.0,0.0,0
412803,7303.440884217652,2,1985,6,1,2,2.0,1.0,,2075.0,,0,,7675.0,7039.0,7529,0,288,0,0,0,241.0,0.0,239.0,7529.0,1.0,1,39,2075.0,7817,241.0,239.0,480.0,0.23132530120481928,0.23132530120481928,0
413503,5760.26261364097,1,2001,7,5,3,5.0,,,,8700.0,0,,44388.0,35532.0,121802,0,440,0,0,0,4080.0,42.0,4320.0,120000.0,1.0,1,23,8700.0,122242,4122.0,4320.0,8442.0,0.9703448275862069,0.9703448275862069,1
414003,7315.670968529201,2,1988,7,1,3,1.0,1.0,4370.0,,,0,,9315.0,8139.0,23000,0,0,0,0,0,0.0,0.0,0.0,0.0,1.0,3,36,4370.0,23000,0.0,0.0,0.0,0.0,0.0,0
414051,10594.000717886895,1,1988,5,1,3,1.0,1.0,4745.0,,,0,,9315.0,8139.0,23000,0,0,0,0,0,0.0,0.0,0.0,0.0,1.0,3,36,4745.0,23000,0.0,0.0,0.0,0.0,0.0,0
414104,6858.65391450428,1,1994,5,5,3,1.0,1.0,4704.0,,,0,,15258.0,13458.0,0,0,0,0,0,0,0.0,0.0,0.0,0.0,1.0,1,30,4704.0,0,0.0,0.0,0.0,0.0,0.0,0
414151,10594.000717886895,1,1988,6,1,3,1.0,1.0,5670.0,,,0,,6542.0,5618.0,14325,0,0,0,0,0,285.0,0.0,675.0,1435.0,1.0,1,36,5670.0,14325,285.0,675.0,960.0,0.1693121693121693,0.1693121693121693,0
414204,13281.732106188578,1,1997,6,5,3,9.0,,,840.0,,0,,4484.0,4172.0,6000,0,0,0,0,0,144.0,0.0,0.0,6000.0,1.0,2,27,840.0,6000,144.0,0.0,144.0,0.17142857142857143,0.17142857142857143,0
414304,14590.634138820973,2,1996,6,5,3,1.0,1.0,4248.0,,,0,,15018.0,13566.0,4870,0,0,0,0,0,108.0,0.0,552.0,4000.0,1.0,1,28,4248.0,4870,108.0,552.0,660.0,0.1553672316384181,0.1553672316384181,0
414803,11402.087188990236,2,1996,5,5,3,1.0,1.0,2620.0,,,0,,12357.0,11241.0,19760,0,0,29000,0,0,0.0,720.0,0.0,0.0,1.0,1,28,2620.0,48760,720.0,0.0,720.0,0.2748091603053435,0.2748091603053435,0
414804,6858.65391450428,1,1998,5,5,3,2.0,1.0,,2085.0,,0,,12357.0,11241.0,19760,0,0,29000,0,0,0.0,720.0,0.0,0.0,1.0,1,26,2085.0,48760,720.0,0.0,720.0,0.34532374100719426,0.34532374100719426,0
414903,10587.000866708126,1,1988,6,5,3,1.0,1.0,4200.0,,,0,,5225.0,4745.0,4000,0,0,0,0,0,0.0,0.0,,,,6,36,4200.0,4000,0.0,0.0,0.0,0.0,0.0,0
414904,15305.958688966173,1,1990,5,1,1,1.0,1.0,3770.0,450.0,,0,,5622.0,5250.0,8424,0,0,0,0,190,192.0,70.0,0.0,7600.0,1.0,2,34,4220.0,8614,262.0,0.0,262.0,0.06208530805687204,0.06208530805687204,0
414951,6879.392339555281,2,1989,6,1,1,8.0,,,800.0,,0,,5622.0,5250.0,8424,0,0,0,0,190,192.0,70.0,0.0,7600.0,1.0,2,35,800.0,8614,262.0,0.0,262.0,0.3275,0.3275,0
415803,6033.230936186607,1,2000,5,5,3,2.0,1.0,,3976.0,,0,,13650.0,12102.0,0,0,0,0,0,0,0.0,0.0,0.0,0.0,1.0,1,24,3976.0,0,0.0,0.0,0.0,0.0,0.0,0
415903,7484.616116033427,2,2002,7,5,3,9.0,,,368.0,,0,,8308.0,8116.0,0,0,0,0,0,0,0.0,0.0,0.0,0.0,1.0,1,22,368.0,0,0.0,0.0,0.0,0.0,0.0,0
416204,11699.618463113417,2,1995,6,5,3,2.0,1.0,,3300.0,,0,,9700.0,9280.0,0,0,0,0,0,0,0.0,0.0,0.0,0.0,1.0,3,29,3300.0,0,0.0,0.0,0.0,0.0,0.0,0
416304,6858.65391450428,1,1994,5,5,3,1.0,1.0,2206.0,,,0,,4606.0,4306.0,0,0,0,0,0,0,0.0,0.0,0.0,0.0,1.0,3,30,2206.0,0,0.0,0.0,0.0,0.0,0.0,0
416803,5220.916620193047,1,1996,5,5,3,1.0,1.0,3189.0,,,0,,15889.0,14725.0,0,0,0,0,0,0,0.0,0.0,0.0,0.0,1.0,1,28,3189.0,0,0.0,0.0,0.0,0.0,0.0,0
416804,6735.334649672031,2,2002,6,5,3,2.0,1.0,,2183.0,,0,,15889.0,14725.0,0,0,0,0,0,0,0.0,0.0,0.0,0.0,1.0,1,22,2183.0,0,0.0,0.0,0.0,0.0,0.0,0
417403,6423.019180889295,2,1997,7,5,3,1.0,1.0,3168.0,,,0,,6266.0,5618.0,0,0,0,0,0,0,0.0,0.0,0.0,0.0,1.0,1,27,3168.0,0,0.0,0.0,0.0,0.0,0.0,0
420704,9886.061174146442,1,2000,5,5,1,9.0,,,,,1288,,7040.0,6572.0,7500,0,0,0,0,0,264.0,0.0,0.0,7500.0,1.0,2,24,1288.0,7500,264.0,0.0,264.0,0.20496894409937888,0.20496894409937888,0
421302,12791.91686772869,1,1991,5,5,3,1.0,1.0,6120.0,,,0,,12619.0,11131.0,0,0,280,0,0,0,0.0,0.0,0.0,0.0,1.0,1,33,6120.0,280,0.0,0.0,0.0,0.0,0.0,0
421303,4006.666374905562,2,1994,5,5,3,1.0,1.0,3720.0,,,0,,12619.0,11131.0,0,0,280,0,0,0,0.0,0.0,0.0,0.0,1.0,1,30,3720.0,280,0.0,0.0,0.0,0.0,0.0,0
421603,6234.0519964816285,2,1994,7,5,3,1.0,1.0,4269.0,,,0,,11511.0,10443.0,13145,0,0,0,0,0,180.0,120.0,240.0,8095.0,1.0,1,30,4269.0,13145,300.0,240.0,540.0,0.12649332396345747,0.12649332396345747,0
422204,2432.1259454345827,2,1999,6,5,3,1.0,1.0,2926.0,,,0,,11064.0,10128.0,0,0,280,1500,0,0,0.0,0.0,0.0,0.0,1.0,1,25,2926.0,1780,0.0,0.0,0.0,0.0,0.0,0
423907,7563.812386604528,1,1999,7,5,3,9.0,,,444.0,,0,,13836.0,11472.0,55000,0,0,0,0,0,1920.0,1080.0,0.0,30000.0,1.0,1,25,444.0,55000,3000.0,0.0,3000.0,6.756756756756757,5.0,1
425203,6360.468930638057,1,1999,5,5,2,1.0,1.0,3959.0,,,0,,3959.0,3455.0,0,0,0,0,0,0,0.0,0.0,0.0,0.0,1.0,3,25,3959.0,0,0.0,0.0,0.0,0.0,0.0,0
425404,5770.158077127886,2,2000,7,5,3,9.0,,,120.0,,0,,3344.0,3296.0,0,8000,0,0,0,0,0.0,0.0,0.0,0.0,1.0,1,24,120.0,8000,0.0,0.0,0.0,0.0,0.0,0
425403,11907.621554355654,1,1998,7,5,3,1.0,1.0,3192.0,,,0,,3680.4,3392.4,0,0,0,0,0,0,0.0,0.0,,,,6,26,3192.0,0,0.0,0.0,0.0,0.0,0.0,0
425603,14049.640081125051,2,1998,7,5,3,1.0,1.0,3476.0,,,0,,14862.0,12678.0,8448,0,552,0,0,0,252.0,48.0,552.0,8448.0,1.0,1,26,3476.0,9000,300.0,552.0,852.0,0.24510932105868816,0.24510932105868816,0
425904,7134.672247837959,1,2005,5,5,3,9.0,,,400.0,,0,,12346.0,11098.0,24530,0,0,0,0,0,850.0,0.0,470.0,24530.0,1.0,1,19,400.0,24530,850.0,470.0,1320.0,3.3,3.3,1
426303,6859.879742815936,2,1998,7,5,3,2.0,1.0,,1455.0,,0,,22025.0,19697.0,0,0,0,1000,0,0,0.0,0.0,0.0,0.0,1.0,1,26,1455.0,1000,0.0,0.0,0.0,0.0,0.0,0
426304,3404.663477315014,2,2000,7,5,3,2.0,1.0,,495.0,,0,,22025.0,19697.0,0,0,0,1000,0,0,0.0,0.0,0.0,0.0,1.0,1,24,495.0,1000,0.0,0.0,0.0,0.0,0.0,0
426551,10051.507439091496,2,1986,6,1,3,2.0,1.0,,2856.0,,0,,6863.0,5759.0,2460,0,0,0,234,0,152.0,0.0,2040.0,4260.0,1.0,1,38,2856.0,2694,152.0,2040.0,2192.0,0.7675070028011205,0.7675070028011205,1
426504,7811.84890040778,1,1987,7,5,3,1.0,1.0,6876.0,,,0,,7080.0,6036.0,0,14000,0,0,0,0,0.0,360.0,0.0,0.0,1.0,2,37,6876.0,14000,360.0,0.0,360.0,0.05235602094240838,0.05235602094240838,0
428003,12376.878503944563,2,1995,7,1,1,1.0,1.0,3435.0,,,0,,8519.0,7715.0,13000,0,0,0,0,0,360.0,0.0,0.0,13000.0,1.0,3,29,3435.0,13000,360.0,0.0,360.0,0.10480349344978165,0.10480349344978165,0
428051,6216.516638150838,1,1993,7,1,1,1.0,1.0,4470.0,,,0,,8519.0,7715.0,13000,0,0,0,0,0,360.0,0.0,0.0,13000.0,1.0,3,31,4470.0,13000,360.0,0.0,360.0,0.08053691275167785,0.08053691275167785,0
429503,6221.178632779293,1,1991,7,5,3,5.0,,,,10000.0,0,,15445.0,13885.0,3500,0,0,0,0,0,216.0,0.0,720.0,3500.0,1.0,1,33,10000.0,3500,216.0,720.0,936.0,0.0936,0.0936,0
429803,6589.5678168112545,1,1991,6,5,3,2.0,1.0,,3259.0,,0,,7569.0,4581.0,13000,0,0,3000,0,0,0.0,846.0,0.0,0.0,1.0,1,33,3259.0,16000,846.0,0.0,846.0,0.25958883092973306,0.25958883092973306,0
429903,8219.919233068445,2,1989,9,1,3,1.0,1.0,3270.0,,,0,,10402.0,9262.0,0,0,0,0,0,0,0.0,0.0,0.0,0.0,1.0,1,35,3270.0,0,0.0,0.0,0.0,0.0,0.0,0
429904,11989.776271961839,2,1991,7,1,3,1.0,1.0,4553.0,,,0,,11699.0,10247.0,16200,0,0,0,0,0,650.0,17.0,1500.0,15300.0,1.0,2,33,4553.0,16200,667.0,1500.0,2167.0,0.47594992312760814,0.47594992312760814,1
430904,4041.9209235888934,2,1999,6,5,3,2.0,1.0,,1620.0,,0,,8086.0,7198.0,25200,0,0,0,0,0,600.0,1080.0,840.0,14200.0,1.0,1,25,1620.0,25200,1680.0,840.0,2520.0,1.5555555555555556,1.5555555555555556,1
431503,6243.795327035328,1,1998,6,5,3,9.0,,,950.0,,0,,7271.0,6897.8,0,3000,0,0,0,0,180.0,0.0,0.0,3000.0,1.0,2,26,950.0,3000,180.0,0.0,180.0,0.18947368421052632,0.18947368421052632,0
431504,3203.7313225063467,1,2002,7,5,3,9.0,,,1000.0,,0,,7271.0,6897.8,0,3000,0,0,0,0,180.0,0.0,0.0,3000.0,1.0,2,22,1000.0,3000,180.0,0.0,180.0,0.18,0.18,0
431103,1412.5236877785717,2,2004,7,5,3,3.0,1.0,,234.0,,0,,8872.0,8020.0,8500,0,0,0,0,0,180.0,0.0,1260.0,8500.0,1.0,1,20,234.0,8500,180.0,1260.0,1440.0,6.153846153846154,5.0,1
432503,6423.019180889295,2,1994,7,5,3,2.0,1.0,,2160.0,,0,,19009.0,15877.0,10000,0,0,0,0,0,528.0,0.0,0.0,10000.0,1.0,1,30,2160.0,10000,528.0,0.0,528.0,0.24444444444444444,0.24444444444444444,0
432504,10391.08982780382,1,2000,7,5,3,9.0,,,480.0,,0,,19009.0,15877.0,10000,0,0,0,0,0,528.0,0.0,0.0,10000.0,1.0,1,24,480.0,10000,528.0,0.0,528.0,1.1,1.1,1
432603,12467.302692224035,1,1991,9,5,3,2.0,1.0,,1560.0,,0,,8100.0,7692.0,0,0,396,0,0,0,0.0,228.0,,,,6,33,1560.0,396,228.0,0.0,228.0,0.14615384615384616,0.14615384615384616,0
432604,14279.335601663312,2,1993,5,5,2,2.0,1.0,,3313.0,,0,,3313.0,3009.4,0,0,0,0,0,0,0.0,0.0,,,,4,31,3313.0,0,0.0,0.0,0.0,0.0,0.0,0
435503,5506.142549610129,2,2000,6,5,2,2.0,1.0,,3756.0,,0,,3816.0,3372.0,0,0,0,0,0,0,0.0,0.0,0.0,0.0,1.0,3,24,3756.0,0,0.0,0.0,0.0,0.0,0.0,0
436104,7175.943619979098,2,2001,6,5,3,1.0,1.0,4082.0,,,0,,10713.0,10089.0,0,0,180,0,0,0,0.0,0.0,0.0,0.0,1.0,1,23,4082.0,180,0.0,0.0,0.0,0.0,0.0,0
437203,7812.0367675850775,1,1988,9,5,1,1.0,1.0,6066.0,,,0,,6360.0,5520.0,500,0,0,0,0,0,0.0,36.0,0.0,0.0,1.0,3,36,6066.0,500,36.0,0.0,36.0,0.005934718100890208,0.005934718100890208,0
437251,5080.559748161928,1,1992,7,1,2,1.0,1.0,3780.0,,,0,,4068.0,3708.0,14900,0,90,0,0,0,744.0,0.0,0.0,14900.0,1.0,2,32,3780.0,14990,744.0,0.0,744.0,0.19682539682539682,0.19682539682539682,0
438103,11589.684042589966,1,1995,6,5,3,2.0,1.0,,2902.0,,0,,13292.0,10880.0,4600,0,1560,0,0,0,115.0,240.0,185.0,4600.0,1.0,1,29,2902.0,6160,355.0,185.0,540.0,0.18607856650585802,0.18607856650585802,0
438104,10148.269953805146,1,1998,7,5,3,1.0,1.0,3140.0,,,0,,13292.0,10880.0,4600,0,1560,0,0,0,115.0,240.0,185.0,4600.0,1.0,1,26,3140.0,6160,355.0,185.0,540.0,0.17197452229299362,0.17197452229299362,0
439603,6171.024374278926,2,1989,7,5,3,1.0,1.0,2910.0,,,0,,12414.0,11406.0,0,0,0,0,0,0,0.0,0.0,0.0,0.0,1.0,1,35,2910.0,0,0.0,0.0,0.0,0.0,0.0,0
439604,14796.928187959424,1,1991,7,1,3,1.0,1.0,4013.0,,,0,,4047.0,3183.0,0,0,0,0,0,0,110.0,0.0,0.0,0.0,1.0,1,33,4013.0,0,110.0,0.0,110.0,0.0274109145277847,0.0274109145277847,0
439703,6589.5678168112545,1,1992,7,5,3,6.0,,,,2500.0,0,,10474.0,9346.0,3000,0,0,0,0,0,14.0,0.0,500.0,3000.0,1.0,1,32,2500.0,3000,14.0,500.0,514.0,0.2056,0.2056,0
439704,6589.5678168112545,1,1993,6,1,3,1.0,1.0,5530.0,,,0,,5800.0,5188.0,0,0,0,0,0,0,0.0,0.0,0.0,0.0,1.0,2,31,5530.0,0,0.0,0.0,0.0,0.0,0.0,0
441254,7563.812386604528,1,2001,7,5,3,1.0,1.0,2520.0,,,0,,12776.0,11024.0,0,0,0,1000,0,0,0.0,0.0,0.0,0.0,1.0,1,23,2520.0,1000,0.0,0.0,0.0,0.0,0.0,0
442703,7811.84890040778,1,1988,7,1,4,5.0,,,,2840.0,0,,5965.0,5293.0,0,0,0,0,0,0,0.0,0.0,,,,5,36,2840.0,0,0.0,0.0,0.0,0.0,0.0,0
443004,6583.570775734007,1,1990,7,5,3,1.0,1.0,4720.0,,,0,,8531.0,7787.0,12484,0,0,0,0,0,216.0,264.0,216.0,8284.0,1.0,1,34,4720.0,12484,480.0,216.0,696.0,0.14745762711864407,0.14745762711864407,0
443005,5405.853245754884,2,1994,5,5,3,9.0,,820.0,,,0,,8531.0,7787.0,12484,0,0,0,0,0,216.0,264.0,216.0,8284.0,1.0,1,30,820.0,12484,480.0,216.0,696.0,0.848780487804878,0.848780487804878,1
443404,9993.720527200321,2,1997,5,5,1,1.0,1.0,3172.0,,,0,,5874.0,5418.0,0,0,0,7000,0,0,0.0,0.0,0.0,0.0,1.0,1,27,3172.0,7000,0.0,0.0,0.0,0.0,0.0,0
444104,11304.487993242828,1,1994,8,5,4,2.0,1.0,,1200.0,,0,,6182.0,5930.0,0,0,0,0,0,0,0.0,0.0,0.0,0.0,1.0,1,30,1200.0,0,0.0,0.0,0.0,0.0,0.0,0
444803,6869.237773737158,1,1989,7,5,4,4.0,1.0,,900.0,,0,,5467.0,5083.0,0,0,0,0,0,0,0.0,0.0,0.0,0.0,1.0,1,35,900.0,0,0.0,0.0,0.0,0.0,0.0,0
444804,11252.242046982323,2,1993,7,5,4,1.0,1.0,3240.0,,,0,,3564.0,3156.0,0,0,0,0,0,0,0.0,0.0,,,,6,31,3240.0,0,0.0,0.0,0.0,0.0,0.0,0
445003,7315.846903121947,2,1988,7,1,1,1.0,1.0,6750.0,,,0,,15507.0,13239.0,8000,0,0,0,0,0,276.0,0.0,0.0,8000.0,1.0,3,36,6750.0,8000,276.0,0.0,276.0,0.04088888888888889,0.04088888888888889,0
445051,10823.63229662742,1,1985,7,1,1,1.0,1.0,7192.0,,,0,,15507.0,13239.0,8000,0,0,0,0,0,276.0,0.0,0.0,8000.0,1.0,3,39,7192.0,8000,276.0,0.0,276.0,0.03837597330367074,0.03837597330367074,0
445004,14949.998204093368,2,1990,7,5,1,1.0,1.0,5077.0,,,0,,5817.0,5013.0,0,0,0,0,0,0,0.0,0.0,0.0,0.0,1.0,2,34,5077.0,0,0.0,0.0,0.0,0.0,0.0,0
445203,7186.732152370842,1,1998,7,5,3,1.0,1.0,4030.0,,,0,,23420.0,18680.0,0,0,0,0,0,0,0.0,0.0,0.0,0.0,1.0,2,26,4030.0,0,0.0,0.0,0.0,0.0,0.0,0
446403,5801.831610963248,1,1999,7,5,3,9.0,,,624.0,,0,,17026.0,13546.0,35000,0,0,23000,0,0,0.0,1800.0,0.0,0.0,1.0,2,25,624.0,58000,1800.0,0.0,1800.0,2.8846153846153846,2.8846153846153846,1
446503,13225.953278355308,1,1998,7,5,3,2.0,1.0,,2520.0,,0,,9660.0,8172.0,0,0,0,0,0,0,0.0,0.0,0.0,0.0,1.0,1,26,2520.0,0,0.0,0.0,0.0,0.0,0.0,0
447303,8118.631449340077,1,2000,7,5,2,9.0,,,750.0,,0,,12740.0,11948.0,0,0,0,0,0,0,0.0,0.0,0.0,0.0,1.0,1,24,750.0,0,0.0,0.0,0.0,0.0,0.0,0
448504,3095.0023313638226,2,1996,8,5,3,1.0,1.0,4733.0,,,0,,6953.0,5825.0,19179,0,0,0,0,0,654.0,0.0,1806.0,19179.0,1.0,1,28,4733.0,19179,654.0,1806.0,2460.0,0.5197549123177688,0.5197549123177688,1
449404,8323.070813387438,1,1993,6,5,1,2.0,1.0,,5156.0,,0,,5216.0,4520.0,0,0,0,0,0,0,0.0,0.0,0.0,0.0,1.0,3,31,5156.0,0,0.0,0.0,0.0,0.0,0.0,0
449403,8397.624272854528,1,1990,7,5,4,1.0,1.0,3732.0,,,0,,3760.0,3424.0,0,0,0,0,0,0,0.0,0.0,0.0,0.0,1.0,3,34,3732.0,0,0.0,0.0,0.0,0.0,0.0,0
450003,3229.2589762867606,2,2002,6,5,3,2.0,1.0,,2940.0,,0,,3120.0,2832.0,0,0,0,0,0,0,0.0,0.0,0.0,0.0,1.0,3,22,2940.0,0,0.0,0.0,0.0,0.0,0.0,0
450103,8494.150728092825,1,2001,7,5,3,2.0,1.0,,831.0,,0,,7017.0,6645.0,5100,0,0,0,0,0,67.0,0.0,0.0,4300.0,1.0,3,23,831.0,5100,67.0,0.0,67.0,0.08062575210589651,0.08062575210589651,0
451803,10762.300266088996,1,1986,5,5,4,1.0,1.0,4000.0,,,0,,8740.0,8212.0,0,0,0,0,0,0,0.0,0.0,0.0,0.0,1.0,1,38,4000.0,0,0.0,0.0,0.0,0.0,0.0,0
452304,11298.787353385522,2,1990,7,1,3,1.0,1.0,2019.0,,,0,,11019.0,10299.0,11450,0,0,0,0,0,210.0,25.0,420.0,10800.0,1.0,1,34,2019.0,11450,235.0,420.0,655.0,0.32441802872709263,0.32441802872709263,0
452305,2710.0329425083146,2,1999,6,5,3,2.0,1.0,,1200.0,,240,,11019.0,10299.0,11450,0,0,0,0,0,210.0,25.0,420.0,10800.0,1.0,1,25,1440.0,11450,235.0,420.0,655.0,0.4548611111111111,0.4548611111111111,1
452306,2778.7429577213147,2,1999,6,5,3,2.0,1.0,,1470.0,,0,,11019.0,10299.0,11450,0,0,0,0,0,210.0,25.0,420.0,10800.0,1.0,1,25,1470.0,11450,235.0,420.0,655.0,0.445578231292517,0.445578231292517,1
452352,6457.3108996928695,1,1988,7,1,3,2.0,1.0,,3450.0,,0,,11019.0,10299.0,11450,0,0,0,0,0,210.0,25.0,420.0,10800.0,1.0,1,36,3450.0,11450,235.0,420.0,655.0,0.18985507246376812,0.18985507246376812,0
454403,925.848052082423,2,2001,6,5,3,2.0,1.0,,2518.0,,0,,2616.0,2352.0,0,0,0,0,0,0,0.0,0.0,,,,5,23,2518.0,0,0.0,0.0,0.0,0.0,0.0,0
454904,6206.413406684629,2,2001,7,5,2,2.0,1.0,,1400.0,,0,,7773.0,7497.0,0,0,140,0,0,0,0.0,0.0,,,,4,23,1400.0,140,0.0,0.0,0.0,0.0,0.0,0
454905,9679.184933851931,2,2004,6,5,2,2.0,1.0,,929.0,,0,,7773.0,7497.0,0,0,140,0,0,0,0.0,0.0,,,,4,20,929.0,140,0.0,0.0,0.0,0.0,0.0,0
454903,8438.77479348228,2,1999,6,5,3,2.0,1.0,,2194.0,,0,,2201.0,2009.0,900,0,0,0,0,0,0.0,0.0,0.0,0.0,1.0,3,25,2194.0,900,0.0,0.0,0.0,0.0,0.0,0
455003,13807.10319567479,2,1993,7,5,3,2.0,1.0,,2400.0,,0,,7880.0,6956.0,10000,0,0,30000,0,0,300.0,0.0,0.0,10000.0,1.0,1,31,2400.0,40000,300.0,0.0,300.0,0.125,0.125,0
455103,4417.636013455094,1,2002,6,5,3,2.0,1.0,,3144.0,,0,,12904.0,12316.0,0,0,0,0,0,0,0.0,0.0,0.0,0.0,1.0,1,22,3144.0,0,0.0,0.0,0.0,0.0,0.0,0
455104,9348.198954209964,1,2004,7,5,3,9.0,,,280.0,,0,,12904.0,12316.0,0,0,0,0,0,0,0.0,0.0,0.0,0.0,1.0,1,20,280.0,0,0.0,0.0,0.0,0.0,0.0,0
455303,6847.264219605126,1,2000,5,5,1,2.0,1.0,,3904.0,,0,,8704.0,7876.0,0,0,0,0,0,0,0.0,0.0,0.0,0.0,1.0,2,24,3904.0,0,0.0,0.0,0.0,0.0,0.0,0
455403,4126.073181655765,2,2004,7,5,3,9.0,,,300.0,,0,,6065.0,5609.0,0,0,0,0,0,0,0.0,0.0,0.0,0.0,1.0,3,20,300.0,0,0.0,0.0,0.0,0.0,0.0,0
455803,4611.430195540509,2,2001,7,5,3,9.0,,,900.0,,0,,8063.0,7271.0,0,0,0,0,0,0,0.0,0.0,0.0,0.0,1.0,1,23,900.0,0,0.0,0.0,0.0,0.0,0.0,0
455805,4348.762861032697,1,2005,5,5,3,9.0,,,300.0,,0,,8063.0,7271.0,0,0,0,0,0,0,0.0,0.0,0.0,0.0,1.0,1,19,300.0,0,0.0,0.0,0.0,0.0,0.0,0
456103,4422.248084135106,2,2003,7,5,4,9.0,,,320.0,,0,,13238.0,10634.0,13844,0,0,3000,0,0,0.0,464.0,0.0,0.0,1.0,1,21,320.0,16844,464.0,0.0,464.0,1.45,1.45,1
456202,11105.443037360716,2,1986,5,1,4,9.0,,,,2700.0,0,,8212.0,7360.0,6000,0,0,0,0,0,0.0,180.0,,,,6,38,2700.0,6000,180.0,0.0,180.0,0.06666666666666667,0.06666666666666667,0
457003,1721.8190564351428,1,2002,5,5,4,9.0,,,,,1224,,14043.0,12507.0,0,0,0,200,0,2500,0.0,0.0,0.0,0.0,1.0,2,22,1224.0,2700,0.0,0.0,0.0,0.0,0.0,0
457004,9758.888516132034,2,2003,5,5,4,2.0,1.0,,1430.0,,0,,14043.0,12507.0,0,0,0,200,0,2500,0.0,0.0,0.0,0.0,1.0,2,21,1430.0,2700,0.0,0.0,0.0,0.0,0.0,0
458804,1795.7129134079055,2,1992,8,5,1,1.0,1.0,5880.0,,,0,,6216.0,5376.0,0,0,0,0,0,0,0.0,0.0,,,,5,32,5880.0,0,0.0,0.0,0.0,0.0,0.0,0
458805,11189.50999557466,1,1995,7,5,3,1.0,1.0,2756.0,,,0,,2766.0,2394.0,0,0,0,0,0,0,0.0,0.0,0.0,0.0,1.0,2,29,2756.0,0,0.0,0.0,0.0,0.0,0.0,0
459702,8016.242870756581,1,1999,6,5,4,1.0,1.0,2760.0,,,0,,6662.0,6386.0,0,0,1196,0,0,0,0.0,84.0,,,,5,25,2760.0,1196,84.0,0.0,84.0,0.030434782608695653,0.030434782608695653,0
459703,953.4639042393013,2,2001,5,5,4,2.0,1.0,,1140.0,,0,,6662.0,6386.0,0,0,1196,0,0,0,0.0,84.0,,,,5,23,1140.0,1196,84.0,0.0,84.0,0.07368421052631578,0.07368421052631578,0
460705,16448.282100241286,1,1991,6,5,3,1.0,1.0,5896.0,,,0,,6854.0,5546.0,7737,0,0,0,0,0,91.0,0.0,263.0,7737.0,1.0,1,33,5896.0,7737,91.0,263.0,354.0,0.06004070556309362,0.06004070556309362,0
460804,1244.7123548640998,2,2002,7,5,4,9.0,,,820.0,,0,,6980.0,6368.0,0,0,800,0,0,0,0.0,0.0,0.0,0.0,1.0,1,22,820.0,800,0.0,0.0,0.0,0.0,0.0,0
460903,3786.6604464009342,2,1990,7,1,1,1.0,1.0,5380.0,,,0,,12117.0,10353.0,19920,3000,0,0,0,0,537.0,95.0,0.0,11000.0,1.0,2,34,5380.0,22920,632.0,0.0,632.0,0.11747211895910781,0.11747211895910781,0
460951,7250.68233053623,1,1989,7,1,1,1.0,1.0,6645.0,,,0,,12117.0,10353.0,19920,3000,0,0,0,0,537.0,95.0,0.0,11000.0,1.0,2,35,6645.0,22920,632.0,0.0,632.0,0.09510910458991723,0.09510910458991723,0
462603,1600.5599612992214,2,2002,7,5,4,9.0,,,600.0,,0,,14485.0,13081.0,30000,0,0,0,0,0,252.0,1200.0,2148.0,5000.0,1.0,1,22,600.0,30000,1452.0,2148.0,3600.0,6.0,5.0,1
462604,6571.024929426016,2,2004,7,5,4,9.0,,,150.0,,0,,14485.0,13081.0,30000,0,0,0,0,0,252.0,1200.0,2148.0,5000.0,1.0,1,20,150.0,30000,1452.0,2148.0,3600.0,24.0,5.0,1
462804,3317.2505842771334,1,1989,7,1,3,1.0,1.0,3900.0,,,0,,4205.0,3833.0,10000,0,0,0,0,0,204.0,0.0,0.0,10000.0,1.0,2,35,3900.0,10000,204.0,0.0,204.0,0.052307692307692305,0.052307692307692305,0
463204,4500.250349281443,2,1990,5,1,4,3.0,1.0,,3000.0,,0,,7470.0,7038.0,3400,0,0,500,0,0,50.0,82.0,300.0,1600.0,1.0,1,34,3000.0,3900,132.0,300.0,432.0,0.144,0.144,0
464204,2495.672945187464,2,1995,6,5,3,1.0,1.0,3135.0,,,0,,3155.0,2831.0,0,0,0,0,0,0,0.0,0.0,0.0,0.0,1.0,3,29,3135.0,0,0.0,0.0,0.0,0.0,0.0,0
464205,14284.40139732136,1,1997,6,5,2,9.0,,,1284.0,,0,,1380.0,1092.0,2700,0,0,0,0,0,0.0,0.0,,,,6,27,1284.0,2700,0.0,0.0,0.0,0.0,0.0,0
466804,2766.6931392180354,1,1989,7,5,4,3.0,1.0,,2544.0,,0,,7656.0,7500.0,0,0,0,0,0,0,0.0,0.0,0.0,0.0,1.0,1,35,2544.0,0,0.0,0.0,0.0,0.0,0.0,0
466805,9286.440824168545,1,1992,7,5,3,1.0,1.0,7756.0,,,0,,7906.0,6802.0,7000,0,0,0,0,0,238.0,0.0,0.0,7000.0,1.0,2,32,7756.0,7000,238.0,0.0,238.0,0.030685920577617327,0.030685920577617327,0
467802,13002.339187178723,2,1987,5,5,4,2.0,1.0,,696.0,,0,,2852.0,2850.8,0,0,0,0,0,0,0.0,0.0,,,,4,37,696.0,0,0.0,0.0,0.0,0.0,0.0,0
468603,6858.65391450428,1,1997,5,5,3,6.0,,,,4792.0,0,,16558.0,14842.0,30000,0,0,13500,0,0,204.0,960.0,996.0,5000.0,1.0,1,27,4792.0,43500,1164.0,996.0,2160.0,0.4507512520868113,0.4507512520868113,1
468604,11967.034651176313,1,1999,6,5,3,2.0,1.0,,144.0,,991,,16558.0,14842.0,30000,0,0,13500,0,0,204.0,960.0,996.0,5000.0,1.0,1,25,1135.0,43500,1164.0,996.0,2160.0,1.9030837004405285,1.9030837004405285,1
468704,6712.8877845422585,1,1994,6,5,3,2.0,1.0,2082.0,1150.0,,0,,3382.0,3046.0,0,0,0,0,0,0,0.0,0.0,0.0,0.0,1.0,1,30,3232.0,0,0.0,0.0,0.0,0.0,0.0,0
469304,4834.365349894715,1,1995,6,5,3,1.0,1.0,6170.0,,,0,,6182.0,5126.0,1750,0,0,0,0,0,0.0,160.0,,,,5,29,6170.0,1750,160.0,0.0,160.0,0.02593192868719611,0.02593192868719611,0
469303,2637.3726720417612,1,1993,6,5,3,1.0,1.0,5930.0,,,0,,5995.0,4963.0,4000,0,500,0,0,0,0.0,444.0,0.0,0.0,1.0,3,31,5930.0,4500,444.0,0.0,444.0,0.07487352445193929,0.07487352445193929,0
470103,2425.7267904164196,1,2000,5,5,3,1.0,1.0,3150.0,,,0,,10717.0,9445.0,2983,0,0,0,0,0,104.0,0.0,561.0,2983.0,1.0,1,24,3150.0,2983,104.0,561.0,665.0,0.2111111111111111,0.2111111111111111,0
470303,12628.417937267051,2,1998,6,5,3,1.0,1.0,2825.0,,,0,,13335.0,12099.0,0,0,105,0,0,0,0.0,97.0,0.0,0.0,1.0,3,26,2825.0,105,97.0,0.0,97.0,0.034336283185840706,0.034336283185840706,0
470304,6448.474318052996,1,2001,5,5,3,1.0,1.0,4085.0,,,0,,13335.0,12099.0,0,0,105,0,0,0,0.0,97.0,0.0,0.0,1.0,3,23,4085.0,105,97.0,0.0,97.0,0.023745410036719705,0.023745410036719705,0
470705,4162.125718871923,1,2004,5,5,3,2.0,1.0,,2000.0,,0,,10095.0,9015.0,7644,0,0,0,0,0,180.0,0.0,238.0,6200.0,1.0,1,20,2000.0,7644,180.0,238.0,418.0,0.209,0.209,0
470803,7038.184904918976,1,2001,7,5,3,3.0,1.0,,456.0,,0,,10636.0,10108.0,5000,0,0,0,0,0,0.0,240.0,0.0,0.0,1.0,1,23,456.0,5000,240.0,0.0,240.0,0.5263157894736842,0.5263157894736842,1
471204,5894.2066004415765,2,1991,8,5,3,1.0,1.0,3520.0,,,0,,15332.0,13724.0,3590,0,0,1500,0,0,120.0,0.0,220.0,3590.0,1.0,1,33,3520.0,5090,120.0,220.0,340.0,0.09659090909090909,0.09659090909090909,0
471203,14410.264682606881,1,1988,6,1,3,1.0,1.0,6772.0,,,0,,9752.0,8852.0,38000,0,0,0,0,0,619.0,1644.0,1375.0,11000.0,1.0,2,36,6772.0,38000,2263.0,1375.0,3638.0,0.5372120496160662,0.5372120496160662,1
471251,5670.251108895079,2,1989,7,1,3,1.0,1.0,1680.0,,,0,,9752.0,8852.0,38000,0,0,0,0,0,619.0,1644.0,1375.0,11000.0,1.0,2,35,1680.0,38000,2263.0,1375.0,3638.0,2.1654761904761903,2.1654761904761903,1
471803,6730.979252945547,2,1999,5,5,3,1.0,1.0,1080.0,,,0,,1245.0,1195.8,0,0,0,0,0,0,0.0,0.0,0.0,0.0,1.0,3,25,1080.0,0,0.0,0.0,0.0,0.0,0.0,0
471905,9502.729915529802,1,1995,7,5,3,8.0,,1091.0,400.0,,0,,2169.0,2063.4,0,0,0,0,0,0,0.0,0.0,0.0,0.0,1.0,3,29,1491.0,0,0.0,0.0,0.0,0.0,0.0,0
472404,7812.0367675850775,1,1986,8,5,1,1.0,1.0,5236.0,1080.0,,0,,6326.0,5606.0,11600,0,0,0,0,0,180.0,168.0,0.0,8800.0,1.0,2,38,6316.0,11600,348.0,0.0,348.0,0.055098163394553513,0.055098163394553513,0
472503,3285.9320978322353,1,2001,5,5,3,2.0,1.0,,2476.0,,0,,3584.0,3488.0,2650,0,1025,0,0,0,0.0,65.0,0.0,0.0,1.0,3,23,2476.0,3675,65.0,0.0,65.0,0.026252019386106624,0.026252019386106624,0
472804,4365.152970916167,1,1995,6,5,3,5.0,,,,3000.0,0,,3200.0,2732.0,0,0,0,0,0,0,0.0,0.0,,,,5,29,3000.0,0,0.0,0.0,0.0,0.0,0.0,0
472803,4487.246443397629,2,1993,6,1,3,1.0,1.0,2796.0,,,0,,2796.0,2412.0,18000,0,0,0,0,0,5760.0,0.0,0.0,18000.0,1.0,1,31,2796.0,18000,5760.0,0.0,5760.0,2.060085836909871,2.060085836909871,1
472904,6256.95835066992,2,1994,7,2,3,1.0,1.0,2640.0,,,0,,8166.0,7698.0,5900,0,0,0,0,0,156.0,56.0,0.0,4500.0,1.0,2,30,2640.0,5900,212.0,0.0,212.0,0.0803030303030303,0.0803030303030303,0
473707,6256.95835066992,2,1995,7,5,3,1.0,1.0,3528.0,,,0,,7072.0,6568.0,5800,0,1600,0,0,250,144.0,0.0,0.0,5800.0,1.0,2,29,3528.0,7650,144.0,0.0,144.0,0.04081632653061224,0.04081632653061224,0
474403,13521.998268763251,2,1987,6,5,3,1.0,1.0,5797.0,,,0,,13680.0,11652.0,1262,0,0,0,0,0,41.0,5.0,0.0,1000.0,1.0,2,37,5797.0,1262,46.0,0.0,46.0,0.007935138864930136,0.007935138864930136,0
474404,10543.137268336877,1,1990,6,5,3,1.0,1.0,7883.0,,,0,,13680.0,11652.0,1262,0,0,0,0,0,41.0,5.0,0.0,1000.0,1.0,2,34,7883.0,1262,46.0,0.0,46.0,0.005835341874920716,0.005835341874920716,0
474803,6293.1933226004585,1,2004,7,5,3,3.0,1.0,,360.0,,0,,7658.0,7034.0,8668,0,1133,0,0,0,552.0,120.0,216.0,8668.0,1.0,3,20,360.0,9801,672.0,216.0,888.0,2.466666666666667,2.466666666666667,1
475203,5815.8632909680055,2,1993,7,5,3,3.0,1.0,,288.0,,0,,2284.0,2260.0,0,0,0,0,0,0,26.0,0.0,2000.0,0.0,1.0,3,31,288.0,0,26.0,2000.0,2026.0,7.034722222222222,5.0,1
475204,5821.338838503269,2,1997,6,5,3,6.0,,,,1200.0,0,,2284.0,2260.0,0,0,0,0,0,0,26.0,0.0,2000.0,0.0,1.0,3,27,1200.0,0,26.0,2000.0,2026.0,1.6883333333333332,1.6883333333333332,1
476004,14234.936693191707,1,1991,9,1,1,1.0,1.0,6665.0,,,0,,7877.0,6881.0,29000,0,1500,0,0,0,1460.0,618.0,0.0,24000.0,1.0,2,33,6665.0,30500,2078.0,0.0,2078.0,0.3117779444861215,0.3117779444861215,0
477004,6852.41198325729,1,1997,6,5,3,1.0,1.0,4630.0,,,0,,4660.0,4024.0,0,0,0,0,0,0,0.0,0.0,,,,6,27,4630.0,0,0.0,0.0,0.0,0.0,0.0,0
477303,13632.380330009093,2,1987,7,5,3,1.0,1.0,4900.0,,,0,,16004.0,14036.0,0,0,0,7000,0,0,0.0,0.0,0.0,0.0,1.0,1,37,4900.0,7000,0.0,0.0,0.0,0.0,0.0,0
477304,6849.964593617194,2,1990,9,1,4,1.0,1.0,4769.0,,,0,,8977.0,7933.0,14400,0,0,0,0,0,72.0,100.0,0.0,0.0,1.0,3,34,4769.0,14400,172.0,0.0,172.0,0.03606626127070665,0.03606626127070665,0
477351,4352.091334441111,1,1988,9,1,4,1.0,1.0,4136.0,,,0,,8977.0,7933.0,14400,0,0,0,0,0,72.0,100.0,0.0,0.0,1.0,3,36,4136.0,14400,172.0,0.0,172.0,0.041586073500967116,0.041586073500967116,0
477404,8093.614878719392,2,1997,6,1,3,6.0,,,,2740.0,0,,11404.0,10360.0,5500,0,0,0,0,0,115.0,0.0,0.0,5500.0,1.0,3,27,2740.0,5500,115.0,0.0,115.0,0.041970802919708027,0.041970802919708027,0
477451,6594.654748101816,1,1994,6,1,3,1.0,1.0,7392.0,,,0,,11404.0,10360.0,5500,0,0,0,0,0,115.0,0.0,0.0,5500.0,1.0,3,30,7392.0,5500,115.0,0.0,115.0,0.015557359307359308,0.015557359307359308,0
477503,7549.446238002451,1,1988,7,1,3,1.0,1.0,5100.0,,,0,,14402.0,13262.0,14000,0,0,2000,0,0,360.0,0.0,1200.0,14000.0,1.0,1,36,5100.0,16000,360.0,1200.0,1560.0,0.3058823529411765,0.3058823529411765,0
477505,4500.250349281443,2,1989,6,1,3,1.0,1.0,3770.0,,,0,,14402.0,13262.0,14000,0,0,2000,0,0,360.0,0.0,1200.0,14000.0,1.0,1,35,3770.0,16000,360.0,1200.0,1560.0,0.41379310344827586,0.41379310344827586,1
477604,9101.979997565237,1,1987,7,5,4,1.0,1.0,3985.0,,,0,,8020.0,7588.0,11758,0,0,0,0,0,188.0,480.0,666.0,5558.0,1.0,1,37,3985.0,11758,668.0,666.0,1334.0,0.33475533249686323,0.33475533249686323,0
478103,16337.177653208388,1,1995,7,5,3,1.0,1.0,2971.0,,,0,,4103.0,3863.0,40,0,0,0,0,0,0.0,4.0,,,,4,29,2971.0,40,4.0,0.0,4.0,0.0013463480309660047,0.0013463480309660047,0
480303,8743.762122565338,1,1987,6,5,3,3.0,1.0,,1368.0,,0,,1598.0,1572.8,0,0,0,0,0,0,0.0,0.0,0.0,0.0,1.0,3,37,1368.0,0,0.0,0.0,0.0,0.0,0.0,0
481404,850.1458529494153,1,1993,7,1,3,1.0,1.0,6640.0,,,0,,10750.0,9286.0,7000,0,0,0,0,0,300.0,0.0,0.0,7000.0,1.0,2,31,6640.0,7000,300.0,0.0,300.0,0.045180722891566265,0.045180722891566265,0
481451,423.15305118032893,2,1994,7,1,3,2.0,1.0,,4080.0,,0,,10750.0,9286.0,7000,0,0,0,0,0,300.0,0.0,0.0,7000.0,1.0,2,30,4080.0,7000,300.0,0.0,300.0,0.07352941176470588,0.07352941176470588,0
482402,13249.910827862814,2,1987,8,5,1,5.0,,,,12000.0,0,,15276.0,14100.0,26000,0,0,0,0,0,1300.0,0.0,0.0,26000.0,1.0,2,37,12000.0,26000,1300.0,0.0,1300.0,0.10833333333333334,0.10833333333333334,0
482403,5169.078885299982,1,1990,7,5,1,2.0,1.0,,3000.0,,0,,15276.0,14100.0,26000,0,0,0,0,0,1300.0,0.0,0.0,26000.0,1.0,2,34,3000.0,26000,1300.0,0.0,1300.0,0.43333333333333335,0.43333333333333335,1
483703,9738.137537349203,1,1988,6,1,4,1.0,1.0,4881.0,,,0,,15471.0,14223.0,0,0,0,15000,0,0,0.0,0.0,0.0,0.0,1.0,1,36,4881.0,15000,0.0,0.0,0.0,0.0,0.0,0
483704,5890.7746254177155,1,1990,6,1,4,1.0,1.0,4724.0,,,0,,6300.0,5820.0,14766,0,0,0,0,0,290.0,94.0,3727.0,14766.0,1.0,1,34,4724.0,14766,384.0,3727.0,4111.0,0.8702370872142252,0.8702370872142252,1
483751,4307.111773774372,2,1989,5,1,4,9.0,,476.0,,,0,,6300.0,5820.0,14766,0,0,0,0,0,290.0,94.0,3727.0,14766.0,1.0,1,35,476.0,14766,384.0,3727.0,4111.0,8.63655462184874,5.0,1
484003,3831.9419597108836,1,1990,7,1,3,1.0,1.0,5898.0,,,0,,8659.0,7963.0,2753,0,0,0,0,0,0.0,24.0,0.0,0.0,1.0,3,34,5898.0,2753,24.0,0.0,24.0,0.004069175991861648,0.004069175991861648,0
484202,8758.803729471407,2,1993,7,5,1,1.0,1.0,3843.0,,,0,,3858.0,3534.0,11700,0,0,0,0,0,228.0,20.0,0.0,10500.0,1.0,2,31,3843.0,11700,248.0,0.0,248.0,0.06453291699193339,0.06453291699193339,0
484203,6180.46081648761,2,1995,7,5,3,1.0,1.0,3964.0,,,0,,7265.0,6365.0,6000,0,0,0,0,0,166.0,0.0,0.0,6000.0,1.0,2,29,3964.0,6000,166.0,0.0,166.0,0.04187689202825429,0.04187689202825429,0
485105,3759.43685615993,2,2000,7,5,4,2.0,1.0,,200.0,,0,,8352.0,7332.0,2000,0,0,0,0,0,100.0,0.0,1680.0,2000.0,1.0,1,24,200.0,2000,100.0,1680.0,1780.0,8.9,5.0,1
485103,7693.487792998176,1,1987,7,1,2,1.0,1.0,1800.0,,,0,,7142.0,6014.0,25500,0,0,0,0,0,450.0,0.0,500.0,25500.0,1.0,1,37,1800.0,25500,450.0,500.0,950.0,0.5277777777777778,0.5277777777777778,1
486204,7200.934345090418,1,1986,6,1,4,1.0,1.0,6202.0,,,0,,6302.0,5294.0,0,0,0,0,0,0,0.0,0.0,0.0,0.0,1.0,1,38,6202.0,0,0.0,0.0,0.0,0.0,0.0,0
487702,433.9854962270963,1,1990,6,4,4,1.0,1.0,4544.0,,,0,,4544.0,3872.0,1000,0,0,0,0,0,0.0,12.0,0.0,0.0,1.0,1,34,4544.0,1000,12.0,0.0,12.0,0.002640845070422535,0.002640845070422535,0
488203,7086.41429994174,1,1992,7,5,4,2.0,1.0,,2400.0,,0,,4860.0,4596.0,0,0,0,0,0,0,0.0,0.0,0.0,0.0,1.0,1,32,2400.0,0,0.0,0.0,0.0,0.0,0.0,0
488303,8912.2912426441,1,1995,6,1,3,1.0,1.0,4610.0,,,0,,8388.0,7092.0,36040,0,0,0,0,0,848.0,0.0,0.0,35000.0,1.0,1,29,4610.0,36040,848.0,0.0,848.0,0.18394793926247288,0.18394793926247288,0
488304,10725.61237109915,2,1998,5,1,3,1.0,1.0,3750.0,,,0,,8388.0,7092.0,36040,0,0,0,0,0,848.0,0.0,0.0,35000.0,1.0,1,26,3750.0,36040,848.0,0.0,848.0,0.22613333333333333,0.22613333333333333,0
488704,2369.141185871042,2,1998,7,5,2,2.0,1.0,,2400.0,,0,,2460.0,2232.0,0,0,0,0,0,0,0.0,0.0,0.0,0.0,1.0,3,26,2400.0,0,0.0,0.0,0.0,0.0,0.0,0
490703,13749.306271699934,2,1996,7,1,3,9.0,,460.0,,,0,,4386.0,3954.0,3000,0,886,0,0,0,105.0,44.0,0.0,3000.0,1.0,3,28,460.0,3886,149.0,0.0,149.0,0.3239130434782609,0.3239130434782609,0
490751,6905.843922909463,1,1990,7,1,3,1.0,1.0,3058.0,,,0,,4386.0,3954.0,3000,0,886,0,0,0,105.0,44.0,0.0,3000.0,1.0,3,34,3058.0,3886,149.0,0.0,149.0,0.0487246566383257,0.0487246566383257,0
491203,13929.871335136462,2,1990,5,1,3,1.0,1.0,3000.0,,,0,,14888.0,13496.0,16005,0,0,0,0,0,474.0,0.0,365.0,16005.0,1.0,1,34,3000.0,16005,474.0,365.0,839.0,0.2796666666666667,0.2796666666666667,0
491204,15595.166095019365,1,1993,7,5,3,1.0,1.0,3000.0,,,0,,14888.0,13496.0,16005,0,0,0,0,0,474.0,0.0,365.0,16005.0,1.0,1,31,3000.0,16005,474.0,365.0,839.0,0.2796666666666667,0.2796666666666667,0
491252,7347.121932605745,1,1985,6,1,3,2.0,3.0,,4000.0,,0,,14888.0,13496.0,16005,0,0,0,0,0,474.0,0.0,365.0,16005.0,1.0,1,39,4000.0,16005,474.0,365.0,839.0,0.20975,0.20975,0
491251,10594.000717886895,1,1988,6,1,3,5.0,,,,10800.0,0,,11815.0,9499.0,6248,0,0,0,0,0,268.0,0.0,452.0,6248.0,1.0,3,36,10800.0,6248,268.0,452.0,720.0,0.06666666666666667,0.06666666666666667,0
491651,7781.687299704353,1,1992,5,1,3,2.0,1.0,,5020.0,,0,,8605.0,7933.0,4500,0,150,1000,0,0,240.0,0.0,0.0,4500.0,1.0,2,32,5020.0,5650,240.0,0.0,240.0,0.04780876494023904,0.04780876494023904,0
491703,14754.879186797007,2,1990,7,1,3,2.0,1.0,,3314.0,,0,,9492.0,8340.0,9600,0,0,0,0,0,453.0,0.0,0.0,9600.0,1.0,2,34,3314.0,9600,453.0,0.0,453.0,0.13669281834640917,0.13669281834640917,0
491751,7781.687299704353,1,1992,9,1,3,1.0,1.0,5578.0,,,0,,9492.0,8340.0,9600,0,0,0,0,0,453.0,0.0,0.0,9600.0,1.0,2,32,5578.0,9600,453.0,0.0,453.0,0.08121190390821083,0.08121190390821083,0
491904,6583.570775734007,1,1993,7,5,3,2.0,1.0,,2880.0,,0,,2880.0,2532.0,0,0,0,0,0,0,0.0,0.0,,,,5,31,2880.0,0,0.0,0.0,0.0,0.0,0.0,0
494505,12440.22473727197,1,2003,6,5,2,9.0,,,50.0,,0,,6900.0,6468.0,0,0,0,0,0,0,0.0,0.0,,,,5,21,50.0,0,0.0,0.0,0.0,0.0,0.0,0
494703,16851.899722453876,1,1992,5,3,3,2.0,1.0,,4320.0,,0,,5554.0,4738.0,0,0,0,0,0,0,0.0,0.0,0.0,0.0,1.0,1,32,4320.0,0,0.0,0.0,0.0,0.0,0.0,0
495651,4433.741156701408,2,1988,7,1,3,6.0,,,,3640.0,0,,14725.0,14017.0,600,0,0,0,0,0,0.0,50.0,0.0,0.0,1.0,3,36,3640.0,600,50.0,0.0,50.0,0.013736263736263736,0.013736263736263736,0
496005,15589.833806447212,1,1993,7,1,3,1.0,1.0,4890.0,,,0,,10460.0,9272.0,0,0,0,0,0,0,0.0,0.0,0.0,0.0,1.0,3,31,4890.0,0,0.0,0.0,0.0,0.0,0.0,0
496051,7759.710548143909,2,1995,7,1,3,1.0,1.0,4720.0,,,0,,10460.0,9272.0,0,0,0,0,0,0,0.0,0.0,0.0,0.0,1.0,3,29,4720.0,0,0.0,0.0,0.0,0.0,0.0,0
496203,15593.190636361413,1,1998,5,5,3,1.0,1.0,3820.0,,,0,,4020.0,3576.0,150,0,0,0,0,0,0.0,11.0,,,,6,26,3820.0,150,11.0,0.0,11.0,0.0028795811518324606,0.0028795811518324606,0
497503,9235.025601360947,2,1993,5,3,3,2.0,1.0,,1440.0,,0,,9848.0,9284.0,700,0,0,0,0,0,0.0,13.0,0.0,0.0,1.0,1,31,1440.0,700,13.0,0.0,13.0,0.009027777777777777,0.009027777777777777,0
497551,5252.168448618725,1,1994,5,3,3,5.0,,,,7200.0,0,,9848.0,9284.0,700,0,0,0,0,0,0.0,13.0,0.0,0.0,1.0,1,30,7200.0,700,13.0,0.0,13.0,0.0018055555555555555,0.0018055555555555555,0
497504,9222.114912148803,2,1994,6,5,3,1.0,1.0,2916.0,,,0,,2916.0,2652.0,0,0,0,0,0,0,0.0,0.0,0.0,0.0,1.0,3,30,2916.0,0,0.0,0.0,0.0,0.0,0.0,0
500403,5830.684845686088,2,2002,5,5,3,2.0,1.0,,1890.0,,0,,3660.0,3348.0,3500,0,0,0,0,0,228.0,0.0,60.0,3500.0,1.0,1,22,1890.0,3500,228.0,60.0,288.0,0.1523809523809524,0.1523809523809524,0
500502,7804.739484426737,1,1987,6,1,3,2.0,1.0,,9120.0,,0,,9220.0,7456.0,0,0,0,0,0,0,0.0,0.0,,,,5,37,9120.0,0,0.0,0.0,0.0,0.0,0.0,0
501254,4433.741156701408,2,1985,7,1,3,1.0,1.0,4620.0,350.0,,0,,11012.0,9620.0,0,0,0,0,0,0,0.0,0.0,0.0,0.0,1.0,1,39,4970.0,0,0.0,0.0,0.0,0.0,0.0,0
502204,739.5297521154322,2,1992,6,1,2,1.0,1.0,2600.0,,,0,,8529.0,7857.0,10500,0,0,0,0,0,210.0,25.0,0.0,10000.0,1.0,2,32,2600.0,10500,235.0,0.0,235.0,0.09038461538461538,0.09038461538461538,0
502251,313.237728629231,1,1988,7,1,2,1.0,1.0,4440.0,,,0,,8529.0,7857.0,10500,0,0,0,0,0,210.0,25.0,0.0,10000.0,1.0,2,36,4440.0,10500,235.0,0.0,235.0,0.05292792792792793,0.05292792792792793,0
503803,3784.4097464939623,2,1988,5,5,3,8.0,,,1890.0,,0,,4195.0,3979.0,0,0,0,0,0,0,0.0,0.0,0.0,0.0,1.0,1,36,1890.0,0,0.0,0.0,0.0,0.0,0.0,0
504607,5055.92485643595,1,1999,6,5,2,9.0,,900.0,500.0,,0,,16740.0,13896.0,0,0,0,0,0,0,0.0,0.0,0.0,0.0,1.0,1,25,1400.0,0,0.0,0.0,0.0,0.0,0.0,0
505404,7347.121932605745,1,1986,6,5,4,1.0,1.0,3750.0,,,0,,12403.0,11779.0,0,0,0,500,0,0,0.0,0.0,0.0,0.0,1.0,1,38,3750.0,500,0.0,0.0,0.0,0.0,0.0,0
506704,11171.602794960425,1,1988,7,5,4,6.0,,,,4950.0,0,,5070.0,4858.8,17000,0,0,0,0,0,765.0,0.0,675.0,17000.0,1.0,1,36,4950.0,17000,765.0,675.0,1440.0,0.2909090909090909,0.2909090909090909,0
506706,354.75587555991376,2,1992,6,3,3,6.0,,,,1464.0,0,,2376.0,2148.0,1550,0,0,0,0,0,0.0,96.0,0.0,0.0,1.0,3,32,1464.0,1550,96.0,0.0,96.0,0.06557377049180328,0.06557377049180328,0
507103,4375.468780451114,1,1985,6,1,3,1.0,1.0,4380.0,,,0,,11206.0,10186.0,0,0,0,5000,0,0,0.0,0.0,,,,6,39,4380.0,5000,0.0,0.0,0.0,0.0,0.0,0
507203,16659.563075408525,2,1986,7,1,4,1.0,1.0,5200.0,,,0,,14325.0,13029.0,0,0,0,0,0,0,0.0,0.0,0.0,0.0,1.0,1,38,5200.0,0,0.0,0.0,0.0,0.0,0.0,0
507803,4187.937253630697,2,1999,7,1,4,6.0,,,,,0,524.0,3104.0,3068.0,0,0,0,0,0,0,0.0,0.0,0.0,0.0,1.0,1,25,524.0,0,0.0,0.0,0.0,0.0,0.0,0
510004,6914.011324011841,1,1996,7,5,4,1.0,1.0,2780.0,,,0,,7371.0,6975.0,0,0,0,0,0,0,0.0,0.0,0.0,0.0,1.0,2,28,2780.0,0,0.0,0.0,0.0,0.0,0.0,0
510005,13260.035659023944,2,2003,6,5,4,2.0,1.0,,1488.0,,0,,7371.0,6975.0,0,0,0,0,0,0,0.0,0.0,0.0,0.0,1.0,2,21,1488.0,0,0.0,0.0,0.0,0.0,0.0,0
511104,2163.244916605366,1,1999,6,5,4,1.0,1.0,2550.0,,,0,,8932.0,8380.0,11528,0,0,0,0,0,696.0,30.0,1000.0,9000.0,1.0,1,25,2550.0,11528,726.0,1000.0,1726.0,0.6768627450980392,0.6768627450980392,1
511105,2716.0198526424383,1,2002,5,5,4,9.0,,,,,700,,8932.0,8380.0,11528,0,0,0,0,0,696.0,30.0,1000.0,9000.0,1.0,1,22,700.0,11528,726.0,1000.0,1726.0,2.4657142857142857,2.4657142857142857,1
511904,2498.0426038352166,1,2000,5,5,4,2.0,1.0,,2520.0,,0,,4475.0,4263.8,0,0,0,0,0,0,0.0,0.0,0.0,0.0,1.0,1,24,2520.0,0,0.0,0.0,0.0,0.0,0.0,0
511903,2106.1320711851367,2,1999,7,5,1,2.0,1.0,,2075.0,,0,,3300.0,3132.0,9940,0,0,0,0,0,144.0,5.0,0.0,9640.0,1.0,3,25,2075.0,9940,149.0,0.0,149.0,0.07180722891566266,0.07180722891566266,0
515403,1741.962710966886,2,1995,7,1,4,1.0,1.0,4040.0,,,0,,10930.0,9478.0,14178,0,0,0,0,0,645.0,0.0,2794.0,14178.0,1.0,1,29,4040.0,14178,645.0,2794.0,3439.0,0.8512376237623762,0.8512376237623762,1
515451,931.0159295413479,1,1994,7,1,4,1.0,1.0,6710.0,,,0,,10930.0,9478.0,14178,0,0,0,0,0,645.0,0.0,2794.0,14178.0,1.0,1,30,6710.0,14178,645.0,2794.0,3439.0,0.5125186289120716,0.5125186289120716,1
515404,5540.694087878146,2,1997,7,5,3,1.0,1.0,4180.0,,,0,,4352.0,3848.0,0,0,0,0,0,0,0.0,0.0,0.0,0.0,1.0,3,27,4180.0,0,0.0,0.0,0.0,0.0,0.0,0
515804,13646.939842056772,2,1985,6,1,3,1.0,1.0,4894.0,,,0,,11291.0,9923.0,11760,0,0,0,0,0,720.0,0.0,240.0,11760.0,1.0,1,39,4894.0,11760,720.0,240.0,960.0,0.1961585615038823,0.1961585615038823,0
519203,4443.237876774571,2,2000,7,5,3,1.0,1.0,1260.0,,,0,,16080.0,13212.0,5172,0,0,0,0,0,0.0,0.0,,,,5,24,1260.0,5172,0.0,0.0,0.0,0.0,0.0,0
519204,7284.998381536192,2,2002,7,5,3,9.0,,,369.0,,0,,16080.0,13212.0,5172,0,0,0,0,0,0.0,0.0,,,,5,22,369.0,5172,0.0,0.0,0.0,0.0,0.0,0
519403,4756.422929498757,2,2000,6,5,2,1.0,1.0,3220.0,,,0,,16840.0,12916.0,6300,0,0,0,0,0,240.0,0.0,0.0,6000.0,1.0,1,24,3220.0,6300,240.0,0.0,240.0,0.07453416149068323,0.07453416149068323,0
520104,1344.1814420639705,2,1994,6,5,3,1.0,1.0,2700.0,,,0,,4350.0,3810.0,3766,0,0,0,0,0,0.0,642.0,0.0,0.0,1.0,1,30,2700.0,3766,642.0,0.0,642.0,0.23777777777777778,0.23777777777777778,0
520105,11853.831474020179,1,1996,5,5,3,9.0,,1240.0,,,0,,4350.0,3810.0,3766,0,0,0,0,0,0.0,642.0,0.0,0.0,1.0,1,28,1240.0,3766,642.0,0.0,642.0,0.5177419354838709,0.5177419354838709,1
520103,5207.119507400936,2,1991,6,1,3,2.0,1.0,,2720.0,,0,,11416.0,9808.0,1000,0,0,0,0,0,0.0,60.0,0.0,0.0,1.0,3,33,2720.0,1000,60.0,0.0,60.0,0.022058823529411766,0.022058823529411766,0
520151,5396.7341474506975,1,1989,6,1,3,1.0,1.0,8006.0,,,0,,11416.0,9808.0,1000,0,0,0,0,0,0.0,60.0,0.0,0.0,1.0,3,35,8006.0,1000,60.0,0.0,60.0,0.007494379215588309,0.007494379215588309,0
520205,4541.200564079061,1,1999,6,5,3,1.0,1.0,3700.0,,,0,,10105.0,8677.0,0,0,0,40700,0,0,0.0,0.0,0.0,0.0,1.0,1,25,3700.0,40700,0.0,0.0,0.0,0.0,0.0,0
520804,5663.393902427542,1,1994,7,5,3,1.0,1.0,2880.0,,,0,,14136.0,11760.0,0,0,0,1200,0,0,0.0,0.0,0.0,0.0,1.0,1,30,2880.0,1200,0.0,0.0,0.0,0.0,0.0,0
521205,7767.401304104333,2,1987,6,1,1,2.0,1.0,,2279.0,,0,,7804.0,6796.0,0,0,0,0,0,0,0.0,0.0,0.0,0.0,1.0,2,37,2279.0,0,0.0,0.0,0.0,0.0,0.0,0
521251,4151.39445852285,1,1985,6,1,1,2.0,1.0,,5330.0,,0,,7804.0,6796.0,0,0,0,0,0,0,0.0,0.0,0.0,0.0,1.0,2,39,5330.0,0,0.0,0.0,0.0,0.0,0.0,0
522603,13222.460982936374,2,2003,5,5,3,1.0,1.0,3060.0,,,0,,3732.0,3384.0,0,0,0,0,0,0,0.0,0.0,,,,4,21,3060.0,0,0.0,0.0,0.0,0.0,0.0,0
523204,3007.108108066312,2,1999,7,5,3,1.0,1.0,2940.0,,,0,,8010.0,7554.0,0,0,0,0,0,0,0.0,0.0,0.0,0.0,1.0,1,25,2940.0,0,0.0,0.0,0.0,0.0,0.0,0
523804,3339.9901719997647,2,1998,7,5,3,1.0,1.0,3360.0,,,0,,10785.0,10293.0,8000,0,0,0,0,0,280.0,0.0,440.0,8000.0,1.0,1,26,3360.0,8000,280.0,440.0,720.0,0.21428571428571427,0.21428571428571427,0
523903,10706.68970831757,2,1989,7,5,3,1.0,1.0,4400.0,,,0,,14054.0,12818.0,0,0,0,0,0,0,0.0,0.0,0.0,0.0,1.0,1,35,4400.0,0,0.0,0.0,0.0,0.0,0.0,0
523904,15321.976147958418,2,1993,7,5,3,1.0,1.0,3300.0,,,0,,14054.0,12818.0,0,0,0,0,0,0,0.0,0.0,0.0,0.0,1.0,1,31,3300.0,0,0.0,0.0,0.0,0.0,0.0,0
525104,8646.625754422163,1,1995,8,1,3,1.0,1.0,4440.0,,,0,,4524.0,3984.0,11000,0,0,0,0,0,70.0,0.0,0.0,11000.0,1.0,2,29,4440.0,11000,70.0,0.0,70.0,0.015765765765765764,0.015765765765765764,0
525303,9275.594174258169,1,2001,7,5,3,3.0,1.0,,960.0,,0,,19940.0,16448.0,9400,0,0,0,0,0,370.0,0.0,600.0,9400.0,1.0,1,23,960.0,9400,370.0,600.0,970.0,1.0104166666666667,1.0104166666666667,1
525304,5767.670115322449,2,2004,7,5,3,3.0,1.0,,480.0,,0,,19940.0,16448.0,9400,0,0,0,0,0,370.0,0.0,600.0,9400.0,1.0,1,20,480.0,9400,370.0,600.0,970.0,2.0208333333333335,2.0208333333333335,1
525802,6272.443875093073,2,1993,7,5,1,1.0,1.0,3992.0,,,0,,4652.0,4292.0,0,0,0,0,0,0,0.0,0.0,0.0,0.0,1.0,3,31,3992.0,0,0.0,0.0,0.0,0.0,0.0,0
525803,8603.945047633693,1,1997,8,5,3,2.0,1.0,,1608.0,,0,,2208.0,2130.0,0,0,0,0,0,0,0.0,0.0,0.0,0.0,1.0,3,27,1608.0,0,0.0,0.0,0.0,0.0,0.0,0
525903,2050.9812436256293,1,2000,7,5,3,9.0,,,448.0,,0,,4628.0,4184.0,7000,0,0,0,0,0,0.0,0.0,0.0,0.0,1.0,2,24,448.0,7000,0.0,0.0,0.0,0.0,0.0,0
525902,2391.260933416753,2,1997,6,5,3,1.0,1.0,4444.0,,,0,,4444.0,3748.0,0,0,0,0,0,0,0.0,0.0,0.0,0.0,1.0,3,27,4444.0,0,0.0,0.0,0.0,0.0,0.0,0
526003,11186.297510625007,1,1997,8,5,3,9.0,,,560.0,,0,,3802.0,3538.0,9660,0,0,0,0,0,0.0,448.0,0.0,0.0,1.0,1,27,560.0,9660,448.0,0.0,448.0,0.8,0.8,1
526004,7634.331840249692,1,2001,6,5,3,9.0,,,480.0,,0,,3802.0,3538.0,9660,0,0,0,0,0,0.0,448.0,0.0,0.0,1.0,1,23,480.0,9660,448.0,0.0,448.0,0.9333333333333333,0.9333333333333333,1
526205,3385.5779790052916,1,2004,6,5,3,9.0,,,560.0,,0,,13208.0,9248.0,19530,0,0,30000,0,0,750.0,0.0,570.0,11290.0,1.0,1,20,560.0,49530,750.0,570.0,1320.0,2.357142857142857,2.357142857142857,1
526603,3099.6511624713135,2,1997,7,5,3,1.0,1.0,1560.0,,,0,,34166.0,24662.0,16000,0,0,17500,0,0,135.0,610.0,0.0,4500.0,1.0,1,27,1560.0,33500,745.0,0.0,745.0,0.4775641025641026,0.4775641025641026,1
527903,4344.963404622025,1,1995,7,5,3,1.0,1.0,6600.0,,,0,,6648.0,5472.0,0,0,0,0,0,0,0.0,0.0,,,,5,29,6600.0,0,0.0,0.0,0.0,0.0,0.0,0
527904,3071.842372639911,2,1998,7,5,4,1.0,1.0,2304.0,,,0,,2520.0,2184.0,0,0,0,0,0,0,0.0,0.0,0.0,0.0,1.0,3,26,2304.0,0,0.0,0.0,0.0,0.0,0.0,0
527905,5067.832547073404,2,2001,6,5,3,1.0,1.0,2316.0,,,0,,2424.0,2148.0,0,0,0,0,0,0,0.0,0.0,0.0,0.0,1.0,3,23,2316.0,0,0.0,0.0,0.0,0.0,0.0,0
528001,13848.502846240057,2,1986,5,1,3,2.0,1.0,,2640.0,,0,,6897.0,6585.0,0,0,0,0,0,0,0.0,0.0,0.0,0.0,1.0,1,38,2640.0,0,0.0,0.0,0.0,0.0,0.0,0
528804,14526.660950051706,1,1988,7,5,3,1.0,1.0,3120.0,,,0,,8212.0,7024.0,0,0,0,0,0,0,0.0,0.0,0.0,0.0,1.0,1,36,3120.0,0,0.0,0.0,0.0,0.0,0.0,0
529652,5089.56764845699,2,1994,5,5,3,3.0,1.0,,1368.0,,0,,3686.0,3470.0,0,0,0,0,0,0,0.0,0.0,0.0,0.0,1.0,1,30,1368.0,0,0.0,0.0,0.0,0.0,0.0,0
530051,5364.2584108121255,1,1995,6,1,3,6.0,,,,7750.0,0,,9731.0,9419.0,17254,0,180,0,0,0,442.0,28.0,816.0,17254.0,1.0,1,29,7750.0,17434,470.0,816.0,1286.0,0.16593548387096774,0.16593548387096774,0
532403,2416.6786542256305,1,1995,7,5,3,1.0,1.0,5890.0,,,0,,6054.0,5394.0,0,0,0,0,0,0,0.0,0.0,,,,5,29,5890.0,0,0.0,0.0,0.0,0.0,0.0,0
533154,9218.797104118312,2,1985,7,1,3,1.0,1.0,5200.0,,,0,,10824.0,8592.0,5000,0,0,0,0,0,250.0,0.0,0.0,5000.0,1.0,2,39,5200.0,5000,250.0,0.0,250.0,0.04807692307692308,0.04807692307692308,0
533203,14234.039369831144,2,1989,7,1,3,1.0,1.0,2120.0,,,0,,7805.0,6533.0,19820,0,1800,0,0,0,180.0,65.0,180.0,19820.0,1.0,1,35,2120.0,21620,245.0,180.0,425.0,0.20047169811320756,0.20047169811320756,0
533251,5027.114672424225,1,1986,6,1,3,1.0,1.0,4500.0,,,0,,7805.0,6533.0,19820,0,1800,0,0,0,180.0,65.0,180.0,19820.0,1.0,1,38,4500.0,21620,245.0,180.0,425.0,0.09444444444444444,0.09444444444444444,0
534204,12538.022444516206,1,1988,5,5,3,9.0,,,1500.0,,0,,7419.0,6927.0,6770,0,0,0,0,0,180.0,12.0,456.0,5670.0,1.0,3,36,1500.0,6770,192.0,456.0,648.0,0.432,0.432,1
534205,9871.089759387922,1,1985,7,1,1,6.0,,,,4500.0,0,,4500.0,4104.0,2000,0,0,0,0,114,24.0,0.0,0.0,2000.0,1.0,2,39,4500.0,2114,24.0,0.0,24.0,0.005333333333333333,0.005333333333333333,0
534203,7533.636132467324,1,1987,7,1,3,5.0,,,,5400.0,0,,10022.0,8582.0,20000,0,0,0,0,0,720.0,0.0,0.0,20000.0,1.0,2,37,5400.0,20000,720.0,0.0,720.0,0.13333333333333333,0.13333333333333333,0
534252,3503.513290885687,2,1989,7,1,3,1.0,1.0,3900.0,,,0,,10022.0,8582.0,20000,0,0,0,0,0,720.0,0.0,0.0,20000.0,1.0,2,35,3900.0,20000,720.0,0.0,720.0,0.18461538461538463,0.18461538461538463,0
535304,8839.472379728402,1,2001,7,5,3,9.0,,,200.0,,0,,4087.0,3919.0,0,0,0,0,0,0,0.0,0.0,0.0,0.0,1.0,1,23,200.0,0,0.0,0.0,0.0,0.0,0.0,0
535305,3231.9200977419146,2,2002,7,5,3,9.0,,,623.0,,0,,4087.0,3919.0,0,0,0,0,0,0,0.0,0.0,0.0,0.0,1.0,1,22,623.0,0,0.0,0.0,0.0,0.0,0.0,0
535303,1742.7434660745055,2,1997,7,5,3,9.0,,1480.0,,,0,,1540.0,1300.0,7118,0,0,0,0,0,168.0,10.0,0.0,7000.0,1.0,3,27,1480.0,7118,178.0,0.0,178.0,0.12027027027027028,0.12027027027027028,0
535803,1908.1539216358105,2,2000,7,5,3,1.0,1.0,3100.0,,,0,,12156.0,10680.0,624,0,0,0,0,0,0.0,40.0,0.0,0.0,1.0,2,24,3100.0,624,40.0,0.0,40.0,0.012903225806451613,0.012903225806451613,0
535804,3741.9045375188243,2,2002,7,5,3,9.0,,,192.0,,0,,12156.0,10680.0,624,0,0,0,0,0,0.0,40.0,0.0,0.0,1.0,2,22,192.0,624,40.0,0.0,40.0,0.20833333333333334,0.20833333333333334,0
536351,3503.513290885687,2,1990,4,1,3,1.0,1.0,3361.0,,,0,,8685.0,7497.0,0,0,0,0,0,0,0.0,0.0,0.0,0.0,1.0,1,34,3361.0,0,0.0,0.0,0.0,0.0,0.0,0
536403,5521.501123108412,2,1992,6,1,3,1.0,1.0,3650.0,,,0,,11274.0,10158.0,6467,0,0,0,0,0,98.0,0.0,191.0,6467.0,1.0,1,32,3650.0,6467,98.0,191.0,289.0,0.07917808219178082,0.07917808219178082,0
537803,8591.715884188467,1,1990,7,1,3,1.0,1.0,4500.0,,,0,,7778.0,6914.0,4000,0,0,0,0,0,60.0,0.0,360.0,4000.0,1.0,2,34,4500.0,4000,60.0,360.0,420.0,0.09333333333333334,0.09333333333333334,0
537851,4018.8487163831924,2,1993,7,1,3,1.0,1.0,1868.0,,,0,,7778.0,6914.0,4000,0,0,0,0,0,60.0,0.0,360.0,4000.0,1.0,2,31,1868.0,4000,60.0,360.0,420.0,0.22483940042826553,0.22483940042826553,0
538204,7812.0367675850775,1,1988,7,5,1,1.0,1.0,3515.0,,,0,,3565.0,3193.0,8000,0,0,0,0,0,240.0,0.0,0.0,8000.0,1.0,2,36,3515.0,8000,240.0,0.0,240.0,0.06827880512091039,0.06827880512091039,0
538203,7533.636132467324,1,1986,6,1,3,6.0,,820.0,,1120.0,0,,5130.0,4842.0,0,0,305,0,0,0,0.0,72.0,0.0,0.0,1.0,3,38,1940.0,305,72.0,0.0,72.0,0.03711340206185567,0.03711340206185567,0
538304,13506.806292574878,1,1991,7,5,1,1.0,1.0,4000.0,,,0,,4160.0,3680.0,10000,0,0,0,0,0,144.0,0.0,0.0,10000.0,1.0,2,33,4000.0,10000,144.0,0.0,144.0,0.036,0.036,0
538303,6172.168249702435,1,1989,5,1,3,2.0,1.0,,4620.0,,0,,6377.0,6137.0,7000,0,0,0,0,0,0.0,0.0,420.0,7000.0,1.0,2,35,4620.0,7000,0.0,420.0,420.0,0.09090909090909091,0.09090909090909091,0
538404,6450.570517496961,1,1999,7,5,3,9.0,,,550.0,,0,,4748.0,4592.0,2180,0,770,0,0,0,0.0,156.0,0.0,0.0,1.0,3,25,550.0,2950,156.0,0.0,156.0,0.28363636363636363,0.28363636363636363,0
538503,13263.266208612093,1,1993,7,5,3,1.0,1.0,6231.0,,,0,,6671.0,5963.0,0,0,0,0,0,0,0.0,0.0,0.0,0.0,1.0,3,31,6231.0,0,0.0,0.0,0.0,0.0,0.0,0
538504,4704.833591911009,2,1998,7,5,3,1.0,1.0,3334.0,,,0,,3784.0,3400.0,0,0,60,0,0,0,0.0,0.0,0.0,0.0,1.0,3,26,3334.0,60,0.0,0.0,0.0,0.0,0.0,0
539102,6614.388425728598,1,1996,5,5,3,9.0,,,180.0,,0,,1564.0,1534.0,0,0,0,0,0,0,0.0,0.0,0.0,0.0,1.0,1,28,180.0,0,0.0,0.0,0.0,0.0,0.0,0
539503,1660.6340946571238,2,2000,6,5,3,9.0,,,589.0,,0,,10458.0,9678.0,0,0,0,0,0,0,0.0,0.0,0.0,0.0,1.0,1,24,589.0,0,0.0,0.0,0.0,0.0,0.0,0
539504,8088.775198466363,1,2001,7,5,3,9.0,,,,,1116,,10458.0,9678.0,0,0,0,0,0,0,0.0,0.0,0.0,0.0,1.0,1,23,1116.0,0,0.0,0.0,0.0,0.0,0.0,0
539603,6614.388425728598,1,1995,5,5,3,1.0,1.0,5000.0,,,0,,5170.0,4294.0,0,0,0,0,0,0,14.0,0.0,2550.0,0.0,1.0,2,29,5000.0,0,14.0,2550.0,2564.0,0.5128,0.5128,1
539604,1989.056350788299,2,1999,5,5,3,1.0,1.0,5000.0,,,0,,5000.0,4304.0,0,0,0,0,0,0,0.0,0.0,,,,5,25,5000.0,0,0.0,0.0,0.0,0.0,0.0,0
540408,5089.56764845699,2,1998,6,5,3,1.0,1.0,2220.0,156.0,,0,,5351.0,5099.0,0,0,1500,0,0,0,0.0,0.0,,,,4,26,2376.0,1500,0.0,0.0,0.0,0.0,0.0,0
540409,3405.4204706017385,2,1999,7,5,3,9.0,,,560.0,,0,,5351.0,5099.0,0,0,1500,0,0,0,0.0,0.0,,,,4,25,560.0,1500,0.0,0.0,0.0,0.0,0.0,0
540410,3405.4204706017385,2,2003,5,5,3,9.0,,,336.0,,0,,5351.0,5099.0,0,0,1500,0,0,0,0.0,0.0,,,,4,21,336.0,1500,0.0,0.0,0.0,0.0,0.0,0
541605,8294.615673021797,1,1989,6,5,4,3.0,1.0,,4835.0,,0,,4865.0,4805.0,0,0,0,0,0,0,0.0,0.0,0.0,0.0,1.0,3,35,4835.0,0,0.0,0.0,0.0,0.0,0.0,0
541751,5201.560302218036,1,1989,7,1,2,6.0,,,,5200.0,0,,6006.0,5310.0,25000,0,0,0,0,0,432.0,0.0,744.0,25000.0,1.0,1,35,5200.0,25000,432.0,744.0,1176.0,0.22615384615384615,0.22615384615384615,0
541803,7811.84890040778,1,1986,6,1,3,1.0,1.0,4600.0,,,0,,6550.0,6058.0,6700,0,0,0,0,0,144.0,109.0,0.0,5000.0,1.0,2,38,4600.0,6700,253.0,0.0,253.0,0.055,0.055,0
542104,2306.8573323628543,1,1999,7,5,3,9.0,,,640.0,,0,,7114.0,6838.0,1160,0,0,0,0,0,0.0,107.0,0.0,0.0,1.0,3,25,640.0,1160,107.0,0.0,107.0,0.1671875,0.1671875,0
545451,10594.000717886895,1,1985,6,1,3,2.0,3.0,,4920.0,,0,,5552.0,5396.0,0,0,0,0,0,0,0.0,0.0,0.0,0.0,1.0,3,39,4920.0,0,0.0,0.0,0.0,0.0,0.0,0
545603,7533.636132467324,1,1987,7,5,3,9.0,,,500.0,,0,,1090.0,1090.0,0,0,0,0,0,0,0.0,0.0,0.0,0.0,1.0,3,37,500.0,0,0.0,0.0,0.0,0.0,0.0,0
545604,4623.091412540433,1,1989,7,5,3,1.0,1.0,4582.0,,,0,,4682.0,4010.0,0,0,0,0,0,0,0.0,0.0,0.0,0.0,1.0,3,35,4582.0,0,0.0,0.0,0.0,0.0,0.0,0
545703,1406.0928263241203,2,1999,5,5,3,2.0,1.0,,1428.0,,0,,8440.0,7360.0,0,0,0,0,0,0,0.0,0.0,0.0,0.0,1.0,1,25,1428.0,0,0.0,0.0,0.0,0.0,0.0,0
545704,11860.079584750285,1,2000,6,5,3,8.0,,496.0,96.0,,0,,8440.0,7360.0,0,0,0,0,0,0,0.0,0.0,0.0,0.0,1.0,1,24,592.0,0,0.0,0.0,0.0,0.0,0.0,0
545804,6578.551606497402,1,1990,7,5,2,1.0,1.0,5520.0,,,0,,5600.0,4592.0,0,0,160,0,0,0,0.0,0.0,0.0,0.0,1.0,2,34,5520.0,160,0.0,0.0,0.0,0.0,0.0,0
546704,3405.4204706017385,2,2002,7,5,4,9.0,,,260.0,,0,,6408.0,6144.0,0,0,0,0,0,0,0.0,0.0,0.0,0.0,1.0,1,22,260.0,0,0.0,0.0,0.0,0.0,0.0,0
546903,10365.776151981469,1,1988,7,5,4,1.0,1.0,2786.0,,,0,,8757.0,7857.0,0,0,1700,0,0,0,0.0,16.0,0.0,0.0,1.0,1,36,2786.0,1700,16.0,0.0,16.0,0.00574300071787509,0.00574300071787509,0
548905,9231.487288256138,1,1990,6,5,4,1.0,1.0,4200.0,,,0,,6468.0,5940.0,0,0,0,0,0,0,0.0,0.0,0.0,0.0,1.0,1,34,4200.0,0,0.0,0.0,0.0,0.0,0.0,0
548904,6377.069716010984,2,1987,6,1,3,1.0,1.0,3660.0,,,0,,9716.0,9020.0,1920,0,0,0,0,0,0.0,130.0,0.0,0.0,1.0,3,37,3660.0,1920,130.0,0.0,130.0,0.03551912568306011,0.03551912568306011,0
548951,5027.114672424225,1,1987,6,1,3,2.0,3.0,,5400.0,,0,,9716.0,9020.0,1920,0,0,0,0,0,0.0,130.0,0.0,0.0,1.0,3,37,5400.0,1920,130.0,0.0,130.0,0.024074074074074074,0.024074074074074074,0
548903,2974.76080140634,2,1985,6,1,3,1.0,1.0,3100.0,,,0,,12172.0,10468.0,0,0,0,0,0,0,0.0,0.0,0.0,0.0,1.0,1,39,3100.0,0,0.0,0.0,0.0,0.0,0.0,0
549603,1869.6900023255916,2,1992,6,1,3,1.0,1.0,3775.0,,,0,,4775.0,4295.0,0,0,0,0,0,0,0.0,0.0,0.0,0.0,1.0,3,32,3775.0,0,0.0,0.0,0.0,0.0,0.0,0
549604,3791.9982022002805,2,1995,7,5,2,3.0,1.0,,270.0,,0,,590.0,362.0,1800,0,0,0,0,0,0.0,42.0,200.0,1800.0,1.0,3,29,270.0,1800,42.0,200.0,242.0,0.8962962962962963,0.8962962962962963,1
553503,1709.475188713681,2,1994,7,5,4,1.0,1.0,3660.0,,,0,,6820.0,5980.0,0,0,0,0,0,0,0.0,0.0,0.0,0.0,1.0,3,30,3660.0,0,0.0,0.0,0.0,0.0,0.0,0
553504,3743.718177919309,1,1997,6,5,3,8.0,,,,1540.0,0,,1840.0,1613.2,0,0,0,0,0,0,0.0,0.0,0.0,0.0,1.0,3,27,1540.0,0,0.0,0.0,0.0,0.0,0.0,0
555805,11650.735884726648,1,1992,7,5,2,1.0,1.0,4875.0,,,0,,4875.0,4083.0,9000,0,0,0,0,0,420.0,0.0,0.0,9000.0,1.0,2,32,4875.0,9000,420.0,0.0,420.0,0.08615384615384615,0.08615384615384615,0
555804,2482.863992479011,2,1990,6,1,3,1.0,1.0,2644.0,,,0,,7862.0,7010.0,11250,0,0,0,0,0,262.0,0.0,13.0,11250.0,1.0,1,34,2644.0,11250,262.0,13.0,275.0,0.10400907715582451,0.10400907715582451,0
555854,1327.0008096783708,1,1989,7,1,3,1.0,1.0,4515.0,,,0,,7862.0,7010.0,11250,0,0,0,0,0,262.0,0.0,13.0,11250.0,1.0,1,35,4515.0,11250,262.0,13.0,275.0,0.06090808416389812,0.06090808416389812,0
555902,316.0080510394372,1,1996,5,5,3,9.0,,,480.0,,0,,2001.0,1963.8,0,0,0,0,0,105,0.0,0.0,0.0,0.0,1.0,3,28,480.0,105,0.0,0.0,0.0,0.0,0.0,0
557303,1672.628420097191,2,1996,7,5,4,1.0,1.0,2196.0,,,0,,2232.0,1956.0,0,0,0,0,0,0,0.0,0.0,,,,6,28,2196.0,0,0.0,0.0,0.0,0.0,0.0,0
558003,3889.804083417213,2,1985,7,5,3,1.0,1.0,6280.0,,,0,,6280.0,4996.0,3000,0,0,32000,0,0,0.0,240.0,0.0,0.0,1.0,3,39,6280.0,35000,240.0,0.0,240.0,0.03821656050955414,0.03821656050955414,0
558304,983.2007473229603,2,1996,6,5,3,1.0,1.0,2760.0,,,0,,6440.0,5744.0,0,0,0,0,0,0,0.0,0.0,0.0,0.0,1.0,1,28,2760.0,0,0.0,0.0,0.0,0.0,0.0,0
558704,1121.4772947262038,2,1999,7,5,4,1.0,1.0,4100.0,,,0,,4100.0,3608.0,0,0,0,0,0,0,0.0,0.0,,,,5,25,4100.0,0,0.0,0.0,0.0,0.0,0.0,0
558903,1348.4582332176738,2,1997,7,5,3,1.0,1.0,3600.0,,,0,,3685.0,3313.0,0,0,0,0,0,0,0.0,0.0,,,,6,27,3600.0,0,0.0,0.0,0.0,0.0,0.0,0
559004,2585.3902858555657,2,2002,5,5,3,2.0,1.0,,1920.0,,0,,10320.0,9756.0,29000,0,0,0,0,0,256.0,1368.0,564.0,8000.0,1.0,1,22,1920.0,29000,1624.0,564.0,2188.0,1.1395833333333334,1.1395833333333334,1
559003,2183.1085363136226,2,1998,7,5,1,2.0,1.0,,787.0,,0,,3887.0,3825.8,18900,0,0,0,0,0,1080.0,0.0,0.0,18900.0,1.0,2,26,787.0,18900,1080.0,0.0,1080.0,1.372299872935197,1.372299872935197,1
559103,4683.478128729224,1,1997,7,5,3,9.0,,,300.0,,0,,6458.0,5990.0,1000,0,2000,0,0,0,0.0,220.0,0.0,0.0,1.0,3,27,300.0,3000,220.0,0.0,220.0,0.7333333333333333,0.7333333333333333,1
559104,1810.7900700089956,2,1998,7,5,3,1.0,1.0,2520.0,,,0,,2520.0,2280.0,300,0,0,0,0,0,0.0,12.0,0.0,0.0,1.0,3,26,2520.0,300,12.0,0.0,12.0,0.004761904761904762,0.004761904761904762,0
559902,13492.791132700915,2,1986,7,1,2,2.0,3.0,,6106.0,,0,,10862.0,9914.0,16000,0,0,0,0,0,1080.0,0.0,0.0,16000.0,1.0,2,38,6106.0,16000,1080.0,0.0,1080.0,0.17687520471667212,0.17687520471667212,0
559904,4827.442909595831,1,1985,6,1,2,1.0,1.0,4300.0,,,0,,10862.0,9914.0,16000,0,0,0,0,0,1080.0,0.0,0.0,16000.0,1.0,2,39,4300.0,16000,1080.0,0.0,1080.0,0.25116279069767444,0.25116279069767444,0
560003,2949.007239964637,1,1997,7,5,3,9.0,,,2300.0,,0,,5170.0,5026.0,3400,0,0,0,0,0,48.0,23.0,0.0,1900.0,1.0,1,27,2300.0,3400,71.0,0.0,71.0,0.030869565217391304,0.030869565217391304,0
560004,2306.2861078796163,1,1999,5,5,3,9.0,,,350.0,,0,,5170.0,5026.0,3400,0,0,0,0,0,48.0,23.0,0.0,1900.0,1.0,1,25,350.0,3400,71.0,0.0,71.0,0.20285714285714285,0.20285714285714285,0
560103,4585.303785331325,1,1999,6,5,2,1.0,1.0,3450.0,,,0,,4338.0,3690.0,0,0,720,0,0,0,0.0,0.0,0.0,0.0,1.0,2,25,3450.0,720,0.0,0.0,0.0,0.0,0.0,0
560104,1186.4411474467593,2,2000,5,5,3,1.0,1.0,3915.0,,,0,,3949.0,3481.0,3200,0,0,0,0,0,42.0,0.0,0.0,3200.0,1.0,2,24,3915.0,3200,42.0,0.0,42.0,0.010727969348659003,0.010727969348659003,0
560203,4996.7336800989,1,1988,6,1,3,1.0,1.0,11000.0,,,0,,12250.0,10078.0,0,0,0,0,0,0,0.0,0.0,0.0,0.0,1.0,1,36,11000.0,0,0.0,0.0,0.0,0.0,0.0,0
561203,2534.1498937981987,2,1989,6,1,3,2.0,3.0,,2000.0,,0,,8290.0,7570.0,0,0,1750,0,0,0,0.0,0.0,660.0,108.0,1.0,1,35,2000.0,1750,0.0,660.0,660.0,0.33,0.33,0
561255,2899.688239918089,1,1990,5,1,3,1.0,1.0,3600.0,,,0,,4812.0,4428.0,0,0,0,0,0,0,0.0,0.0,,,,4,34,3600.0,0,0.0,0.0,0.0,0.0,0.0,0
561403,6450.700078728962,2,1994,7,5,3,1.0,1.0,3600.0,,,0,,8780.0,8108.0,19000,0,0,0,0,0,650.0,360.0,0.0,13000.0,1.0,2,30,3600.0,19000,1010.0,0.0,1010.0,0.28055555555555556,0.28055555555555556,0
561404,6450.700078728962,2,1995,7,5,3,9.0,,1750.0,,,0,,8780.0,8108.0,19000,0,0,0,0,0,650.0,360.0,0.0,13000.0,1.0,2,29,1750.0,19000,1010.0,0.0,1010.0,0.5771428571428572,0.5771428571428572,1
562003,644.0543460772496,2,1996,6,5,3,1.0,1.0,2160.0,1260.0,,0,,3470.0,3122.0,10000,0,0,0,0,0,130.0,0.0,0.0,10000.0,1.0,2,28,3420.0,10000,130.0,0.0,130.0,0.038011695906432746,0.038011695906432746,0
563902,7176.487759103395,2,2003,5,5,3,9.0,,,120.0,,0,,2670.0,2557.2,10000,0,0,0,0,0,140.0,0.0,0.0,13000.0,1.0,2,21,120.0,10000,140.0,0.0,140.0,1.1666666666666667,1.1666666666666667,1
564504,9752.831264479033,2,1985,7,1,3,2.0,1.0,,1800.0,,0,,7363.0,6223.0,25602,0,0,0,0,0,540.0,0.0,768.0,25602.0,1.0,1,39,1800.0,25602,540.0,768.0,1308.0,0.7266666666666667,0.7266666666666667,1
565203,2950.364676015554,2,1991,6,5,3,2.0,1.0,,1566.0,,0,,4240.0,3724.0,5460,0,60,0,0,0,240.0,312.0,540.0,5460.0,1.0,2,33,1566.0,5520,552.0,540.0,1092.0,0.6973180076628352,0.6973180076628352,1
565603,6028.9710619602065,1,1992,6,5,3,1.0,1.0,4800.0,,,0,,12710.0,11690.0,7000,0,2388,0,0,0,72.0,145.0,2000.0,2000.0,1.0,1,32,4800.0,9388,217.0,2000.0,2217.0,0.461875,0.461875,1
565704,852.7203480598473,2,1997,6,5,1,1.0,1.0,4386.0,,,0,,4497.0,4077.0,0,0,0,168,0,0,0.0,0.0,0.0,0.0,1.0,2,27,4386.0,168,0.0,0.0,0.0,0.0,0.0,0
565703,4125.226257795903,1,1994,5,5,1,9.0,,2586.0,,,0,,2845.0,13.0,0,0,0,25168,0,0,0.0,200.0,,,,5,30,2586.0,25168,200.0,0.0,200.0,0.07733952049497293,0.07733952049497293,0
566104,1182.222233777879,2,1999,7,5,1,2.0,1.0,,1716.0,,0,,2916.0,2822.4,0,0,0,0,0,0,0.0,0.0,0.0,0.0,1.0,3,25,1716.0,0,0.0,0.0,0.0,0.0,0.0,0
566204,4255.291727013194,1,1988,7,5,3,1.0,1.0,5000.0,,,0,,9368.0,8528.0,0,0,0,0,0,0,0.0,0.0,0.0,0.0,1.0,1,36,5000.0,0,0.0,0.0,0.0,0.0,0.0,0
566203,6409.359043080183,2,1985,6,1,3,9.0,,,700.0,,0,,9390.0,8634.0,19040,0,0,0,0,0,258.0,0.0,960.0,19040.0,1.0,1,39,700.0,19040,258.0,960.0,1218.0,1.74,1.74,1
566304,6618.7177923183335,2,2003,7,5,3,2.0,1.0,,720.0,,0,,18004.0,17068.0,15120,0,0,0,0,0,0.0,1093.0,0.0,0.0,1.0,1,21,720.0,15120,1093.0,0.0,1093.0,1.5180555555555555,1.5180555555555555,1
567003,5179.717305295607,1,1987,7,1,2,1.0,1.0,5410.0,,,0,,12107.0,10727.0,6500,0,0,0,0,0,150.0,0.0,0.0,6500.0,1.0,2,37,5410.0,6500,150.0,0.0,150.0,0.027726432532347505,0.027726432532347505,0
567051,1211.4285740013904,2,1988,8,1,2,1.0,1.0,5299.0,,,0,,12107.0,10727.0,6500,0,0,0,0,0,150.0,0.0,0.0,6500.0,1.0,2,36,5299.0,6500,150.0,0.0,150.0,0.028307227778826195,0.028307227778826195,0
567304,2321.821958209749,2,1989,7,5,3,1.0,1.0,3300.0,,,0,,7542.0,6918.0,0,0,0,0,0,0,0.0,0.0,0.0,0.0,1.0,1,35,3300.0,0,0.0,0.0,0.0,0.0,0.0,0
567403,2217.893234169014,2,1988,5,5,3,1.0,1.0,2640.0,,,0,,2889.0,2625.0,0,0,0,0,0,0,0.0,0.0,0.0,0.0,1.0,3,36,2640.0,0,0.0,0.0,0.0,0.0,0.0,0
568303,4768.905136995387,1,1991,5,5,3,2.0,1.0,,636.0,,0,,4065.0,4027.8,0,0,0,0,0,0,0.0,0.0,0.0,0.0,1.0,3,33,636.0,0,0.0,0.0,0.0,0.0,0.0,0
569803,1171.8750473407224,2,2000,6,5,3,1.0,1.0,3082.0,,,0,,11580.0,10116.0,278,0,0,0,0,0,0.0,30.0,5500.0,0.0,1.0,1,24,3082.0,278,30.0,5500.0,5530.0,1.7942894224529526,1.7942894224529526,1
572204,1561.0138142285423,2,2000,5,5,3,2.0,1.0,,2402.0,,0,,4695.0,4407.0,0,0,0,0,0,0,24.0,25.0,604.0,0.0,1.0,3,24,2402.0,0,49.0,604.0,653.0,0.27185678601165697,0.27185678601165697,0
572203,1039.367117202076,2,1999,7,5,3,1.0,1.0,3060.0,,,0,,3060.0,2772.0,0,0,0,0,0,0,0.0,0.0,,,,6,25,3060.0,0,0.0,0.0,0.0,0.0,0.0,0
572451,4580.24117703388,2,1988,5,1,2,1.0,1.0,6492.0,,,0,,6918.0,5142.0,3900,0,0,0,0,180,0.0,312.0,0.0,0.0,1.0,1,36,6492.0,4080,312.0,0.0,312.0,0.04805914972273567,0.04805914972273567,0
572503,13209.412885437405,2,2003,5,5,3,2.0,1.0,,3240.0,,0,,3360.0,3036.0,2700,0,0,0,0,0,72.0,0.0,0.0,2700.0,1.0,3,21,3240.0,2700,72.0,0.0,72.0,0.022222222222222223,0.022222222222222223,0
572603,13998.10468363837,1,1996,7,5,3,3.0,1.0,,1280.0,,0,,11516.0,10148.0,0,0,0,500,0,0,0.0,0.0,0.0,0.0,1.0,1,28,1280.0,500,0.0,0.0,0.0,0.0,0.0,0
572604,6234.176883923764,1,1997,7,5,3,3.0,1.0,,1280.0,,0,,11516.0,10148.0,0,0,0,500,0,0,0.0,0.0,0.0,0.0,1.0,1,27,1280.0,500,0.0,0.0,0.0,0.0,0.0,0
572703,2051.3939317895793,1,1999,7,5,3,2.0,1.0,,800.0,,0,,15286.0,14794.0,4825,0,0,0,0,0,49.0,156.0,217.0,1175.0,1.0,1,25,800.0,4825,205.0,217.0,422.0,0.5275,0.5275,1
572804,6516.248402902498,1,2000,6,5,3,2.0,1.0,,2446.0,,0,,14973.0,13173.0,0,0,0,200,0,0,0.0,0.0,0.0,0.0,1.0,1,24,2446.0,200,0.0,0.0,0.0,0.0,0.0,0
573003,1911.8348323393416,2,2000,7,5,3,9.0,,,177.0,,0,,12607.0,10699.0,9067,0,0,24000,0,0,267.0,16.0,541.0,9067.0,1.0,1,24,177.0,33067,283.0,541.0,824.0,4.655367231638418,4.655367231638418,1
573304,2987.0041392869266,1,2002,7,5,3,9.0,,,200.0,,0,,4075.0,3955.0,0,0,0,0,0,0,0.0,0.0,0.0,0.0,1.0,1,22,200.0,0,0.0,0.0,0.0,0.0,0.0,0
573504,8163.248438749758,2,1993,7,5,2,1.0,1.0,2520.0,,,0,,2856.0,2592.0,0,0,0,0,0,0,0.0,0.0,0.0,0.0,1.0,3,31,2520.0,0,0.0,0.0,0.0,0.0,0.0,0
576105,638.0104894638191,2,1997,7,5,2,2.0,1.0,,2300.0,,0,,2553.0,2337.0,0,0,0,0,0,0,0.0,0.0,0.0,0.0,1.0,3,27,2300.0,0,0.0,0.0,0.0,0.0,0.0,0
576204,15369.601712656733,1,1993,6,5,4,2.0,1.0,,2400.0,,0,,21598.0,20878.0,10000,0,0,0,0,0,600.0,0.0,0.0,10000.0,1.0,1,31,2400.0,10000,600.0,0.0,600.0,0.25,0.25,0
576251,3947.6399027891457,1,1987,5,1,4,1.0,1.0,3660.0,,,0,,4610.0,4130.0,230,0,0,0,0,0,61.0,0.0,324.0,230.0,1.0,1,37,3660.0,230,61.0,324.0,385.0,0.1051912568306011,0.1051912568306011,0
576404,3745.4907646687598,2,1986,7,5,4,2.0,1.0,,1148.0,,0,,4769.0,4673.0,600,0,0,0,0,0,0.0,18.0,,,,5,38,1148.0,600,18.0,0.0,18.0,0.0156794425087108,0.0156794425087108,0
580505,2419.948308998326,1,2000,6,5,4,2.0,1.0,,1050.0,,0,,4120.0,3520.0,0,0,0,0,0,0,0.0,0.0,0.0,0.0,1.0,1,24,1050.0,0,0.0,0.0,0.0,0.0,0.0,0
581003,10169.024618508716,2,1992,6,1,3,6.0,,,,1672.0,0,,6217.0,5761.0,0,0,0,0,0,0,410.0,0.0,0.0,0.0,1.0,3,32,1672.0,0,410.0,0.0,410.0,0.2452153110047847,0.2452153110047847,0
581051,4845.739220040373,1,1992,7,1,3,1.0,1.0,2915.0,264.0,,0,,6217.0,5761.0,0,0,0,0,0,0,410.0,0.0,0.0,0.0,1.0,3,32,3179.0,0,410.0,0.0,410.0,0.12897137464611513,0.12897137464611513,0
581104,9033.92426322939,2,1994,7,5,2,1.0,1.0,5318.0,,,0,,5522.0,4874.0,22282,0,0,0,0,5500,782.0,0.0,178.0,22282.0,1.0,1,30,5318.0,27782,782.0,178.0,960.0,0.1805189921022941,0.1805189921022941,0
581603,2511.0133712806596,1,1994,7,5,3,1.0,1.0,3600.0,,,0,,3700.0,3316.0,0,0,0,0,0,0,0.0,0.0,0.0,0.0,1.0,3,30,3600.0,0,0.0,0.0,0.0,0.0,0.0,0
582103,4930.271642184629,2,1985,6,1,2,1.0,1.0,3100.0,,,0,,9670.0,8374.0,26000,0,0,0,0,0,598.0,0.0,770.0,26000.0,1.0,1,39,3100.0,26000,598.0,770.0,1368.0,0.44129032258064516,0.44129032258064516,1
582104,6485.262971707196,2,1986,6,1,2,1.0,1.0,3222.0,,,0,,11845.0,10225.0,12000,0,0,0,0,0,444.0,0.0,5000.0,12000.0,1.0,2,38,3222.0,12000,444.0,5000.0,5444.0,1.6896337678460585,1.6896337678460585,1
582155,3545.93625014806,1,1991,7,1,2,1.0,1.0,7597.0,,,0,,11845.0,10225.0,12000,0,0,0,0,0,444.0,0.0,5000.0,12000.0,1.0,2,33,7597.0,12000,444.0,5000.0,5444.0,0.7165986573647493,0.7165986573647493,1
582106,1264.0700340440706,1,1990,6,5,2,1.0,1.0,3700.0,,,0,,8790.0,8382.0,10000,0,0,0,0,0,204.0,12.0,0.0,10000.0,1.0,2,34,3700.0,10000,216.0,0.0,216.0,0.05837837837837838,0.05837837837837838,0
582304,1160.893998641847,1,1999,7,5,4,9.0,,,385.0,,0,,10268.0,9824.0,0,0,0,0,0,0,0.0,0.0,,,,5,25,385.0,0,0.0,0.0,0.0,0.0,0.0,0
582303,794.3921053406117,2,1997,7,5,3,9.0,,4409.0,,,0,,4419.0,3663.0,0,0,0,0,0,0,0.0,0.0,0.0,0.0,1.0,1,27,4409.0,0,0.0,0.0,0.0,0.0,0.0,0
582503,6234.176883923764,1,1995,5,5,4,8.0,,,2500.0,,0,,8389.0,7933.0,0,0,0,0,0,0,0.0,0.0,0.0,0.0,1.0,1,29,2500.0,0,0.0,0.0,0.0,0.0,0.0,0
582603,1313.405781370331,2,2002,7,5,4,3.0,1.0,,600.0,,0,,3867.0,3756.6,0,0,0,0,0,0,0.0,0.0,0.0,0.0,1.0,1,22,600.0,0,0.0,0.0,0.0,0.0,0.0,0
584205,2459.2649683612763,1,2001,5,5,4,8.0,,,1000.0,,0,,2336.0,2144.0,3000,0,0,0,0,171,0.0,60.0,,,,5,23,1000.0,3171,60.0,0.0,60.0,0.06,0.06,0
584406,3745.4907646687598,2,1988,5,1,4,9.0,,,2420.0,,0,,6031.0,5683.0,1000,0,150,0,0,5000,28.0,0.0,116.0,6000.0,1.0,1,36,2420.0,6150,28.0,116.0,144.0,0.05950413223140496,0.05950413223140496,0
585903,2507.9878647156065,1,1996,5,5,4,2.0,1.0,,3744.0,,0,,15664.0,12556.0,0,0,0,0,0,0,0.0,0.0,0.0,0.0,1.0,1,28,3744.0,0,0.0,0.0,0.0,0.0,0.0,0
585904,1243.6731586059364,1,1999,7,5,4,1.0,1.0,3300.0,,,0,,15664.0,12556.0,0,0,0,0,0,0,0.0,0.0,0.0,0.0,1.0,1,25,3300.0,0,0.0,0.0,0.0,0.0,0.0,0
586604,938.8664321105075,2,1996,7,5,4,1.0,1.0,3270.0,,,0,,8838.0,7422.0,0,0,0,0,0,0,0.0,0.0,0.0,0.0,1.0,1,28,3270.0,0,0.0,0.0,0.0,0.0,0.0,0
586704,2006.7699278240163,1,2001,7,5,4,3.0,1.0,,845.0,,0,,6563.0,5759.0,0,0,1051,0,0,0,0.0,170.0,0.0,0.0,1.0,1,23,845.0,1051,170.0,0.0,170.0,0.20118343195266272,0.20118343195266272,0
587803,1040.309082373582,2,2000,7,5,1,1.0,1.0,2568.0,,,0,,4026.0,3726.0,0,0,0,0,0,0,0.0,0.0,0.0,0.0,1.0,3,24,2568.0,0,0.0,0.0,0.0,0.0,0.0,0
588003,2790.9736174047766,1,1990,7,5,2,2.0,1.0,,3160.0,,0,,3160.0,2800.0,0,0,0,0,0,0,0.0,0.0,0.0,0.0,1.0,3,34,3160.0,0,0.0,0.0,0.0,0.0,0.0,0
588005,981.3613191345272,2,1996,6,5,3,1.0,1.0,2470.0,,,0,,2490.0,2262.0,290,0,0,0,0,0,0.0,18.0,0.0,0.0,1.0,3,28,2470.0,290,18.0,0.0,18.0,0.0072874493927125505,0.0072874493927125505,0
588103,2408.007148025008,1,2002,5,5,4,2.0,1.0,,3000.0,,0,,13718.0,13310.0,16000,0,0,0,0,0,1020.0,64.0,0.0,16000.0,1.0,2,22,3000.0,16000,1084.0,0.0,1084.0,0.36133333333333334,0.36133333333333334,0
588105,2751.202184210954,2,1993,5,1,4,9.0,,,,2324.0,0,,13718.0,13310.0,16000,0,0,0,0,0,1020.0,64.0,0.0,16000.0,1.0,2,31,2324.0,16000,1084.0,0.0,1084.0,0.4664371772805508,0.4664371772805508,1
588702,7738.539331720318,2,1985,5,1,4,6.0,,,,140.0,0,,9461.0,8801.0,0,0,1451,0,0,0,0.0,162.0,0.0,0.0,1.0,3,39,140.0,1451,162.0,0.0,162.0,1.1571428571428573,1.1571428571428573,1
588803,2480.9952613651913,1,1995,7,5,4,2.0,1.0,,4331.0,,0,,7001.0,5993.0,283,0,0,0,2228,0,29.0,18.0,87.0,283.0,1.0,1,29,4331.0,2511,47.0,87.0,134.0,0.0309397367813438,0.0309397367813438,0
588802,3713.157715031286,2,1994,7,1,4,2.0,1.0,,828.0,,0,,6834.0,6234.0,0,0,422,0,0,0,0.0,28.0,0.0,0.0,1.0,3,30,828.0,422,28.0,0.0,28.0,0.033816425120772944,0.033816425120772944,0
588851,2590.033450970944,1,1994,7,1,4,2.0,1.0,,4336.0,,0,,6834.0,6234.0,0,0,422,0,0,0,0.0,28.0,0.0,0.0,1.0,3,30,4336.0,422,28.0,0.0,28.0,0.006457564575645757,0.006457564575645757,0
590002,1573.423970944405,2,1994,5,1,3,1.0,1.0,3585.0,,,0,,7890.0,6930.0,15272,0,0,0,0,0,240.0,247.0,248.0,15272.0,1.0,1,30,3585.0,15272,487.0,248.0,735.0,0.20502092050209206,0.20502092050209206,0
590053,7347.121932605745,1,1986,5,1,3,1.0,1.0,3535.0,,,0,,7890.0,6930.0,15272,0,0,0,0,0,240.0,247.0,248.0,15272.0,1.0,1,38,3535.0,15272,487.0,248.0,735.0,0.2079207920792079,0.2079207920792079,0
590004,472.6721116672467,2,1999,6,5,3,1.0,1.0,3238.0,,,0,,3278.0,2870.0,1800,0,0,0,0,0,0.0,0.0,,,,6,25,3238.0,1800,0.0,0.0,0.0,0.0,0.0,0
590203,3037.6427174295854,1,1988,7,5,4,6.0,,,,600.0,0,,3730.0,3682.0,3200,0,0,0,0,0,70.0,0.0,0.0,3200.0,1.0,1,36,600.0,3200,70.0,0.0,70.0,0.11666666666666667,0.11666666666666667,0
592603,11496.614742953921,1,1986,6,5,4,6.0,,,,,0,12060.0,12528.0,12120.0,48000,0,3168,0,0,0,0.0,1300.0,0.0,0.0,1.0,1,38,12060.0,51168,1300.0,0.0,1300.0,0.1077943615257048,0.1077943615257048,0
593404,2751.202184210954,2,1989,7,1,4,2.0,1.0,,2280.0,,0,,9192.0,8784.0,0,0,0,0,0,0,0.0,0.0,0.0,0.0,1.0,1,35,2280.0,0,0.0,0.0,0.0,0.0,0.0,0
594903,6858.65391450428,1,1994,7,5,3,1.0,1.0,8520.0,,,0,,13366.0,11110.0,0,0,0,0,0,0,0.0,0.0,,,,5,30,8520.0,0,0.0,0.0,0.0,0.0,0.0,0
594904,8224.11676112984,2,1997,7,5,3,1.0,1.0,4510.0,,,0,,13366.0,11110.0,0,0,0,0,0,0,0.0,0.0,,,,5,27,4510.0,0,0.0,0.0,0.0,0.0,0.0,0
595104,7058.44662953057,2,1995,7,5,3,2.0,1.0,,1880.0,,0,,12552.0,11268.0,4549,0,0,0,0,0,150.0,485.0,910.0,1750.0,1.0,1,29,1880.0,4549,635.0,910.0,1545.0,0.8218085106382979,0.8218085106382979,1
595103,12521.72441677557,2,1993,7,5,3,1.0,1.0,4091.0,,,0,,4665.0,4017.0,4000,0,110,0,0,0,75.0,0.0,0.0,4000.0,1.0,2,31,4091.0,4110,75.0,0.0,75.0,0.018332925934979222,0.018332925934979222,0
595205,8846.70642925351,2,1999,7,5,3,9.0,,,1607.0,,0,,17494.0,14278.0,3000,0,0,0,0,0,168.0,0.0,3000.0,3000.0,1.0,2,25,1607.0,3000,168.0,3000.0,3168.0,1.971375233354076,1.971375233354076,1
595206,13730.494656546054,1,2001,7,5,3,9.0,,,,,772,,17494.0,14278.0,3000,0,0,0,0,0,168.0,0.0,3000.0,3000.0,1.0,2,23,772.0,3000,168.0,3000.0,3168.0,4.103626943005182,4.103626943005182,1
595203,6171.024374278926,2,1992,8,5,3,1.0,1.0,3790.0,,,0,,3860.0,3488.0,6500,0,0,0,0,0,84.0,0.0,0.0,6500.0,1.0,2,32,3790.0,6500,84.0,0.0,84.0,0.02216358839050132,0.02216358839050132,0
595204,6152.34769283062,2,1994,7,5,2,1.0,1.0,5748.0,,,0,,5768.0,4880.0,2000,0,0,0,0,0,38.0,0.0,0.0,2000.0,1.0,3,30,5748.0,2000,38.0,0.0,38.0,0.006610995128740431,0.006610995128740431,0
598603,12006.14243688975,2,1994,7,5,1,1.0,1.0,4550.0,,,0,,7630.0,6754.0,9800,0,0,0,0,0,245.0,0.0,0.0,9800.0,1.0,3,30,4550.0,9800,245.0,0.0,245.0,0.05384615384615385,0.05384615384615385,0
598604,8938.760707659061,2,1998,6,5,1,1.0,1.0,3030.0,,,0,,7630.0,6754.0,9800,0,0,0,0,0,245.0,0.0,0.0,9800.0,1.0,3,26,3030.0,9800,245.0,0.0,245.0,0.08085808580858085,0.08085808580858085,0
599303,3361.3061093668252,2,1999,6,5,3,1.0,1.0,3704.0,,,0,,21258.0,17802.0,0,0,0,500,0,0,0.0,0.0,0.0,0.0,1.0,1,25,3704.0,500,0.0,0.0,0.0,0.0,0.0,0
599403,9948.916039529491,2,1995,6,5,3,1.0,1.0,3816.0,,,0,,14136.0,12780.0,5120,0,0,0,0,0,180.0,0.0,480.0,5120.0,1.0,1,29,3816.0,5120,180.0,480.0,660.0,0.17295597484276728,0.17295597484276728,0
599404,7537.17858261893,1,1998,6,5,3,1.0,1.0,2406.0,,,0,,14136.0,12780.0,5120,0,0,0,0,0,180.0,0.0,480.0,5120.0,1.0,1,26,2406.0,5120,180.0,480.0,660.0,0.2743142144638404,0.2743142144638404,0
602651,5187.514472904841,1,1988,6,1,2,5.0,,,,8406.0,0,,9136.0,7804.0,13000,0,0,0,0,0,224.0,0.0,377.0,13000.0,1.0,1,36,8406.0,13000,224.0,377.0,601.0,0.07149655008327385,0.07149655008327385,0
603404,6144.587330429458,1,1993,7,5,2,9.0,,,520.0,,0,,6718.0,5890.0,0,0,0,0,0,0,0.0,0.0,0.0,0.0,1.0,1,31,520.0,0,0.0,0.0,0.0,0.0,0.0,0
603603,6781.522048848889,2,1990,6,5,3,2.0,1.0,,2190.0,,0,,5502.0,5154.0,0,0,0,0,0,0,0.0,0.0,,,,5,34,2190.0,0,0.0,0.0,0.0,0.0,0.0,0
604703,6781.522048848889,2,1993,6,5,3,1.0,1.0,2660.0,,,0,,8003.0,7103.0,7000,0,0,0,0,0,0.0,280.0,0.0,0.0,1.0,3,31,2660.0,7000,280.0,0.0,280.0,0.10526315789473684,0.10526315789473684,0
604704,12569.52035833906,1,1996,7,5,5,2.0,1.0,,3658.0,,0,,3764.0,3404.0,0,0,0,0,0,0,0.0,0.0,,,,6,28,3658.0,0,0.0,0.0,0.0,0.0,0.0,0
605803,9519.056275736739,2,2001,6,5,3,2.0,1.0,,3360.0,,0,,3372.0,3000.0,0,0,0,0,0,0,0.0,0.0,0.0,0.0,1.0,3,23,3360.0,0,0.0,0.0,0.0,0.0,0.0,0
606103,16286.24066090034,1,1995,7,5,2,1.0,1.0,3240.0,,,0,,9130.0,8410.0,25480,0,0,5000,0,0,0.0,750.0,0.0,0.0,1.0,1,29,3240.0,30480,750.0,0.0,750.0,0.23148148148148148,0.23148148148148148,0
606304,12590.69580947744,2,1997,7,5,3,1.0,1.0,2752.0,,,0,,2833.0,2605.0,0,0,0,0,0,0,0.0,0.0,0.0,0.0,1.0,3,27,2752.0,0,0.0,0.0,0.0,0.0,0.0,0
606303,6322.282620118858,1,1995,7,5,3,1.0,1.0,3015.0,,,0,,3879.0,3555.0,0,0,0,0,0,0,0.0,0.0,0.0,0.0,1.0,3,29,3015.0,0,0.0,0.0,0.0,0.0,0.0,0
606404,13289.133900172843,2,1996,7,5,3,1.0,1.0,4000.0,,,0,,6661.0,5953.0,0,0,0,0,0,0,0.0,0.0,0.0,0.0,1.0,1,28,4000.0,0,0.0,0.0,0.0,0.0,0.0,0
606505,4468.875046899942,2,1999,7,5,3,9.0,,,150.0,,0,,9310.0,8110.0,2046,0,0,0,0,0,0.0,106.0,0.0,0.0,1.0,1,25,150.0,2046,106.0,0.0,106.0,0.7066666666666667,0.7066666666666667,1
607702,12081.325721554702,2,1995,7,5,3,1.0,1.0,2860.0,,,0,,2900.0,2432.0,0,0,0,0,0,0,0.0,0.0,0.0,0.0,1.0,3,29,2860.0,0,0.0,0.0,0.0,0.0,0.0,0
609106,5356.54596290323,2,1999,5,1,3,2.0,1.0,,781.0,,0,,7882.0,7702.0,6050,0,1600,0,0,0,111.0,390.0,300.0,3400.0,1.0,1,25,781.0,7650,501.0,300.0,801.0,1.025608194622279,1.025608194622279,1
609203,6363.05760972849,2,1997,7,5,3,1.0,1.0,4164.0,,,0,,4464.0,3732.0,0,0,0,0,0,0,0.0,0.0,0.0,0.0,1.0,3,27,4164.0,0,0.0,0.0,0.0,0.0,0.0,0
611403,7961.004874779195,1,2001,7,5,3,9.0,,,500.0,,0,,22393.0,22153.0,0,0,0,0,0,0,0.0,0.0,368.0,0.0,1.0,1,23,500.0,0,0.0,368.0,368.0,0.736,0.736,1
611404,9111.438534115083,2,2003,7,5,3,9.0,,,540.0,,0,,22393.0,22153.0,0,0,0,0,0,0,0.0,0.0,368.0,0.0,1.0,1,21,540.0,0,0.0,368.0,368.0,0.6814814814814815,0.6814814814814815,1
612004,6498.079731533065,2,2000,7,5,3,2.0,1.0,,2215.0,,0,,12896.0,11468.0,9020,0,0,0,0,0,143.0,0.0,226.0,9020.0,1.0,1,24,2215.0,9020,143.0,226.0,369.0,0.16659142212189615,0.16659142212189615,0
612303,9098.631100051289,2,1998,7,5,2,1.0,1.0,4080.0,,,0,,5080.0,4444.0,0,0,0,0,0,0,0.0,0.0,0.0,0.0,1.0,3,26,4080.0,0,0.0,0.0,0.0,0.0,0.0,0
613103,11397.645666335544,1,1992,7,1,3,1.0,1.0,9940.0,,,0,,11480.0,8444.0,20000,0,0,0,0,0,480.0,0.0,0.0,20000.0,1.0,1,32,9940.0,20000,480.0,0.0,480.0,0.0482897384305835,0.0482897384305835,0
615705,7881.821071366636,2,1995,7,5,4,2.0,1.0,,400.0,,0,,6026.0,5378.0,11900,0,0,0,0,0,480.0,0.0,0.0,0.0,1.0,1,29,400.0,11900,480.0,0.0,480.0,1.2,1.2,1
615703,7284.330189032459,1,1986,7,1,2,1.0,1.0,12800.0,,,0,,17747.0,12983.0,39800,0,0,20000,0,0,400.0,0.0,200.0,39800.0,1.0,1,38,12800.0,59800,400.0,200.0,600.0,0.046875,0.046875,0
615751,5246.934024454905,2,1988,7,1,2,1.0,1.0,3200.0,,,0,,17747.0,12983.0,39800,0,0,20000,0,0,400.0,0.0,200.0,39800.0,1.0,1,36,3200.0,59800,400.0,200.0,600.0,0.1875,0.1875,0
616102,6858.65391450428,1,1996,6,5,3,1.0,1.0,3348.0,,,0,,3424.0,3076.0,0,0,0,0,0,0,0.0,0.0,,,,6,28,3348.0,0,0.0,0.0,0.0,0.0,0.0,0
617503,5829.482035952214,1,2000,7,5,3,2.0,1.0,,282.0,,0,,7392.0,6396.0,0,0,0,0,0,1284,0.0,0.0,0.0,0.0,1.0,3,24,282.0,1284,0.0,0.0,0.0,0.0,0.0,0
617805,5998.576117207987,2,1996,7,5,4,9.0,,,250.0,,0,,4204.0,3880.0,0,0,0,0,0,0,0.0,0.0,0.0,0.0,1.0,1,28,250.0,0,0.0,0.0,0.0,0.0,0.0,0
617806,1946.1886181840366,2,2000,7,5,4,9.0,,,420.0,,0,,4204.0,3880.0,0,0,0,0,0,0,0.0,0.0,0.0,0.0,1.0,1,24,420.0,0,0.0,0.0,0.0,0.0,0.0,0
617804,3678.054702724377,2,1994,7,5,3,1.0,1.0,4530.0,,,0,,4680.0,4140.0,0,0,0,0,0,0,0.0,0.0,0.0,0.0,1.0,3,30,4530.0,0,0.0,0.0,0.0,0.0,0.0,0
617905,7088.445618427603,1,2002,7,5,4,9.0,,,,,952,,6412.0,6088.0,0,0,0,0,0,0,0.0,0.0,0.0,0.0,1.0,1,22,952.0,0,0.0,0.0,0.0,0.0,0.0,0
618402,7537.17858261893,1,1995,6,5,3,6.0,,,,3568.0,0,,3945.0,3573.0,0,0,0,0,0,0,0.0,0.0,0.0,0.0,1.0,3,29,3568.0,0,0.0,0.0,0.0,0.0,0.0,0
625402,1432.1408134474539,2,1998,7,5,1,2.0,1.0,,2376.0,,0,,3684.0,3492.0,0,0,0,0,0,0,0.0,0.0,0.0,0.0,1.0,3,26,2376.0,0,0.0,0.0,0.0,0.0,0.0,0
628503,8584.672875576103,1,1988,7,5,4,6.0,,,,2840.0,0,,7198.0,6358.0,25000,0,0,31000,0,0,0.0,660.0,0.0,0.0,1.0,1,36,2840.0,56000,660.0,0.0,660.0,0.2323943661971831,0.2323943661971831,0
628504,7537.17858261893,1,1997,7,5,4,1.0,1.0,2565.0,,,0,,7198.0,6358.0,25000,0,0,31000,0,0,0.0,660.0,0.0,0.0,1.0,1,27,2565.0,56000,660.0,0.0,660.0,0.2573099415204678,0.2573099415204678,0
628951,5246.934024454905,2,1987,6,1,2,1.0,1.0,3926.0,40.0,,0,,9656.0,8264.0,7900,0,0,0,0,0,0.0,72.0,,,,5,37,3966.0,7900,72.0,0.0,72.0,0.018154311649016642,0.018154311649016642,0
629003,4660.556694320956,1,1989,8,1,3,1.0,1.0,4440.0,,,0,,6381.0,6249.0,6800,0,0,0,0,0,156.0,0.0,0.0,6800.0,1.0,3,35,4440.0,6800,156.0,0.0,156.0,0.03513513513513514,0.03513513513513514,0
629051,1546.5023078560805,2,1995,7,1,3,1.0,1.0,695.0,,,0,,6381.0,6249.0,6800,0,0,0,0,0,156.0,0.0,0.0,6800.0,1.0,3,29,695.0,6800,156.0,0.0,156.0,0.22446043165467625,0.22446043165467625,0
631303,7241.471874321058,1,1989,5,5,4,2.0,1.0,,2400.0,,0,,4866.0,4446.0,200,0,0,0,0,0,0.0,24.0,,,,5,35,2400.0,200,24.0,0.0,24.0,0.01,0.01,0
632504,3077.80584888128,2,2000,7,5,4,9.0,,,690.0,,0,,16540.0,14092.0,0,0,0,0,0,0,0.0,0.0,0.0,0.0,1.0,1,24,690.0,0,0.0,0.0,0.0,0.0,0.0,0
632503,6858.818858292543,1,1996,7,5,1,1.0,1.0,3216.0,,,0,,4236.0,3900.0,0,0,0,0,0,0,0.0,0.0,0.0,0.0,1.0,3,28,3216.0,0,0.0,0.0,0.0,0.0,0.0,0
632604,4415.55481837494,1,2001,7,5,2,3.0,1.0,,875.0,,0,,5903.0,4079.0,2000,0,0,300,0,2016,0.0,120.0,,,,6,23,875.0,4316,120.0,0.0,120.0,0.13714285714285715,0.13714285714285715,0
636203,2618.155655993919,2,1996,7,1,2,1.0,1.0,750.0,,,0,,6664.0,6124.0,11600,0,0,0,0,0,204.0,0.0,312.0,11600.0,1.0,1,28,750.0,11600,204.0,312.0,516.0,0.688,0.688,1
636251,876.6781377371127,1,1990,7,1,2,1.0,1.0,3960.0,,,0,,6664.0,6124.0,11600,0,0,0,0,0,204.0,0.0,312.0,11600.0,1.0,1,34,3960.0,11600,204.0,312.0,516.0,0.1303030303030303,0.1303030303030303,0
638503,695.4265450233503,2,1991,6,5,2,2.0,1.0,,4128.0,,0,,4481.0,3677.0,20000,0,0,0,0,2000,216.0,0.0,0.0,22000.0,1.0,1,33,4128.0,22000,216.0,0.0,216.0,0.05232558139534884,0.05232558139534884,0
638504,4595.822808910109,2,1993,7,1,3,1.0,1.0,2832.0,,,0,,2868.0,2544.0,0,0,0,0,0,0,0.0,0.0,0.0,0.0,1.0,3,31,2832.0,0,0.0,0.0,0.0,0.0,0.0,0
638506,6113.6268136872095,1,1996,8,5,3,2.0,1.0,,2520.0,,0,,3000.0,2784.0,0,0,0,0,0,0,0.0,0.0,0.0,0.0,1.0,3,28,2520.0,0,0.0,0.0,0.0,0.0,0.0,0
638904,3440.582697937957,1,2003,7,5,4,1.0,1.0,3727.0,,,0,,6316.0,5548.0,0,0,0,0,0,0,0.0,0.0,0.0,0.0,1.0,1,21,3727.0,0,0.0,0.0,0.0,0.0,0.0,0
639003,8584.672875576103,1,1988,7,1,4,6.0,,,,5000.0,0,,6845.0,6377.0,13800,0,0,0,0,0,660.0,384.0,0.0,6800.0,1.0,1,36,5000.0,13800,1044.0,0.0,1044.0,0.2088,0.2088,0
639004,7241.471874321058,1,1990,7,1,3,1.0,1.0,3504.0,,,0,,3944.0,3212.0,8400,0,0,0,0,0,174.0,0.0,0.0,0.0,1.0,2,34,3504.0,8400,174.0,0.0,174.0,0.04965753424657534,0.04965753424657534,0
639303,6545.166013559634,1,1989,6,1,3,3.0,1.0,,5100.0,,0,,7960.0,7336.0,0,0,0,0,0,0,0.0,0.0,0.0,0.0,1.0,3,35,5100.0,0,0.0,0.0,0.0,0.0,0.0,0
639351,7986.9615272025585,2,1991,5,1,3,2.0,1.0,,2760.0,,0,,7960.0,7336.0,0,0,0,0,0,0,0.0,0.0,0.0,0.0,1.0,3,33,2760.0,0,0.0,0.0,0.0,0.0,0.0,0
643803,16751.677741959047,1,1986,9,1,3,1.0,1.0,7140.0,,,0,,14550.0,12366.0,28826,0,0,24000,0,0,600.0,350.0,828.0,21826.0,1.0,1,38,7140.0,52826,950.0,828.0,1778.0,0.24901960784313726,0.24901960784313726,0
643851,5863.708404874916,2,1988,8,1,3,1.0,1.0,6200.0,,,0,,14550.0,12366.0,28826,0,0,24000,0,0,600.0,350.0,828.0,21826.0,1.0,1,36,6200.0,52826,950.0,828.0,1778.0,0.2867741935483871,0.2867741935483871,0
644403,16108.17659922299,1,1998,7,5,3,1.0,1.0,2042.0,,,0,,12481.0,10681.0,0,0,0,0,0,0,0.0,0.0,0.0,0.0,1.0,1,26,2042.0,0,0.0,0.0,0.0,0.0,0.0,0
644504,12864.88713574298,1,1993,7,5,3,2.0,1.0,,4809.0,,0,,5791.0,5167.0,0,0,0,0,0,0,0.0,0.0,,,,6,31,4809.0,0,0.0,0.0,0.0,0.0,0.0,0
645903,14367.559847270144,1,2000,7,5,3,9.0,,,,,888,,18512.0,15560.0,0,0,0,0,0,0,0.0,0.0,0.0,0.0,1.0,1,24,888.0,0,0.0,0.0,0.0,0.0,0.0,0
646203,8334.237765525297,1,2001,7,5,3,2.0,1.0,,360.0,,0,,16220.0,13376.0,0,0,0,0,0,0,0.0,0.0,0.0,0.0,1.0,1,23,360.0,0,0.0,0.0,0.0,0.0,0.0,0
646403,16231.663736884519,2,1987,7,1,3,1.0,1.0,3322.0,,,0,,11448.0,9108.0,10000,0,0,24000,0,0,0.0,125.0,0.0,0.0,1.0,1,37,3322.0,34000,125.0,0.0,125.0,0.03762793497892836,0.03762793497892836,0
646604,15054.806924175766,2,1994,7,5,3,2.0,1.0,,2570.0,,0,,2610.0,2370.0,0,0,0,0,0,0,0.0,0.0,0.0,0.0,1.0,3,30,2570.0,0,0.0,0.0,0.0,0.0,0.0,0
646603,10848.017894769586,2,1992,7,5,3,6.0,,,,2400.0,0,,3192.0,2976.0,0,0,0,0,0,0,0.0,0.0,0.0,0.0,1.0,3,32,2400.0,0,0.0,0.0,0.0,0.0,0.0,0
647905,5217.584772917754,1,2001,7,5,3,9.0,,,,,962,,4757.0,4529.0,0,0,0,0,0,0,0.0,0.0,0.0,0.0,1.0,3,23,962.0,0,0.0,0.0,0.0,0.0,0.0,0
647904,6812.438956232533,1,1994,7,5,3,2.0,1.0,,1320.0,,0,,1620.0,1500.0,0,0,0,0,0,0,0.0,0.0,0.0,0.0,1.0,2,30,1320.0,0,0.0,0.0,0.0,0.0,0.0,0
648403,3878.989664543851,2,1997,5,1,3,2.0,3.0,,600.0,,0,,6373.0,6085.0,1022,243,0,0,0,0,0.0,84.0,0.0,0.0,1.0,3,27,600.0,1265,84.0,0.0,84.0,0.14,0.14,0
648451,6596.9966150851105,1,1988,6,1,3,1.0,1.0,3573.0,,,0,,6373.0,6085.0,1022,243,0,0,0,0,0.0,84.0,0.0,0.0,1.0,3,36,3573.0,1265,84.0,0.0,84.0,0.023509655751469353,0.023509655751469353,0
648404,5112.978919248574,1,2002,5,5,3,2.0,3.0,,2544.0,,0,,2714.0,2688.8,50,0,300,0,0,0,0.0,56.0,,,,4,22,2544.0,350,56.0,0.0,56.0,0.0220125786163522,0.0220125786163522,0
648503,4909.831488032668,1,2000,7,5,3,9.0,,,600.0,,0,,4807.0,4555.0,1170,0,0,0,0,0,0.0,21.0,0.0,0.0,1.0,3,24,600.0,1170,21.0,0.0,21.0,0.035,0.035,0
648651,4845.739220040373,1,1991,6,1,3,1.0,1.0,5556.0,,,0,,6563.0,5951.0,4600,0,0,0,0,0,144.0,0.0,600.0,4600.0,1.0,1,33,5556.0,4600,144.0,600.0,744.0,0.13390928725701945,0.13390928725701945,0
648904,16036.061177823754,2,1995,7,5,3,1.0,1.0,4258.0,,,0,,23326.0,19858.0,2400,0,0,0,0,0,0.0,0.0,0.0,0.0,1.0,1,29,4258.0,2400,0.0,0.0,0.0,0.0,0.0,0
648903,6545.166013559634,1,1993,7,5,3,1.0,1.0,4538.0,,,0,,4683.0,3891.0,0,0,0,0,0,0,0.0,0.0,0.0,0.0,1.0,3,31,4538.0,0,0.0,0.0,0.0,0.0,0.0,0
649103,8479.623790645539,2,1996,9,5,3,2.0,1.0,,1800.0,,0,,10493.0,9881.0,0,0,0,0,0,0,0.0,0.0,0.0,0.0,1.0,1,28,1800.0,0,0.0,0.0,0.0,0.0,0.0,0
649104,6925.744172922013,2,1999,6,5,3,2.0,1.0,,2208.0,,0,,10493.0,9881.0,0,0,0,0,0,0,0.0,0.0,0.0,0.0,1.0,1,25,2208.0,0,0.0,0.0,0.0,0.0,0.0,0
649803,3154.6138069133362,2,1989,6,1,3,1.0,1.0,2810.0,,,0,,7478.0,6590.0,0,0,0,0,0,0,160.0,0.0,5000.0,0.0,1.0,2,35,2810.0,0,160.0,5000.0,5160.0,1.8362989323843417,1.8362989323843417,1
649804,9746.511030003534,1,1993,5,5,3,1.0,1.0,3790.0,,,0,,3838.0,3226.0,0,0,0,0,0,0,0.0,0.0,,,,4,31,3790.0,0,0.0,0.0,0.0,0.0,0.0,0
650003,6190.532046608033,2,1998,7,5,1,1.0,1.0,4368.0,,,0,,4548.0,3600.0,0,0,0,0,0,0,0.0,0.0,0.0,0.0,1.0,3,26,4368.0,0,0.0,0.0,0.0,0.0,0.0,0
651151,6596.9966150851105,1,1988,7,1,3,1.0,1.0,6645.0,,,0,,7715.0,6659.0,0,0,0,0,0,0,0.0,0.0,0.0,0.0,1.0,1,36,6645.0,0,0.0,0.0,0.0,0.0,0.0,0
651104,3240.249369427304,2,1989,7,5,3,1.0,1.0,4190.0,,,0,,9543.0,8427.0,0,0,0,0,0,0,0.0,0.0,0.0,0.0,1.0,1,35,4190.0,0,0.0,0.0,0.0,0.0,0.0,0
651105,10640.162061189529,1,1993,8,5,3,1.0,1.0,4368.0,,,0,,9543.0,8427.0,0,0,0,0,0,0,0.0,0.0,0.0,0.0,1.0,1,31,4368.0,0,0.0,0.0,0.0,0.0,0.0,0
651504,6017.9116244854595,1,1992,6,5,3,6.0,,,,3820.0,0,,6264.0,5472.0,0,0,0,0,0,0,0.0,0.0,0.0,0.0,1.0,1,32,3820.0,0,0.0,0.0,0.0,0.0,0.0,0
652004,12413.37173724959,2,1987,7,1,3,1.0,1.0,7120.0,,,0,,17230.0,14554.0,8000,0,0,0,0,5000,360.0,24.0,5000.0,12000.0,1.0,1,37,7120.0,13000,384.0,5000.0,5384.0,0.7561797752808989,0.7561797752808989,1
652003,7266.376539512243,2,1985,7,1,3,1.0,1.0,9605.0,,,0,,21043.0,17347.0,15000,0,0,2500,0,0,180.0,264.0,1000.0,10000.0,1.0,1,39,9605.0,17500,444.0,1000.0,1444.0,0.15033836543466944,0.15033836543466944,0
652005,15234.361267440127,1,1991,7,1,4,1.0,1.0,10652.0,,,0,,14454.0,12066.0,10000,0,4720,0,720,0,0.0,620.0,0.0,0.0,1.0,2,33,10652.0,15440,620.0,0.0,620.0,0.05820503191888847,0.05820503191888847,0
652056,7126.00300683157,2,1990,8,1,4,1.0,1.0,3752.0,,,0,,14454.0,12066.0,10000,0,4720,0,720,0,0.0,620.0,0.0,0.0,1.0,2,34,3752.0,15440,620.0,0.0,620.0,0.1652452025586354,0.1652452025586354,0
652103,4757.783578062418,2,1989,7,5,3,8.0,,,1500.0,,0,,12026.0,10418.0,0,0,0,2600,0,0,0.0,0.0,0.0,0.0,1.0,2,35,1500.0,2600,0.0,0.0,0.0,0.0,0.0,0
652105,6812.438956232533,1,1995,6,5,3,2.0,1.0,,2400.0,,0,,12026.0,10418.0,0,0,0,2600,0,0,0.0,0.0,0.0,0.0,1.0,2,29,2400.0,2600,0.0,0.0,0.0,0.0,0.0,0
653703,5445.907205086549,2,1996,7,5,3,1.0,1.0,4420.0,,,0,,4460.0,4124.0,0,0,0,0,0,0,0.0,0.0,0.0,0.0,1.0,3,28,4420.0,0,0.0,0.0,0.0,0.0,0.0,0
653704,3260.1876583194917,2,1998,7,5,2,3.0,1.0,,1896.0,,0,,2400.0,2208.0,0,0,0,0,0,0,0.0,0.0,0.0,0.0,1.0,3,26,1896.0,0,0.0,0.0,0.0,0.0,0.0,0
654304,9550.513591555982,2,1994,7,1,3,6.0,,,,3997.0,0,,7055.0,6347.0,2200,0,0,0,0,0,48.0,0.0,0.0,2200.0,1.0,3,30,3997.0,2200,48.0,0.0,48.0,0.0120090067550663,0.0120090067550663,0
654353,7039.424577419531,1,1994,5,1,3,1.0,1.0,2098.0,,,0,,7055.0,6347.0,2200,0,0,0,0,0,48.0,0.0,0.0,2200.0,1.0,3,30,2098.0,2200,48.0,0.0,48.0,0.022878932316491896,0.022878932316491896,0
654403,6545.166013559634,1,1992,5,1,3,1.0,1.0,6132.0,,,0,,10675.0,9235.0,18000,0,0,0,0,0,1200.0,0.0,2000.0,1200.0,1.0,2,32,6132.0,18000,1200.0,2000.0,3200.0,0.5218525766470972,0.5218525766470972,1
654451,4597.600577456678,2,1993,5,1,3,6.0,,,,4403.0,0,,10675.0,9235.0,18000,0,0,0,0,0,1200.0,0.0,2000.0,1200.0,1.0,2,31,4403.0,18000,1200.0,2000.0,3200.0,0.7267771973654327,0.7267771973654327,1
654802,3082.766617795925,2,1988,6,1,3,1.0,1.0,5249.0,,,0,,11265.0,10221.0,4380,0,0,0,0,0,72.0,84.0,0.0,2980.0,1.0,1,36,5249.0,4380,156.0,0.0,156.0,0.029719946656506,0.029719946656506,0
656103,9178.54097619555,1,1996,8,5,1,2.0,1.0,,2520.0,,0,,3024.0,2904.0,2000,0,0,0,0,0,0.0,24.0,0.0,0.0,1.0,3,28,2520.0,2000,24.0,0.0,24.0,0.009523809523809525,0.009523809523809525,0
656305,5240.161088441096,1,2000,7,5,4,2.0,1.0,,480.0,,0,,7078.0,6944.8,0,0,0,0,0,0,0.0,0.0,,,,6,24,480.0,0,0.0,0.0,0.0,0.0,0.0,0
656303,3874.133974868238,2,1996,7,1,2,1.0,1.0,2640.0,,,0,,5917.0,5245.0,12171,0,0,0,0,0,351.0,0.0,1658.0,12171.0,1.0,1,28,2640.0,12171,351.0,1658.0,2009.0,0.7609848484848485,0.7609848484848485,1
656351,1945.8555972346578,1,1993,7,1,2,2.0,1.0,,3090.0,,0,,5917.0,5245.0,12171,0,0,0,0,0,351.0,0.0,1658.0,12171.0,1.0,1,31,3090.0,12171,351.0,1658.0,2009.0,0.6501618122977346,0.6501618122977346,1
656304,11943.874058607444,1,1998,7,5,2,2.0,1.0,,2532.0,,0,,2568.0,2340.0,0,0,0,0,0,0,0.0,0.0,0.0,0.0,1.0,3,26,2532.0,0,0.0,0.0,0.0,0.0,0.0,0
657404,4372.477315751099,1,2001,7,5,3,9.0,,,480.0,,0,,11098.0,8230.0,0,0,0,0,0,0,0.0,0.0,0.0,0.0,1.0,2,23,480.0,0,0.0,0.0,0.0,0.0,0.0,0
658204,10594.000717886895,1,1987,7,1,3,2.0,1.0,,4220.0,,0,,11750.0,8906.0,41500,0,0,0,0,0,360.0,800.0,360.0,13500.0,1.0,1,37,4220.0,41500,1160.0,360.0,1520.0,0.36018957345971564,0.36018957345971564,0
658254,7383.205822291435,2,1991,7,1,3,5.0,,,,6060.0,0,,11750.0,8906.0,41500,0,0,0,0,0,360.0,800.0,360.0,13500.0,1.0,1,33,6060.0,41500,1160.0,360.0,1520.0,0.2508250825082508,0.2508250825082508,0
658602,2755.9873820627868,2,1988,4,5,3,5.0,,,,9520.0,0,,9520.0,8548.0,5224,0,1830,0,0,0,360.0,0.0,4000.0,5224.0,1.0,1,36,9520.0,7054,360.0,4000.0,4360.0,0.4579831932773109,0.4579831932773109,1
658603,12918.831391089123,1,1989,5,5,3,2.0,1.0,,3804.0,,0,,3864.0,3838.8,0,0,0,0,0,0,0.0,0.0,,,,5,35,3804.0,0,0.0,0.0,0.0,0.0,0.0,0
658704,10697.969465877617,2,2002,6,5,3,9.0,,,600.0,,0,,9646.0,8722.0,0,0,0,0,0,0,0.0,0.0,0.0,0.0,1.0,1,22,600.0,0,0.0,0.0,0.0,0.0,0.0,0
658703,3830.327486108642,2,1998,7,5,1,1.0,1.0,720.0,516.0,,0,,2400.0,2316.0,0,0,0,0,0,0,0.0,0.0,0.0,0.0,1.0,3,26,1236.0,0,0.0,0.0,0.0,0.0,0.0,0
659805,6812.438956232533,1,1995,7,5,3,1.0,1.0,3500.0,,,0,,3500.0,3188.0,4500,0,0,0,0,0,180.0,0.0,0.0,4500.0,1.0,3,29,3500.0,4500,180.0,0.0,180.0,0.05142857142857143,0.05142857142857143,0
660403,6884.421213267028,2,1992,6,5,3,2.0,3.0,,4320.0,,0,,18280.0,16120.0,0,0,0,0,0,0,0.0,0.0,0.0,0.0,1.0,1,32,4320.0,0,0.0,0.0,0.0,0.0,0.0,0
660603,9859.314497543364,2,1993,5,5,3,1.0,1.0,5000.0,,,0,,9330.0,8550.0,15560,0,0,0,0,0,540.0,0.0,600.0,15560.0,1.0,1,31,5000.0,15560,540.0,600.0,1140.0,0.228,0.228,0
660703,13801.33027120021,1,1999,7,5,3,1.0,1.0,7390.0,,,0,,14399.0,13091.0,0,0,0,200,0,0,0.0,0.0,0.0,0.0,1.0,1,25,7390.0,200,0.0,0.0,0.0,0.0,0.0,0
662404,7266.376539512243,2,1985,7,1,3,1.0,1.0,3720.0,,,0,,16370.0,14390.0,40000,0,0,1000,0,0,1800.0,0.0,0.0,40000.0,1.0,1,39,3720.0,41000,1800.0,0.0,1800.0,0.4838709677419355,0.4838709677419355,1
662451,6596.9966150851105,1,1985,6,1,3,1.0,1.0,8650.0,,,0,,16370.0,14390.0,40000,0,0,1000,0,0,1800.0,0.0,0.0,40000.0,1.0,1,39,8650.0,41000,1800.0,0.0,1800.0,0.20809248554913296,0.20809248554913296,0
662703,7759.211126952838,1,1986,6,5,3,6.0,,,1750.0,1515.0,0,,3335.0,3155.0,0,0,0,0,0,0,0.0,0.0,0.0,0.0,1.0,3,38,3265.0,0,0.0,0.0,0.0,0.0,0.0,0
663305,6596.9966150851105,1,1985,7,1,4,1.0,1.0,5085.0,,,0,,6445.0,5821.0,12568,0,0,0,0,0,228.0,0.0,432.0,12568.0,1.0,1,39,5085.0,12568,228.0,432.0,660.0,0.12979351032448377,0.12979351032448377,0
666351,10594.000717886895,1,1985,7,1,3,1.0,1.0,8570.0,,,0,,9300.0,7980.0,5000,0,0,0,0,0,240.0,0.0,0.0,5000.0,1.0,1,39,8570.0,5000,240.0,0.0,240.0,0.028004667444574097,0.028004667444574097,0
667107,984.0186107489407,2,1997,7,5,3,1.0,1.0,3000.0,,,0,,3309.0,2997.0,10000,0,0,0,0,0,120.0,0.0,0.0,10000.0,1.0,2,27,3000.0,10000,120.0,0.0,120.0,0.04,0.04,0
667806,5598.819960493509,2,1997,5,5,5,1.0,1.0,2820.0,,,0,,6886.0,6058.0,14000,0,0,0,0,0,960.0,0.0,600.0,14000.0,1.0,1,27,2820.0,14000,960.0,600.0,1560.0,0.5531914893617021,0.5531914893617021,1
669303,7482.650947417991,1,1985,8,1,2,1.0,1.0,7594.0,,,0,,9389.0,7997.0,14000,0,0,0,0,0,180.0,0.0,0.0,14000.0,1.0,1,39,7594.0,14000,180.0,0.0,180.0,0.0237029233605478,0.0237029233605478,0
669304,11548.901123201786,1,1988,7,1,2,1.0,1.0,7280.0,,,0,,9431.0,7775.0,6517,0,0,0,0,0,195.0,0.0,165.0,6517.0,1.0,1,36,7280.0,6517,195.0,165.0,360.0,0.04945054945054945,0.04945054945054945,0
669351,6718.789904936691,2,1988,7,1,2,2.0,1.0,,972.0,,0,,9431.0,7775.0,6517,0,0,0,0,0,195.0,0.0,165.0,6517.0,1.0,1,36,972.0,6517,195.0,165.0,360.0,0.37037037037037035,0.37037037037037035,0
677903,1912.045718733269,1,2000,7,5,3,9.0,,,450.0,,0,,18061.0,13957.0,16422,0,0,0,0,0,280.0,425.0,542.0,6075.0,1.0,1,24,450.0,16422,705.0,542.0,1247.0,2.7711111111111113,2.7711111111111113,1
678805,7759.211126952838,1,1986,7,5,4,1.0,1.0,3530.0,200.0,,200,,4440.0,4068.0,0,0,170,0,0,0,0.0,0.0,0.0,0.0,1.0,1,38,3930.0,170,0.0,0.0,0.0,0.0,0.0,0
679103,6259.180296281478,2,1986,4,1,4,1.0,1.0,2801.0,,,0,,9261.0,8097.0,3000,0,250,0,0,0,0.0,0.0,1000.0,3000.0,1.0,1,38,2801.0,3250,0.0,1000.0,1000.0,0.3570153516601214,0.3570153516601214,0
679504,6812.438956232533,1,1996,8,5,4,2.0,1.0,,3188.0,,0,,13701.0,13545.0,0,0,50,0,0,0,0.0,0.0,0.0,0.0,1.0,1,28,3188.0,50,0.0,0.0,0.0,0.0,0.0,0
679505,4353.755810974447,2,2001,7,5,4,9.0,,,210.0,,0,,13701.0,13545.0,0,0,50,0,0,0,0.0,0.0,0.0,0.0,1.0,1,23,210.0,50,0.0,0.0,0.0,0.0,0.0,0
680004,1122.0729950284042,2,1994,7,1,3,9.0,,1125.0,,,0,,2650.0,2530.0,0,0,0,0,0,0,0.0,0.0,,,,6,30,1125.0,0,0.0,0.0,0.0,0.0,0.0,0
681304,1349.6151752655499,2,1994,6,5,3,1.0,1.0,4262.0,,,0,,4582.0,4066.0,0,0,0,0,0,0,0.0,0.0,,,,6,30,4262.0,0,0.0,0.0,0.0,0.0,0.0,0
681651,2751.202184210954,2,1990,7,1,3,1.0,1.0,3315.0,,,0,,11391.0,9615.0,15000,0,0,0,0,0,840.0,0.0,0.0,15000.0,1.0,2,34,3315.0,15000,840.0,0.0,840.0,0.25339366515837103,0.25339366515837103,0
683403,8779.943963291937,1,1988,5,5,4,3.0,1.0,,3528.0,,0,,3648.0,3468.0,13000,0,0,0,0,0,0.0,720.0,,,,5,36,3528.0,13000,720.0,0.0,720.0,0.20408163265306123,0.20408163265306123,0
685803,3914.170991757942,1,2000,7,5,4,2.0,1.0,,2280.0,,0,,13887.0,13575.0,0,0,320,0,0,0,0.0,0.0,0.0,0.0,1.0,1,24,2280.0,320,0.0,0.0,0.0,0.0,0.0,0
685804,8843.134977278089,2,2002,7,5,4,9.0,,,490.0,,0,,13887.0,13575.0,0,0,320,0,0,0,0.0,0.0,0.0,0.0,1.0,1,22,490.0,320,0.0,0.0,0.0,0.0,0.0,0
686204,250.2169020181336,2,1997,7,5,3,1.0,1.0,3030.0,,,0,,3060.0,2604.0,0,0,0,0,0,0,0.0,0.0,0.0,0.0,1.0,3,27,3030.0,0,0.0,0.0,0.0,0.0,0.0,0
689903,1175.0651389563036,2,1999,6,5,4,9.0,,,607.0,,0,,5170.0,4986.4,2000,0,1500,0,0,0,0.0,720.0,,,,4,25,607.0,3500,720.0,0.0,720.0,1.186161449752883,1.186161449752883,1
690805,5351.169148672514,1,2000,7,5,4,4.0,1.0,,1110.0,,0,,5361.0,5169.0,0,0,0,0,0,0,0.0,0.0,0.0,0.0,1.0,1,24,1110.0,0,0.0,0.0,0.0,0.0,0.0,0
692203,5141.888734812431,1,1985,6,1,3,3.0,2.0,,4032.0,,0,,5402.0,5294.0,0,0,0,0,0,0,0.0,0.0,0.0,0.0,1.0,2,39,4032.0,0,0.0,0.0,0.0,0.0,0.0,0
692751,3583.502007918891,2,1990,6,1,3,2.0,3.0,,1120.0,,0,,7425.0,7209.0,3365,0,0,0,0,0,320.0,0.0,320.0,3365.0,1.0,1,34,1120.0,3365,320.0,320.0,640.0,0.5714285714285714,0.5714285714285714,1
692704,6665.543883587092,1,1991,6,1,3,9.0,,2600.0,,,0,,7104.0,6060.0,0,0,0,0,0,0,0.0,0.0,0.0,0.0,1.0,1,33,2600.0,0,0.0,0.0,0.0,0.0,0.0,0
692753,3583.502007918891,2,1991,6,1,3,1.0,1.0,3808.0,,,0,,7104.0,6060.0,0,0,0,0,0,0,0.0,0.0,0.0,0.0,1.0,1,33,3808.0,0,0.0,0.0,0.0,0.0,0.0,0
694004,873.8928578974275,1,1989,6,3,3,1.0,1.0,3600.0,,,0,,12165.0,11469.0,0,0,0,0,0,0,0.0,0.0,0.0,0.0,1.0,1,35,3600.0,0,0.0,0.0,0.0,0.0,0.0,0
694005,8869.534756250008,1,1997,5,5,3,3.0,1.0,,1800.0,,0,,12165.0,11469.0,0,0,0,0,0,0,0.0,0.0,0.0,0.0,1.0,1,27,1800.0,0,0.0,0.0,0.0,0.0,0.0,0
694003,7347.284150469977,1,1986,7,1,3,1.0,1.0,5818.0,,,0,,6873.0,5973.0,23500,0,0,0,0,0,488.0,0.0,0.0,23500.0,1.0,1,38,5818.0,23500,488.0,0.0,488.0,0.08387762117566173,0.08387762117566173,0
694403,12642.156859314593,1,1991,7,1,3,2.0,3.0,,4560.0,,0,,5340.0,4896.0,3000,0,538,0,0,0,0.0,363.0,,,,5,33,4560.0,3538,363.0,0.0,363.0,0.07960526315789473,0.07960526315789473,0
694451,3583.502007918891,2,1993,7,1,3,9.0,,,210.0,,0,,5340.0,4896.0,3000,0,538,0,0,0,0.0,363.0,,,,5,31,210.0,3538,363.0,0.0,363.0,1.7285714285714286,1.7285714285714286,1
694404,11333.302123114492,2,1993,7,5,1,2.0,1.0,,5285.0,,0,,7037.0,6281.0,21460,0,0,0,0,0,210.0,210.0,540.0,16460.0,1.0,1,31,5285.0,21460,420.0,540.0,960.0,0.1816461684011353,0.1816461684011353,0
694804,9333.652256229687,1,1989,8,5,1,1.0,1.0,2500.0,,,0,,3720.0,3312.0,0,0,0,0,0,0,66.0,0.0,0.0,0.0,1.0,3,35,2500.0,0,66.0,0.0,66.0,0.0264,0.0264,0
695603,13241.52405596989,1,2003,7,5,3,9.0,,,,,421,,5217.0,5001.0,0,0,0,0,0,0,0.0,0.0,0.0,0.0,1.0,1,21,421.0,0,0.0,0.0,0.0,0.0,0.0,0
696904,5619.14148661264,1,1986,8,1,3,1.0,1.0,4159.0,,,0,,22565.0,22085.0,0,0,0,0,0,0,200.0,0.0,17160.0,0.0,1.0,1,38,4159.0,0,200.0,17160.0,17360.0,4.17408030776629,4.17408030776629,1
696951,4878.584988359043,2,1985,7,1,3,3.0,1.0,,384.0,,0,,22565.0,22085.0,0,0,0,0,0,0,200.0,0.0,17160.0,0.0,1.0,1,39,384.0,0,200.0,17160.0,17360.0,45.208333333333336,5.0,1
697003,6450.774949956555,1,1995,6,5,3,1.0,1.0,1620.0,270.0,,0,,11838.0,10938.0,26560,0,0,0,0,0,536.0,1020.0,720.0,11560.0,1.0,1,29,1890.0,26560,1556.0,720.0,2276.0,1.2042328042328043,1.2042328042328043,1
697004,6041.047084698368,2,1997,7,5,3,9.0,,,300.0,,0,,11838.0,10938.0,26560,0,0,0,0,0,536.0,1020.0,720.0,11560.0,1.0,1,27,300.0,26560,1556.0,720.0,2276.0,7.586666666666667,5.0,1
697903,1385.778955181041,1,1988,7,1,3,1.0,1.0,5150.0,,,0,,7078.0,6238.0,13923,0,0,0,0,3000,277.0,1.0,563.0,12942.0,1.0,1,36,5150.0,16923,278.0,563.0,841.0,0.1633009708737864,0.1633009708737864,0
702103,4037.000919718588,1,1989,7,1,3,1.0,1.0,4900.0,,,0,,8230.0,6874.0,9000,0,0,0,0,0,360.0,60.0,0.0,7000.0,1.0,2,35,4900.0,9000,420.0,0.0,420.0,0.08571428571428572,0.08571428571428572,0
702151,1888.3417681567419,2,1990,7,1,3,1.0,1.0,3300.0,,,0,,8230.0,6874.0,9000,0,0,0,0,0,360.0,60.0,0.0,7000.0,1.0,2,34,3300.0,9000,420.0,0.0,420.0,0.12727272727272726,0.12727272727272726,0
702402,6160.707870336811,2,1989,8,1,2,1.0,1.0,6144.0,,,0,,31544.0,28196.0,0,0,0,3000,0,0,0.0,0.0,0.0,0.0,1.0,1,35,6144.0,3000,0.0,0.0,0.0,0.0,0.0,0
703303,8589.11656935458,1,1997,7,5,1,1.0,1.0,4304.0,,,0,,17188.0,15088.0,0,0,0,0,0,0,0.0,0.0,0.0,0.0,1.0,2,27,4304.0,0,0.0,0.0,0.0,0.0,0.0,0
703304,7364.5339851080425,2,1999,6,5,1,2.0,1.0,,2320.0,,0,,17188.0,15088.0,0,0,0,0,0,0,0.0,0.0,0.0,0.0,1.0,2,25,2320.0,0,0.0,0.0,0.0,0.0,0.0,0
705253,10594.000717886895,1,1986,6,1,3,1.0,1.0,5553.0,,,0,,8441.0,7385.0,31323,0,0,0,0,0,749.0,360.0,277.0,24323.0,1.0,1,38,5553.0,31323,1109.0,277.0,1386.0,0.24959481361426256,0.24959481361426256,0
706553,5114.26363753984,2,2001,7,5,2,2.0,1.0,,1010.0,,0,,5294.0,5277.2,0,0,0,0,0,0,0.0,0.0,0.0,0.0,1.0,1,23,1010.0,0,0.0,0.0,0.0,0.0,0.0,0
800603,,2,1997,7,5,1,1.0,1.0,1844.0,1110.0,,0,,6252.0,5556.0,0,0,0,0,0,0,0.0,0.0,0.0,0.0,1.0,3,27,2954.0,0,0.0,0.0,0.0,0.0,0.0,0
801301,,1,1985,6,5,1,2.0,1.0,,5040.0,,0,,5693.0,5141.0,1181,0,0,0,0,0,30.0,0.0,0.0,0.0,1.0,1,39,5040.0,1181,30.0,0.0,30.0,0.005952380952380952,0.005952380952380952,0
802102,,2,1995,7,5,1,2.0,3.0,1650.0,3500.0,,0,,5620.0,5248.0,0,0,0,0,0,0,0.0,0.0,0.0,0.0,1.0,3,29,5150.0,0,0.0,0.0,0.0,0.0,0.0,0
802503,,1,1995,5,5,3,5.0,,,,3560.0,0,,7139.0,6863.0,5250,0,0,0,0,0,72.0,96.0,0.0,4000.0,1.0,2,29,3560.0,5250,168.0,0.0,168.0,0.04719101123595506,0.04719101123595506,0
804703,,2,2004,7,5,2,9.0,,,200.0,,0,,5968.0,5548.0,3000,0,0,0,0,0,0.0,144.0,0.0,0.0,1.0,3,20,200.0,3000,144.0,0.0,144.0,0.72,0.72,1
804804,,1,1999,5,5,2,9.0,,,30.0,,0,,5446.0,4726.0,0,0,0,0,0,0,0.0,62.0,0.0,0.0,1.0,1,25,30.0,0,62.0,0.0,62.0,2.066666666666667,2.066666666666667,1
807704,,1,1991,7,5,3,1.0,1.0,3720.0,,,0,,13722.0,12654.0,0,0,0,0,0,0,0.0,0.0,0.0,0.0,1.0,1,33,3720.0,0,0.0,0.0,0.0,0.0,0.0,0
807703,,2,1986,7,1,3,2.0,1.0,,2635.0,,0,,6897.0,6357.0,0,0,0,0,0,0,0.0,0.0,0.0,0.0,1.0,2,38,2635.0,0,0.0,0.0,0.0,0.0,0.0,0
807751,,1,1987,6,1,3,1.0,1.0,3470.0,,,0,,6897.0,6357.0,0,0,0,0,0,0,0.0,0.0,0.0,0.0,1.0,2,37,3470.0,0,0.0,0.0,0.0,0.0,0.0,0
809501,,1,1985,8,1,2,1.0,1.0,14000.0,,,0,,17862.0,14142.0,22000,0,0,0,0,0,720.0,0.0,800.0,22000.0,1.0,1,39,14000.0,22000,720.0,800.0,1520.0,0.10857142857142857,0.10857142857142857,0
809502,,2,1987,8,1,2,6.0,,,,2500.0,0,,17862.0,14142.0,22000,0,0,0,0,0,720.0,0.0,800.0,22000.0,1.0,1,37,2500.0,22000,720.0,800.0,1520.0,0.608,0.608,1
809852,,2,1991,7,1,3,1.0,1.0,5960.0,,,0,,13379.0,11423.0,0,0,0,0,0,0,0.0,0.0,0.0,0.0,1.0,2,33,5960.0,0,0.0,0.0,0.0,0.0,0.0,0
811604,,2,1994,7,5,1,9.0,,,460.0,,0,,9668.0,8996.0,15000,0,0,0,0,0,576.0,0.0,1200.0,15000.0,1.0,1,30,460.0,15000,576.0,1200.0,1776.0,3.860869565217391,3.860869565217391,1
811803,,2,2004,5,5,1,2.0,1.0,,2436.0,,0,,2784.0,2556.0,0,0,0,0,0,0,0.0,0.0,,,,6,20,2436.0,0,0.0,0.0,0.0,0.0,0.0,0
814501,,1,1986,6,5,3,1.0,1.0,4500.0,,,0,,4690.0,3982.0,0,0,0,0,0,0,0.0,0.0,0.0,0.0,1.0,3,38,4500.0,0,0.0,0.0,0.0,0.0,0.0,0
814503,,2,1994,5,5,3,2.0,1.0,,3200.0,,0,,3200.0,2876.0,0,0,0,0,0,0,0.0,0.0,0.0,0.0,1.0,3,30,3200.0,0,0.0,0.0,0.0,0.0,0.0,0
818803,,1,2000,7,5,2,2.0,1.0,,2520.0,,0,,13580.0,12296.0,7154,0,0,0,0,0,180.0,0.0,228.0,6572.0,1.0,1,24,2520.0,7154,180.0,228.0,408.0,0.1619047619047619,0.1619047619047619,0
818804,,2,2002,6,5,2,9.0,,,420.0,,0,,13580.0,12296.0,7154,0,0,0,0,0,180.0,0.0,228.0,6572.0,1.0,1,22,420.0,7154,180.0,228.0,408.0,0.9714285714285714,0.9714285714285714,1
819504,,2,1991,6,5,2,2.0,1.0,,3678.0,,0,,13829.0,12353.0,36000,0,0,0,0,0,0.0,732.0,0.0,0.0,1.0,1,33,3678.0,36000,732.0,0.0,732.0,0.19902120717781402,0.19902120717781402,0
819703,,2,1997,7,5,3,1.0,1.0,4707.0,,,0,,4812.0,4200.0,0,0,0,0,0,3000,0.0,0.0,0.0,0.0,1.0,3,27,4707.0,3000,0.0,0.0,0.0,0.0,0.0,0
819704,,2,1999,7,5,3,1.0,1.0,4956.0,,,0,,6324.0,5628.0,0,0,0,500,0,7000,0.0,0.0,0.0,0.0,1.0,3,25,4956.0,7500,0.0,0.0,0.0,0.0,0.0,0
820003,,1,1987,6,1,3,3.0,1.0,,4932.0,,0,,8616.0,8280.0,20000,0,0,0,0,0,420.0,0.0,0.0,20000.0,1.0,2,37,4932.0,20000,420.0,0.0,420.0,0.0851581508515815,0.0851581508515815,0
820052,,2,1990,7,1,3,1.0,1.0,3600.0,,,0,,8616.0,8280.0,20000,0,0,0,0,0,420.0,0.0,0.0,20000.0,1.0,2,34,3600.0,20000,420.0,0.0,420.0,0.11666666666666667,0.11666666666666667,0
820204,,1,1985,5,5,1,3.0,1.0,,2408.0,,0,,4139.0,3971.0,0,0,1600,0,0,0,0.0,250.0,,,,5,39,2408.0,1600,250.0,0.0,250.0,0.10382059800664452,0.10382059800664452,0
822903,,2,1997,6,5,3,9.0,,540.0,,,0,,4140.0,3864.0,0,0,0,300,0,0,0.0,0.0,0.0,0.0,1.0,3,27,540.0,300,0.0,0.0,0.0,0.0,0.0,0
825452,,1,1989,7,1,2,1.0,1.0,4350.0,,,0,,6445.0,5821.0,14000,0,0,0,0,0,96.0,0.0,13600.0,0.0,1.0,2,35,4350.0,14000,96.0,13600.0,13696.0,3.148505747126437,3.148505747126437,1
825405,,1,1993,5,1,5,6.0,,,,4120.0,0,,4940.0,4172.0,1000,0,0,0,0,0,275.0,960.0,0.0,0.0,1.0,3,31,4120.0,1000,1235.0,0.0,1235.0,0.29975728155339804,0.29975728155339804,0
825404,,2,1991,7,1,2,1.0,1.0,3444.0,,,0,,7020.0,6072.0,10000,0,0,0,0,0,0.0,0.0,0.0,10000.0,1.0,2,33,3444.0,10000,0.0,0.0,0.0,0.0,0.0,0
825454,,1,1992,7,1,2,1.0,1.0,3576.0,,,0,,7020.0,6072.0,10000,0,0,0,0,0,0.0,0.0,0.0,10000.0,1.0,2,32,3576.0,10000,0.0,0.0,0.0,0.0,0.0,0
826103,,2,1994,7,5,2,8.0,,660.0,300.0,,0,,1534.0,1414.0,0,0,0,0,0,0,0.0,0.0,0.0,0.0,1.0,3,30,960.0,0,0.0,0.0,0.0,0.0,0.0,0
827203,,2,2003,5,5,2,1.0,1.0,3320.0,360.0,,0,,11200.0,9616.0,8800,1500,0,20000,0,0,80.0,2500.0,0.0,4000.0,1.0,3,21,3680.0,30300,2580.0,0.0,2580.0,0.7010869565217391,0.7010869565217391,1
827503,,1,1985,7,5,5,1.0,1.0,4898.0,,,0,,5053.0,4345.0,10100,0,0,0,0,0,126.0,204.0,2080.0,5100.0,1.0,1,39,4898.0,10100,330.0,2080.0,2410.0,0.49203756635361373,0.49203756635361373,1
830903,,1,2002,6,5,2,2.0,1.0,,3265.0,,0,,9252.0,8400.0,841,0,0,0,0,0,76.0,0.0,140.0,841.0,1.0,1,22,3265.0,841,76.0,140.0,216.0,0.066156202143951,0.066156202143951,0
831203,,1,1991,6,5,2,1.0,1.0,3168.0,,,0,,10398.0,9522.0,0,0,0,0,0,0,0.0,0.0,0.0,0.0,1.0,1,33,3168.0,0,0.0,0.0,0.0,0.0,0.0,0
831204,,1,1991,6,5,2,1.0,1.0,3385.0,,,0,,10398.0,9522.0,0,0,0,0,0,0,0.0,0.0,0.0,0.0,1.0,1,33,3385.0,0,0.0,0.0,0.0,0.0,0.0,0
831604,,1,2001,7,5,2,2.0,1.0,,900.0,,0,,7051.0,7039.0,890,0,85,0,0,0,0.0,64.0,0.0,0.0,1.0,3,23,900.0,975,64.0,0.0,64.0,0.07111111111111111,0.07111111111111111,0
831603,,1,1997,5,5,2,2.0,1.0,,2355.0,,0,,2385.0,2073.0,0,0,0,0,0,0,0.0,0.0,0.0,0.0,1.0,3,27,2355.0,0,0.0,0.0,0.0,0.0,0.0,0
831803,,2,1996,6,5,2,1.0,1.0,3233.0,,,0,,11210.0,10322.0,12425,0,220,0,0,0,309.0,0.0,435.0,12425.0,1.0,1,28,3233.0,12645,309.0,435.0,744.0,0.23012681719764924,0.23012681719764924,0
832004,,1,1985,6,5,2,1.0,1.0,3320.0,,,0,,9304.0,8728.0,7411,0,270,0,0,0,186.0,0.0,366.0,7411.0,1.0,1,39,3320.0,7681,186.0,366.0,552.0,0.16626506024096385,0.16626506024096385,0
832051,,1,1986,5,1,3,6.0,,2912.0,,2200.0,0,,11422.0,9886.0,11000,0,0,0,0,0,300.0,0.0,312.0,11000.0,1.0,1,38,5112.0,11000,300.0,312.0,612.0,0.11971830985915492,0.11971830985915492,0
832503,,2,1998,6,5,2,2.0,1.0,,2520.0,,0,,5648.0,5108.0,26500,0,0,0,0,0,1200.0,0.0,480.0,26500.0,1.0,1,26,2520.0,26500,1200.0,480.0,1680.0,0.6666666666666666,0.6666666666666666,1
832904,,1,1992,5,5,2,1.0,1.0,4020.0,,,0,,13840.0,12028.0,0,0,150,1500,0,0,0.0,0.0,0.0,0.0,1.0,1,32,4020.0,1650,0.0,0.0,0.0,0.0,0.0,0
832903,,2,1991,9,1,3,1.0,1.0,5844.0,,,0,,15924.0,13740.0,22000,0,220,0,0,0,564.0,0.0,0.0,22000.0,1.0,2,33,5844.0,22220,564.0,0.0,564.0,0.09650924024640657,0.09650924024640657,0
832951,,1,1991,7,1,3,1.0,1.0,8736.0,,,0,,15924.0,13740.0,22000,0,220,0,0,0,564.0,0.0,0.0,22000.0,1.0,2,33,8736.0,22220,564.0,0.0,564.0,0.06456043956043957,0.06456043956043957,0
833002,,1,2000,5,5,2,2.0,1.0,,700.0,,0,,5469.0,5373.0,0,0,0,0,0,0,0.0,0.0,0.0,0.0,1.0,3,24,700.0,0,0.0,0.0,0.0,0.0,0.0,0
834503,,1,2003,7,5,3,3.0,1.0,,512.0,,0,,27332.0,24056.0,10000,0,0,3400,0,0,560.0,0.0,5000.0,10000.0,1.0,1,21,512.0,13400,560.0,5000.0,5560.0,10.859375,5.0,1
834904,,1,1990,6,5,3,1.0,1.0,4680.0,,,0,,8806.0,8290.0,0,0,0,0,0,0,0.0,0.0,0.0,0.0,1.0,3,34,4680.0,0,0.0,0.0,0.0,0.0,0.0,0
834903,,2,1993,6,5,1,6.0,,,,2710.0,0,,2867.0,2783.0,0,0,0,0,0,0,0.0,0.0,0.0,0.0,1.0,3,31,2710.0,0,0.0,0.0,0.0,0.0,0.0,0
835503,,1,1997,5,5,3,2.0,1.0,,1920.0,,0,,4296.0,4104.0,0,150,0,0,0,0,0.0,50.0,0.0,0.0,1.0,3,27,1920.0,150,50.0,0.0,50.0,0.026041666666666668,0.026041666666666668,0
835502,,1,1991,6,5,1,2.0,1.0,,2201.0,,0,,2396.0,2300.0,300,0,1000,0,0,0,27.0,60.0,0.0,0.0,1.0,3,33,2201.0,1300,87.0,0.0,87.0,0.039527487505679235,0.039527487505679235,0
836803,,1,1999,7,5,3,8.0,,976.0,,,0,,4743.0,4551.0,115,0,0,0,0,0,0.0,54.0,,,,4,25,976.0,115,54.0,0.0,54.0,0.055327868852459015,0.055327868852459015,0
836903,,2,1985,7,1,3,1.0,1.0,3017.0,,,0,,10552.0,8980.0,12311,0,0,0,0,0,95.0,444.0,409.0,2311.0,1.0,1,39,3017.0,12311,539.0,409.0,948.0,0.31421942326814717,0.31421942326814717,0
836904,,1,1988,7,5,3,1.0,1.0,7300.0,,,0,,7400.0,6140.0,16460,0,0,0,0,0,420.0,0.0,540.0,16460.0,1.0,1,36,7300.0,16460,420.0,540.0,960.0,0.13150684931506848,0.13150684931506848,0
837803,,1,1998,5,5,3,9.0,,,980.0,,0,,4071.0,3939.0,4413,0,0,0,0,300,96.0,0.0,204.0,4413.0,1.0,1,26,980.0,4713,96.0,204.0,300.0,0.30612244897959184,0.30612244897959184,0
838105,,1,1992,7,5,3,2.0,1.0,,2784.0,,0,,8808.0,7872.0,2371,0,0,30,0,0,0.0,74.0,0.0,0.0,1.0,1,32,2784.0,2401,74.0,0.0,74.0,0.02658045977011494,0.02658045977011494,0
838803,,1,1986,6,5,1,1.0,1.0,3308.0,,,0,,8897.0,8333.0,3300,0,0,0,0,0,82.0,0.0,350.0,3250.0,1.0,3,38,3308.0,3300,82.0,350.0,432.0,0.13059250302297462,0.13059250302297462,0
839803,,2,1996,7,5,3,1.0,1.0,4035.0,,,0,,10730.0,8990.0,0,0,0,0,0,0,0.0,0.0,0.0,0.0,1.0,1,28,4035.0,0,0.0,0.0,0.0,0.0,0.0,0
840103,,1,1998,6,5,2,2.0,3.0,,2970.0,,0,,3360.0,3288.0,278,0,808,0,0,300,0.0,522.0,0.0,0.0,1.0,3,26,2970.0,1386,522.0,0.0,522.0,0.17575757575757575,0.17575757575757575,0
842103,,2,1994,7,5,3,1.0,1.0,2943.0,,,0,,3386.0,3086.0,0,0,0,0,0,0,0.0,0.0,0.0,0.0,1.0,3,30,2943.0,0,0.0,0.0,0.0,0.0,0.0,0
842602,,2,1995,7,5,3,1.0,1.0,4266.0,,,0,,4770.0,4314.0,0,0,0,0,0,0,0.0,0.0,,,,6,29,4266.0,0,0.0,0.0,0.0,0.0,0.0,0
845503,,1,1991,6,5,3,2.0,1.0,,2160.0,,0,,10306.0,9946.0,0,0,0,0,0,0,0.0,0.0,0.0,0.0,1.0,3,33,2160.0,0,0.0,0.0,0.0,0.0,0.0,0
847404,,2,2000,5,5,2,1.0,1.0,3000.0,,,0,,10736.0,9788.0,0,0,150,3000,0,0,0.0,0.0,,,,5,24,3000.0,3150,0.0,0.0,0.0,0.0,0.0,0
847703,,2,1993,6,5,4,1.0,1.0,2856.0,,,0,,8134.0,7474.0,3000,0,0,0,0,0,132.0,0.0,0.0,3000.0,1.0,1,31,2856.0,3000,132.0,0.0,132.0,0.046218487394957986,0.046218487394957986,0
847705,,1,1996,6,5,4,1.0,1.0,3696.0,,,0,,8134.0,7474.0,3000,0,0,0,0,0,132.0,0.0,0.0,3000.0,1.0,1,28,3696.0,3000,132.0,0.0,132.0,0.03571428571428571,0.03571428571428571,0
847704,,1,1994,6,5,3,1.0,1.0,3364.0,,,0,,3394.0,2974.0,2560,0,0,0,0,0,0.0,120.0,0.0,0.0,1.0,3,30,3364.0,2560,120.0,0.0,120.0,0.0356718192627824,0.0356718192627824,0
848803,,2,1997,6,1,3,8.0,,2040.0,,,0,,8050.0,6910.0,7500,0,0,0,0,0,240.0,0.0,400.0,7500.0,1.0,1,27,2040.0,7500,240.0,400.0,640.0,0.3137254901960784,0.3137254901960784,0
848851,,1,1995,6,1,3,1.0,1.0,5290.0,,,0,,8050.0,6910.0,7500,0,0,0,0,0,240.0,0.0,400.0,7500.0,1.0,1,29,5290.0,7500,240.0,400.0,640.0,0.12098298676748583,0.12098298676748583,0
848804,,2,1999,5,5,1,1.0,1.0,1680.0,816.0,,0,,3557.0,3401.0,0,0,0,0,0,700,0.0,0.0,0.0,0.0,1.0,3,25,2496.0,700,0.0,0.0,0.0,0.0,0.0,0
849104,,1,1988,7,1,3,1.0,1.0,4990.0,,,0,,12356.0,10856.0,25000,0,3533,0,0,0,106.0,124.0,350.0,5000.0,1.0,1,36,4990.0,28533,230.0,350.0,580.0,0.11623246492985972,0.11623246492985972,0
849105,,2,1991,7,5,3,1.0,1.0,1790.0,,,0,,12356.0,10856.0,25000,0,3533,0,0,0,106.0,124.0,350.0,5000.0,1.0,1,33,1790.0,28533,230.0,350.0,580.0,0.3240223463687151,0.3240223463687151,0
849204,,1,2004,6,5,3,9.0,,,800.0,,0,,7978.0,7534.0,6705,0,0,0,0,0,161.0,0.0,295.0,6705.0,1.0,1,20,800.0,6705,161.0,295.0,456.0,0.57,0.57,1
849303,,2,1997,6,5,3,2.0,1.0,,3000.0,,0,,14372.0,12320.0,0,0,0,0,0,0,0.0,0.0,0.0,0.0,1.0,1,27,3000.0,0,0.0,0.0,0.0,0.0,0.0,0
849403,,1,1993,5,5,3,1.0,1.0,3720.0,,,0,,11547.0,10731.0,16727,0,0,1300,0,0,0.0,622.0,0.0,0.0,1.0,1,31,3720.0,18027,622.0,0.0,622.0,0.16720430107526882,0.16720430107526882,0
849404,,1,1991,7,5,3,9.0,,,314.0,,0,,11547.0,10731.0,16727,0,0,1300,0,0,0.0,622.0,0.0,0.0,1.0,1,33,314.0,18027,622.0,0.0,622.0,1.980891719745223,1.980891719745223,1
849904,,1,1995,7,5,1,2.0,1.0,,1450.0,,0,,2243.0,1043.0,7000,0,0,0,0,0,624.0,0.0,696.0,7000.0,1.0,1,29,1450.0,7000,624.0,696.0,1320.0,0.9103448275862069,0.9103448275862069,1
849905,,1,1997,7,5,1,8.0,,,263.0,,0,,2243.0,1043.0,7000,0,0,0,0,0,624.0,0.0,696.0,7000.0,1.0,1,27,263.0,7000,624.0,696.0,1320.0,5.019011406844107,5.0,1
849903,,1,1994,7,5,2,1.0,1.0,7744.0,,,0,,8244.0,7200.0,0,0,0,0,0,0,0.0,0.0,0.0,0.0,1.0,3,30,7744.0,0,0.0,0.0,0.0,0.0,0.0,0
853402,,1,1986,7,5,3,1.0,1.0,4530.0,,,0,,4560.0,3996.0,6500,0,1700,0,0,0,108.0,48.0,0.0,6500.0,1.0,2,38,4530.0,8200,156.0,0.0,156.0,0.03443708609271523,0.03443708609271523,0
853651,,2,1986,7,1,3,2.0,1.0,,2000.0,,0,,6430.0,5914.0,0,0,0,0,0,0,0.0,0.0,0.0,0.0,1.0,1,38,2000.0,0,0.0,0.0,0.0,0.0,0.0,0
855703,,1,1995,5,5,2,9.0,,,1320.0,,0,,7184.0,6776.0,300,0,0,0,0,0,0.0,18.0,0.0,0.0,1.0,3,29,1320.0,300,18.0,0.0,18.0,0.013636363636363636,0.013636363636363636,0
856303,,1,1994,8,5,2,1.0,1.0,3096.0,,,0,,7523.0,7115.0,9500,0,0,0,0,0,0.0,516.0,0.0,0.0,1.0,1,30,3096.0,9500,516.0,0.0,516.0,0.16666666666666666,0.16666666666666666,0
856404,,2,2001,6,5,2,1.0,1.0,3310.0,,,0,,7368.0,6612.0,1000,0,0,0,0,0,26.0,0.0,0.0,0.0,1.0,3,23,3310.0,1000,26.0,0.0,26.0,0.00785498489425982,0.00785498489425982,0
857602,,1,1988,7,1,3,1.0,1.0,6092.0,,,0,,7534.0,6154.0,0,0,0,0,0,0,0.0,0.0,0.0,0.0,1.0,2,36,6092.0,0,0.0,0.0,0.0,0.0,0.0,0
857804,,1,1987,6,1,2,1.0,1.0,2700.0,,,0,,6847.0,5395.0,37840,0,0,0,0,0,1176.0,0.0,720.0,37840.0,1.0,1,37,2700.0,37840,1176.0,720.0,1896.0,0.7022222222222222,0.7022222222222222,1
857854,,2,1988,6,1,2,1.0,1.0,1790.0,,,0,,6847.0,5395.0,37840,0,0,0,0,0,1176.0,0.0,720.0,37840.0,1.0,1,36,1790.0,37840,1176.0,720.0,1896.0,1.059217877094972,1.059217877094972,1
858103,,2,1999,7,5,1,1.0,1.0,3168.0,,,0,,3972.0,3696.0,0,0,0,0,0,0,0.0,0.0,0.0,0.0,1.0,3,25,3168.0,0,0.0,0.0,0.0,0.0,0.0,0
860504,,2,2003,6,5,3,3.0,1.0,,500.0,,0,,6810.0,5610.0,8790,0,0,0,0,0,0.0,447.0,0.0,0.0,1.0,3,21,500.0,8790,447.0,0.0,447.0,0.894,0.894,1
860503,,2,2000,7,5,1,1.0,1.0,3084.0,,,0,,3708.0,3468.0,8000,0,0,0,0,0,108.0,0.0,0.0,8000.0,1.0,2,24,3084.0,8000,108.0,0.0,108.0,0.03501945525291829,0.03501945525291829,0
861302,,2,1998,5,5,2,3.0,1.0,,1200.0,,0,,3960.0,3720.0,3500,0,0,0,0,0,48.0,102.0,288.0,3500.0,1.0,1,26,1200.0,3500,150.0,288.0,438.0,0.365,0.365,0
861303,,2,1999,6,5,1,2.0,2.0,,1200.0,,0,,1992.0,1956.0,0,0,0,0,0,0,0.0,0.0,0.0,0.0,1.0,3,25,1200.0,0,0.0,0.0,0.0,0.0,0.0,0
861505,,2,1994,5,5,2,2.0,1.0,,2114.0,,0,,11491.0,11167.0,14000,0,0,0,0,0,240.0,0.0,564.0,14000.0,1.0,1,30,2114.0,14000,240.0,564.0,804.0,0.380321665089877,0.380321665089877,0
861803,,2,1986,7,1,2,1.0,1.0,4279.0,,,0,,7789.0,5281.0,41443,0,4000,0,0,0,38.0,336.0,57.0,41443.0,1.0,1,38,4279.0,45443,374.0,57.0,431.0,0.10072446833372284,0.10072446833372284,0
861804,,1,1989,7,1,2,1.0,1.0,3520.0,,,0,,6556.0,5980.0,27932,0,0,0,0,0,509.0,0.0,68.0,27932.0,1.0,1,35,3520.0,27932,509.0,68.0,577.0,0.16392045454545454,0.16392045454545454,0
861854,,2,1994,7,1,2,1.0,1.0,1854.0,602.0,,0,,6556.0,5980.0,27932,0,0,0,0,0,509.0,0.0,68.0,27932.0,1.0,1,30,2456.0,27932,509.0,68.0,577.0,0.23493485342019543,0.23493485342019543,0
866204,,1,1996,7,5,2,1.0,1.0,6144.0,,,0,,6384.0,5328.0,0,0,0,0,0,0,0.0,0.0,,,,6,28,6144.0,0,0.0,0.0,0.0,0.0,0.0,0
866205,,2,1998,7,5,3,2.0,1.0,,2652.0,,0,,5538.0,5106.0,0,0,0,0,0,0,0.0,0.0,0.0,0.0,1.0,3,26,2652.0,0,0.0,0.0,0.0,0.0,0.0,0
868702,,1,1990,7,5,3,9.0,,,1050.0,,0,,1578.0,1563.6,0,0,0,0,0,300,0.0,0.0,0.0,0.0,1.0,1,34,1050.0,300,0.0,0.0,0.0,0.0,0.0,0
869304,,2,1995,7,5,1,1.0,1.0,6478.0,,,0,,24699.0,20511.0,0,0,0,0,0,0,0.0,0.0,0.0,0.0,1.0,1,29,6478.0,0,0.0,0.0,0.0,0.0,0.0,0
869303,,2,1992,7,1,3,9.0,,,1030.0,,0,,8832.0,7812.0,31797,0,0,0,0,0,683.0,0.0,156.0,31797.0,1.0,1,32,1030.0,31797,683.0,156.0,839.0,0.8145631067961165,0.8145631067961165,1
869351,,1,1991,6,1,3,1.0,1.0,6096.0,,,0,,8832.0,7812.0,31797,0,0,0,0,0,683.0,0.0,156.0,31797.0,1.0,1,33,6096.0,31797,683.0,156.0,839.0,0.1376312335958005,0.1376312335958005,0
872051,,1,1989,6,1,3,1.0,1.0,7550.0,,,0,,13426.0,12190.0,18000,0,350,0,0,0,840.0,0.0,0.0,18000.0,1.0,2,35,7550.0,18350,840.0,0.0,840.0,0.11125827814569536,0.11125827814569536,0
875703,,2,1996,6,5,2,1.0,1.0,3864.0,,,0,,8669.0,8153.0,0,0,0,0,0,0,0.0,0.0,0.0,0.0,1.0,2,28,3864.0,0,0.0,0.0,0.0,0.0,0.0,0
879203,,1,2000,7,5,3,1.0,1.0,3020.0,,,0,,9620.0,8672.0,0,0,832,0,0,0,0.0,48.0,0.0,0.0,1.0,1,24,3020.0,832,48.0,0.0,48.0,0.015894039735099338,0.015894039735099338,0
879403,,2,1988,6,5,3,1.0,1.0,2880.0,,,0,,6060.0,5616.0,0,0,0,0,0,0,0.0,0.0,,,,5,36,2880.0,0,0.0,0.0,0.0,0.0,0.0,0
880003,,2,1988,7,5,3,1.0,1.0,2383.0,,,0,,16557.0,15225.0,1120,0,0,1150,0,0,0.0,0.0,0.0,0.0,1.0,1,36,2383.0,2270,0.0,0.0,0.0,0.0,0.0,0
880004,,1,1991,7,5,3,1.0,1.0,2975.0,,,0,,16557.0,15225.0,1120,0,0,1150,0,0,0.0,0.0,0.0,0.0,1.0,1,33,2975.0,2270,0.0,0.0,0.0,0.0,0.0,0
880103,,2,2004,5,5,3,2.0,1.0,,2688.0,,0,,5213.0,4949.0,0,0,0,0,0,0,0.0,0.0,,,,6,20,2688.0,0,0.0,0.0,0.0,0.0,0.0,0
880303,,1,1993,8,5,1,1.0,1.0,4600.0,,,0,,5500.0,4816.0,14008,0,0,0,0,0,230.0,366.0,0.0,10000.0,1.0,2,31,4600.0,14008,596.0,0.0,596.0,0.12956521739130436,0.12956521739130436,0
880304,,2,1996,7,5,1,1.0,1.0,1152.0,1896.0,,0,,3576.0,3288.0,0,0,0,0,0,0,0.0,0.0,,,,4,28,3048.0,0,0.0,0.0,0.0,0.0,0.0,0
880603,,1,2000,5,5,3,8.0,,928.0,,,0,,1488.0,1370.4,0,0,0,0,0,0,0.0,0.0,0.0,0.0,1.0,3,24,928.0,0,0.0,0.0,0.0,0.0,0.0,0
881951,,1,1986,7,1,4,1.0,1.0,5028.0,,,0,,5518.0,4618.0,0,0,0,0,0,0,0.0,0.0,,,,6,38,5028.0,0,0.0,0.0,0.0,0.0,0.0,0
882003,,1,1994,7,5,2,1.0,1.0,3234.0,,,0,,14595.0,12087.0,21238,0,0,0,2008,0,723.0,0.0,237.0,13538.0,1.0,1,30,3234.0,23246,723.0,237.0,960.0,0.29684601113172543,0.29684601113172543,0
882004,,1,1997,6,5,2,1.0,1.0,3204.0,,,0,,14595.0,12087.0,21238,0,0,0,2008,0,723.0,0.0,237.0,13538.0,1.0,1,27,3204.0,23246,723.0,237.0,960.0,0.299625468164794,0.299625468164794,0
882104,,2,1995,6,5,2,1.0,1.0,2760.0,,,0,,11204.0,10316.0,11569,0,0,0,0,4000,70.0,0.0,712.0,11569.0,1.0,1,29,2760.0,15569,70.0,712.0,782.0,0.2833333333333333,0.2833333333333333,0
882105,,2,1997,6,5,2,1.0,1.0,2640.0,,,0,,11204.0,10316.0,11569,0,0,0,0,4000,70.0,0.0,712.0,11569.0,1.0,1,27,2640.0,15569,70.0,712.0,782.0,0.2962121212121212,0.2962121212121212,0
882106,,2,2002,5,5,2,1.0,1.0,2760.0,,,0,,11204.0,10316.0,11569,0,0,0,0,4000,70.0,0.0,712.0,11569.0,1.0,1,22,2760.0,15569,70.0,712.0,782.0,0.2833333333333333,0.2833333333333333,0
882604,,1,1998,6,5,3,2.0,1.0,,3000.0,,0,,6187.0,5923.0,0,0,0,0,0,2000,0.0,0.0,,,,5,26,3000.0,2000,0.0,0.0,0.0,0.0,0.0,0
883004,,1,1986,7,1,2,2.0,3.0,,6000.0,,0,,9841.0,9481.0,10500,0,0,1000,0,0,0.0,310.0,,,,4,38,6000.0,11500,310.0,0.0,310.0,0.051666666666666666,0.051666666666666666,0
885903,,1,1998,7,5,3,9.0,,,,,716,,3258.0,3102.0,7100,0,0,0,0,0,192.0,0.0,0.0,7100.0,1.0,2,26,716.0,7100,192.0,0.0,192.0,0.2681564245810056,0.2681564245810056,0
885902,,1,1994,8,5,4,1.0,1.0,3500.0,,,0,,3530.0,3110.0,0,0,0,0,0,0,0.0,0.0,0.0,0.0,1.0,3,30,3500.0,0,0.0,0.0,0.0,0.0,0.0,0
887203,,2,2000,7,5,2,2.0,1.0,,1693.0,,0,,8451.0,7155.0,7955,0,0,0,0,0,24.0,0.0,792.0,7955.0,1.0,1,24,1693.0,7955,24.0,792.0,816.0,0.4819846426461902,0.4819846426461902,1
887804,,2,1992,5,1,3,2.0,1.0,,3000.0,,0,,7928.0,7244.0,5422,0,45,0,0,0,0.0,264.0,0.0,0.0,1.0,1,32,3000.0,5467,264.0,0.0,264.0,0.088,0.088,0
888602,,1,1989,5,5,3,3.0,1.0,,678.0,,0,,2766.0,2730.0,0,0,0,0,0,0,0.0,0.0,,,,4,35,678.0,0,0.0,0.0,0.0,0.0,0.0,0
888651,,1,1987,5,1,3,8.0,,,,3978.0,0,,4228.0,3832.0,5000,0,3267,0,0,0,0.0,0.0,0.0,0.0,1.0,3,37,3978.0,8267,0.0,0.0,0.0,0.0,0.0,0
889104,,2,2003,5,5,2,1.0,1.0,2580.0,,,0,,10530.0,9150.0,0,0,0,0,0,0,0.0,0.0,0.0,0.0,1.0,1,21,2580.0,0,0.0,0.0,0.0,0.0,0.0,0
889904,,1,1999,7,5,2,2.0,1.0,,1200.0,,0,,9125.0,8237.0,4000,0,0,0,0,0,0.0,360.0,,,,5,25,1200.0,4000,360.0,0.0,360.0,0.3,0.3,0
889903,,2,1997,7,1,2,1.0,1.0,5316.0,,,0,,9516.0,8388.0,1400,0,0,0,0,0,12.0,60.0,0.0,700.0,1.0,3,27,5316.0,1400,72.0,0.0,72.0,0.013544018058690745,0.013544018058690745,0
889951,,1,1992,7,1,2,1.0,1.0,3900.0,,,0,,9516.0,8388.0,1400,0,0,0,0,0,12.0,60.0,0.0,700.0,1.0,3,32,3900.0,1400,72.0,0.0,72.0,0.018461538461538463,0.018461538461538463,0
891204,,2,2003,5,5,1,1.0,1.0,3363.0,,,0,,8762.0,7718.0,0,0,0,1500,0,0,0.0,0.0,0.0,0.0,1.0,2,21,3363.0,1500,0.0,0.0,0.0,0.0,0.0,0
891603,,1,2002,8,5,1,9.0,,,1200.0,,0,,14753.0,13433.0,4305,0,0,20000,0,0,0.0,32.0,0.0,0.0,1.0,2,22,1200.0,24305,32.0,0.0,32.0,0.02666666666666667,0.02666666666666667,0
891803,,2,1997,6,5,1,2.0,1.0,,2930.0,,0,,11513.0,10229.0,6110,0,0,13000,0,0,0.0,420.0,0.0,0.0,1.0,3,27,2930.0,19110,420.0,0.0,420.0,0.14334470989761092,0.14334470989761092,0
894902,,2,1990,5,1,3,9.0,,,,,42,,5037.0,4233.0,18800,0,0,0,0,0,360.0,0.0,1200.0,18800.0,1.0,1,34,42.0,18800,360.0,1200.0,1560.0,37.142857142857146,5.0,1
895951,,1,1987,5,5,3,2.0,1.0,,2400.0,,0,,5801.0,5561.0,0,0,0,0,1520,0,0.0,0.0,0.0,0.0,1.0,3,37,2400.0,1520,0.0,0.0,0.0,0.0,0.0,0
896003,,1,1989,6,1,3,2.0,1.0,,6000.0,,0,,7218.0,7050.0,6000,0,700,0,0,0,120.0,150.0,24.0,3000.0,1.0,1,35,6000.0,6700,270.0,24.0,294.0,0.049,0.049,0
896704,,1,1998,6,5,1,2.0,2.0,,2640.0,,0,,7402.0,6814.0,0,0,0,15000,0,0,0.0,0.0,0.0,0.0,1.0,1,26,2640.0,15000,0.0,0.0,0.0,0.0,0.0,0
897603,,2,2001,6,5,3,9.0,,,168.0,,0,,9968.0,9296.0,1520,0,0,0,0,0,0.0,94.0,0.0,0.0,1.0,1,23,168.0,1520,94.0,0.0,94.0,0.5595238095238095,0.5595238095238095,1
898703,,2,2002,7,5,3,9.0,,,120.0,,0,,9495.0,8955.0,6500,0,0,0,0,0,132.0,0.0,384.0,6500.0,1.0,1,22,120.0,6500,132.0,384.0,516.0,4.3,4.3,1
900003,,2,2002,5,5,2,3.0,1.0,,1154.0,,0,,7466.0,7058.0,4775,0,0,1000,0,0,0.0,390.0,0.0,0.0,1.0,2,22,1154.0,5775,390.0,0.0,390.0,0.3379549393414211,0.3379549393414211,0
904051,,2,1990,6,5,3,9.0,,1536.0,,,0,,11227.0,10267.0,492,0,0,0,0,0,0.0,32.0,0.0,0.0,1.0,1,34,1536.0,492,32.0,0.0,32.0,0.020833333333333332,0.020833333333333332,0
904003,,2,1991,7,1,3,1.0,1.0,2310.0,,,0,,8821.0,8101.0,18000,0,0,0,0,0,204.0,320.0,0.0,10000.0,1.0,2,33,2310.0,18000,524.0,0.0,524.0,0.22683982683982684,0.22683982683982684,0
904052,,1,1987,7,1,3,1.0,1.0,4100.0,,,0,,8821.0,8101.0,18000,0,0,0,0,0,204.0,320.0,0.0,10000.0,1.0,2,37,4100.0,18000,524.0,0.0,524.0,0.1278048780487805,0.1278048780487805,0
905502,,1,2000,5,5,3,2.0,2.0,,2898.0,,0,,6340.0,5656.0,9615,0,0,0,0,0,215.0,0.0,385.0,9615.0,1.0,1,24,2898.0,9615,215.0,385.0,600.0,0.2070393374741201,0.2070393374741201,0
905602,,1,2004,5,5,3,2.0,1.0,,1800.0,,0,,9244.0,9218.8,2800,0,0,0,0,0,0.0,261.0,0.0,0.0,1.0,3,20,1800.0,2800,261.0,0.0,261.0,0.145,0.145,0
908802,,1,2001,7,5,2,9.0,,,552.0,,0,,5751.0,5613.0,5000,0,0,0,0,0,0.0,0.0,132.0,5000.0,1.0,1,23,552.0,5000,0.0,132.0,132.0,0.2391304347826087,0.2391304347826087,0
909602,,1,1995,5,5,2,9.0,,,400.0,,0,,2969.0,2941.4,0,0,0,0,0,0,0.0,0.0,0.0,0.0,1.0,1,29,400.0,0,0.0,0.0,0.0,0.0,0.0,0
909603,,2,1996,5,5,3,9.0,,2723.0,,,0,,2863.0,2551.0,7958,0,0,0,0,0,86.0,170.0,0.0,5700.0,1.0,2,28,2723.0,7958,256.0,0.0,256.0,0.09401395519647447,0.09401395519647447,0
910903,,1,1996,7,5,2,9.0,,,700.0,,0,,3335.0,3297.8,0,0,0,0,0,0,0.0,0.0,0.0,0.0,1.0,3,28,700.0,0,0.0,0.0,0.0,0.0,0.0,0
911103,,2,1988,8,1,2,2.0,1.0,,2560.0,,0,,6253.0,5569.0,8000,0,0,0,0,0,196.0,0.0,8000.0,181.0,1.0,1,36,2560.0,8000,196.0,8000.0,8196.0,3.2015625,3.2015625,1
912703,,1,1995,7,5,1,3.0,1.0,2160.0,410.0,,0,,2804.0,2564.0,7000,0,0,0,0,0,88.0,0.0,0.0,7000.0,1.0,2,29,2570.0,7000,88.0,0.0,88.0,0.034241245136186774,0.034241245136186774,0
914403,,2,1987,7,1,2,1.0,1.0,6239.0,,,0,,11991.0,7767.0,29000,0,0,0,0,0,0.0,1140.0,0.0,0.0,1.0,1,37,6239.0,29000,1140.0,0.0,1140.0,0.1827215899983972,0.1827215899983972,0
914451,,1,1987,7,1,2,1.0,1.0,4680.0,,,0,,11991.0,7767.0,29000,0,0,0,0,0,0.0,1140.0,0.0,0.0,1.0,1,37,4680.0,29000,1140.0,0.0,1140.0,0.24358974358974358,0.24358974358974358,0
914904,,1,1994,6,5,1,2.0,1.0,,2520.0,,0,,10158.0,9210.0,3000,0,0,0,0,2572,0.0,0.0,0.0,0.0,1.0,3,30,2520.0,5572,0.0,0.0,0.0,0.0,0.0,0
914905,,2,1997,6,5,1,2.0,1.0,,1200.0,,0,,10158.0,9210.0,3000,0,0,0,0,2572,0.0,0.0,0.0,0.0,1.0,3,27,1200.0,5572,0.0,0.0,0.0,0.0,0.0,0
914906,,2,1997,6,5,1,1.0,1.0,2880.0,,,0,,10158.0,9210.0,3000,0,0,0,0,2572,0.0,0.0,0.0,0.0,1.0,3,27,2880.0,5572,0.0,0.0,0.0,0.0,0.0,0
916003,,1,2004,5,5,5,9.0,,,324.0,,0,,5228.0,4700.0,0,0,0,0,0,0,0.0,0.0,,,,5,20,324.0,0,0.0,0.0,0.0,0.0,0.0,0
917804,,2,1994,5,5,2,9.0,,,,,147,,2304.0,2302.8,0,0,0,0,0,0,0.0,0.0,0.0,0.0,1.0,3,30,147.0,0,0.0,0.0,0.0,0.0,0.0,0
920302,,2,1992,7,5,2,2.0,1.0,,2760.0,,0,,4974.0,4710.0,0,0,0,300,0,0,0.0,0.0,0.0,0.0,1.0,1,32,2760.0,300,0.0,0.0,0.0,0.0,0.0,0
920604,,1,1989,6,5,1,3.0,1.0,,3552.0,,0,,8317.0,7705.0,0,0,0,0,0,0,150.0,0.0,6409.0,0.0,1.0,1,35,3552.0,0,150.0,6409.0,6559.0,1.8465653153153154,1.8465653153153154,1
920651,,1,1986,7,1,3,1.0,1.0,8565.0,,,0,,10103.0,8207.0,17940,0,0,0,0,0,360.0,0.0,60.0,17940.0,1.0,1,38,8565.0,17940,360.0,60.0,420.0,0.04903677758318739,0.04903677758318739,0
920904,,1,1994,5,5,1,1.0,1.0,2938.0,,,0,,3038.0,2762.0,150,0,0,0,0,0,0.0,6.0,0.0,0.0,1.0,3,30,2938.0,150,6.0,0.0,6.0,0.0020422055820285907,0.0020422055820285907,0
920903,,2,1992,7,1,2,2.0,1.0,,2937.0,,0,,6913.0,5905.0,15912,0,2500,0,0,0,360.0,199.0,0.0,15000.0,1.0,2,32,2937.0,18412,559.0,0.0,559.0,0.19033026898195438,0.19033026898195438,0
920951,,1,1994,6,1,2,2.0,1.0,,3920.0,,0,,6913.0,5905.0,15912,0,2500,0,0,0,360.0,199.0,0.0,15000.0,1.0,2,30,3920.0,18412,559.0,0.0,559.0,0.14260204081632652,0.14260204081632652,0
921303,,2,1988,5,1,4,2.0,1.0,,1920.0,,0,,7239.0,6651.0,0,0,60,0,0,0,0.0,0.0,0.0,0.0,1.0,1,36,1920.0,60,0.0,0.0,0.0,0.0,0.0,0
921703,,1,1991,7,5,2,1.0,1.0,1690.0,,,0,,7323.0,6879.0,3300,0,0,0,0,0,125.0,0.0,250.0,1300.0,1.0,1,33,1690.0,3300,125.0,250.0,375.0,0.22189349112426035,0.22189349112426035,0
922302,,1,1992,5,5,2,9.0,,,,,84,,4229.0,4193.0,0,0,0,0,0,0,0.0,0.0,,,,5,32,84.0,0,0.0,0.0,0.0,0.0,0.0,0
923204,,2,1995,6,5,3,2.0,1.0,,800.0,,0,,6600.0,6384.0,0,0,0,0,0,0,0.0,0.0,0.0,0.0,1.0,3,29,800.0,0,0.0,0.0,0.0,0.0,0.0,0
925103,,1,1991,7,5,2,9.0,,2794.0,,,0,,11859.0,10887.0,0,0,0,0,0,0,0.0,0.0,0.0,0.0,1.0,1,33,2794.0,0,0.0,0.0,0.0,0.0,0.0,0
925104,,1,1994,6,5,2,1.0,1.0,3546.0,,,0,,11859.0,10887.0,0,0,0,0,0,0,0.0,0.0,0.0,0.0,1.0,1,30,3546.0,0,0.0,0.0,0.0,0.0,0.0,0
925203,,1,1988,6,1,3,1.0,1.0,8000.0,,,0,,9958.0,7042.0,43000,0,0,0,0,0,1740.0,0.0,12.0,43000.0,1.0,1,36,8000.0,43000,1740.0,12.0,1752.0,0.219,0.219,0
925204,,2,1990,7,5,2,1.0,1.0,4208.0,,,0,,4208.0,3644.0,10000,0,0,0,0,0,480.0,0.0,0.0,10000.0,1.0,2,34,4208.0,10000,480.0,0.0,480.0,0.11406844106463879,0.11406844106463879,0
925303,,1,1995,6,5,2,9.0,,,,,664,,9339.0,8343.0,920,0,0,0,0,0,0.0,0.0,0.0,0.0,1.0,3,29,664.0,920,0.0,0.0,0.0,0.0,0.0,0
925304,,1,2000,6,5,2,9.0,,1840.0,,,0,,9339.0,8343.0,920,0,0,0,0,0,0.0,0.0,0.0,0.0,1.0,3,24,1840.0,920,0.0,0.0,0.0,0.0,0.0,0
928104,,2,1994,7,5,2,2.0,1.0,,3000.0,,0,,8018.0,7382.0,20000,0,0,0,0,0,440.0,0.0,1000.0,20000.0,1.0,1,30,3000.0,20000,440.0,1000.0,1440.0,0.48,0.48,1
928105,,2,1998,6,5,2,9.0,,,420.0,,0,,8018.0,7382.0,20000,0,0,0,0,0,440.0,0.0,1000.0,20000.0,1.0,1,26,420.0,20000,440.0,1000.0,1440.0,3.4285714285714284,3.4285714285714284,1
928403,,1,1986,7,1,3,2.0,1.0,,6644.0,,0,,11294.0,9662.0,9000,0,0,0,0,0,0.0,1080.0,,,,6,38,6644.0,9000,1080.0,0.0,1080.0,0.1625526791089705,0.1625526791089705,0
928704,,1,1986,6,5,2,2.0,1.0,,3730.0,,0,,7153.0,6385.0,0,0,850,0,0,0,0.0,3.0,15000.0,0.0,1.0,1,38,3730.0,850,3.0,15000.0,15003.0,4.022252010723861,4.022252010723861,1
929003,,1,1987,5,1,3,2.0,1.0,,2280.0,2611.0,0,,8359.0,8153.8,600,0,0,0,0,3807,0.0,55.0,972.0,3807.0,1.0,3,37,4891.0,4407,55.0,972.0,1027.0,0.2099775097117154,0.2099775097117154,0
929004,,2,1988,5,1,3,2.0,1.0,,2304.0,,0,,8359.0,8153.8,600,0,0,0,0,3807,0.0,55.0,972.0,3807.0,1.0,3,36,2304.0,4407,55.0,972.0,1027.0,0.4457465277777778,0.4457465277777778,1
931203,,1,1986,7,5,3,1.0,1.0,4404.0,,,0,,9001.0,8005.0,0,0,0,0,0,0,0.0,0.0,0.0,0.0,1.0,1,38,4404.0,0,0.0,0.0,0.0,0.0,0.0,0
933203,,1,2001,6,5,3,9.0,,,,,668,,2869.0,2693.8,0,0,0,0,0,0,0.0,0.0,0.0,0.0,1.0,3,23,668.0,0,0.0,0.0,0.0,0.0,0.0,0
935202,,2,1991,6,5,2,2.0,1.0,,1800.0,,0,,2765.0,2765.0,0,0,0,0,0,0,0.0,0.0,0.0,0.0,1.0,3,33,1800.0,0,0.0,0.0,0.0,0.0,0.0,0
935803,,1,1998,7,5,3,1.0,1.0,1320.0,,,0,,8719.0,8215.0,0,0,0,25000,0,0,0.0,0.0,0.0,0.0,1.0,1,26,1320.0,25000,0.0,0.0,0.0,0.0,0.0,0
936803,,2,1993,6,5,2,1.0,1.0,1590.0,,,0,,4866.0,4662.0,0,0,0,0,0,0,0.0,0.0,0.0,0.0,1.0,1,31,1590.0,0,0.0,0.0,0.0,0.0,0.0,0
939202,,2,1999,5,5,2,9.0,,,600.0,,0,,1240.0,1240.0,10500,0,0,0,0,0,140.0,21.0,0.0,0.0,1.0,2,25,600.0,10500,161.0,0.0,161.0,0.2683333333333333,0.2683333333333333,0
939602,,2,1994,7,5,2,1.0,1.0,1802.0,440.0,,0,,4635.0,4359.0,6030,0,0,0,0,0,132.0,3.0,0.0,5500.0,1.0,3,30,2242.0,6030,135.0,0.0,135.0,0.06021409455842997,0.06021409455842997,0
939603,,2,1996,8,5,2,1.0,1.0,336.0,514.0,,0,,4635.0,4359.0,6030,0,0,0,0,0,132.0,3.0,0.0,5500.0,1.0,3,28,850.0,6030,135.0,0.0,135.0,0.1588235294117647,0.1588235294117647,0
939903,,1,1988,7,5,3,1.0,1.0,7070.0,,,0,,7570.0,6238.0,0,0,0,0,0,0,0.0,315.0,0.0,0.0,1.0,3,36,7070.0,0,315.0,0.0,315.0,0.04455445544554455,0.04455445544554455,0
940903,,1,1998,6,5,2,2.0,2.0,,2941.0,,0,,5843.0,5267.0,0,0,100,2500,0,0,0.0,0.0,0.0,0.0,1.0,1,26,2941.0,2600,0.0,0.0,0.0,0.0,0.0,0
941703,,2,2001,7,5,1,9.0,,,40.0,,0,,14467.0,13315.0,25000,0,0,0,0,1000,1450.0,0.0,818.0,25000.0,1.0,1,23,40.0,26000,1450.0,818.0,2268.0,56.7,5.0,1
943903,,2,1995,7,5,2,1.0,1.0,4185.0,,,0,,4381.0,3853.0,3000,0,0,0,0,0,0.0,209.0,0.0,0.0,1.0,3,29,4185.0,3000,209.0,0.0,209.0,0.04994026284348865,0.04994026284348865,0
943904,,1,1996,6,5,2,2.0,3.0,,5190.0,,0,,5251.0,5011.0,2300,0,1500,0,0,1000,0.0,420.0,0.0,0.0,1.0,3,28,5190.0,4800,420.0,0.0,420.0,0.08092485549132948,0.08092485549132948,0
947403,,2,1989,7,5,2,5.0,,,,4500.0,0,,11300.0,10784.0,0,0,0,0,0,0,0.0,0.0,0.0,0.0,1.0,1,35,4500.0,0,0.0,0.0,0.0,0.0,0.0,0
947404,,2,1991,7,5,2,1.0,1.0,2400.0,,,0,,11300.0,10784.0,0,0,0,0,0,0,0.0,0.0,0.0,0.0,1.0,1,33,2400.0,0,0.0,0.0,0.0,0.0,0.0,0
947601,,2,1985,7,1,2,2.0,3.0,,480.0,,0,,9456.0,8244.0,12258,0,0,0,0,0,378.0,0.0,342.0,12258.0,1.0,1,39,480.0,12258,378.0,342.0,720.0,1.5,1.5,1
948204,,1,1989,6,5,2,1.0,1.0,6170.0,,,0,,11818.0,10402.0,800,0,0,0,0,0,0.0,40.0,0.0,0.0,1.0,1,35,6170.0,800,40.0,0.0,40.0,0.006482982171799027,0.006482982171799027,0
949403,,1,1997,7,5,3,1.0,1.0,3342.0,,,0,,11314.0,10210.0,100,0,0,0,0,0,0.0,3.0,0.0,0.0,1.0,3,27,3342.0,100,3.0,0.0,3.0,0.0008976660682226212,0.0008976660682226212,0
955102,,1,1996,6,5,4,1.0,1.0,3999.0,,,0,,4289.0,3533.0,100,0,0,0,0,0,0.0,2.0,0.0,0.0,1.0,1,28,3999.0,100,2.0,0.0,2.0,0.0005001250312578145,0.0005001250312578145,0
955803,,1,1988,7,1,3,1.0,1.0,2618.0,,,0,,4503.0,3927.0,24000,0,0,0,0,0,348.0,0.0,0.0,24000.0,1.0,1,36,2618.0,24000,348.0,0.0,348.0,0.13292589763177998,0.13292589763177998,0
955851,,2,1991,7,1,3,2.0,1.0,,1596.0,,0,,4503.0,3927.0,24000,0,0,0,0,0,348.0,0.0,0.0,24000.0,1.0,1,33,1596.0,24000,348.0,0.0,348.0,0.21804511278195488,0.21804511278195488,0
957302,,1,1986,7,1,3,1.0,1.0,12492.0,,,0,,13141.0,10477.0,34000,0,0,0,0,0,1164.0,0.0,0.0,34000.0,1.0,1,38,12492.0,34000,1164.0,0.0,1164.0,0.09317963496637849,0.09317963496637849,0
959604,,2,1990,5,5,4,2.0,1.0,,1470.0,,0,,2010.0,1880.4,0,0,0,0,0,0,0.0,0.0,,,,5,34,1470.0,0,0.0,0.0,0.0,0.0,0.0,0
959902,,2,1997,5,5,2,1.0,1.0,2592.0,,,0,,5096.0,4856.0,8600,0,0,0,0,0,156.0,0.0,0.0,8600.0,1.0,2,27,2592.0,8600,156.0,0.0,156.0,0.06018518518518518,0.06018518518518518,0
963203,,2,1993,5,5,3,1.0,1.0,2684.0,,,0,,2744.0,2468.0,26,0,0,0,0,0,0.0,16.0,0.0,0.0,1.0,3,31,2684.0,26,16.0,0.0,16.0,0.005961251862891207,0.005961251862891207,0
963803,,2,2001,7,5,3,9.0,,,120.0,,0,,4378.0,4330.0,0,0,0,0,0,0,0.0,0.0,0.0,0.0,1.0,3,23,120.0,0,0.0,0.0,0.0,0.0,0.0,0
963804,,2,2003,7,5,3,9.0,,,120.0,,0,,4378.0,4330.0,0,0,0,0,0,0,0.0,0.0,0.0,0.0,1.0,3,21,120.0,0,0.0,0.0,0.0,0.0,0.0,0
965303,,2,1994,6,5,3,1.0,1.0,3800.0,,,0,,4060.0,3652.0,0,0,0,0,0,0,0.0,0.0,0.0,0.0,1.0,2,30,3800.0,0,0.0,0.0,0.0,0.0,0.0,0
965402,,2,1985,5,5,3,2.0,1.0,,3330.0,,0,,4155.0,3831.0,8900,0,0,0,0,0,249.0,0.0,100.0,8900.0,1.0,2,39,3330.0,8900,249.0,100.0,349.0,0.10480480480480481,0.10480480480480481,0
966703,,1,1999,7,5,3,2.0,1.0,,1060.0,,0,,19445.0,18221.0,13540,0,600,0,0,0,720.0,0.0,240.0,13760.0,1.0,1,25,1060.0,14140,720.0,240.0,960.0,0.9056603773584906,0.9056603773584906,1
966704,,1,2001,5,5,3,1.0,1.0,3840.0,,,0,,19445.0,18221.0,13540,0,600,0,0,0,720.0,0.0,240.0,13760.0,1.0,1,23,3840.0,14140,720.0,240.0,960.0,0.25,0.25,0
967501,,2,1985,6,5,3,6.0,,,,3160.0,0,,3320.0,3128.0,0,0,0,0,0,0,0.0,0.0,0.0,0.0,1.0,1,39,3160.0,0,0.0,0.0,0.0,0.0,0.0,0
972404,,2,1994,6,5,1,9.0,,,600.0,,0,,4699.0,4459.0,2000,0,0,45000,0,0,0.0,67.0,0.0,0.0,1.0,1,30,600.0,47000,67.0,0.0,67.0,0.11166666666666666,0.11166666666666666,0
972502,,2,1990,5,5,2,2.0,1.0,,1920.0,,0,,3496.0,3344.8,0,0,0,0,0,0,0.0,0.0,,,,5,34,1920.0,0,0.0,0.0,0.0,0.0,0.0,0
972903,,1,2004,7,5,3,9.0,,,150.0,,0,,16277.0,13865.0,7790,0,0,0,0,0,0.0,161.0,0.0,0.0,1.0,1,20,150.0,7790,161.0,0.0,161.0,1.0733333333333333,1.0733333333333333,1
973403,,1,1996,5,5,3,1.0,1.0,3090.0,,,0,,3166.0,2830.0,0,0,0,0,0,0,0.0,0.0,0.0,0.0,1.0,3,28,3090.0,0,0.0,0.0,0.0,0.0,0.0,0
973402,,2,1994,6,5,3,2.0,1.0,,2400.0,,0,,2460.0,2220.0,6200,0,0,0,0,0,336.0,0.0,0.0,6200.0,1.0,1,30,2400.0,6200,336.0,0.0,336.0,0.14,0.14,0
976403,,2,1993,7,5,2,1.0,1.0,1298.0,,,0,,2838.0,2454.0,0,0,0,0,0,0,0.0,0.0,0.0,0.0,1.0,1,31,1298.0,0,0.0,0.0,0.0,0.0,0.0,0
976903,,2,1996,7,5,3,1.0,1.0,4566.0,,,0,,11417.0,10997.0,11627,0,0,0,0,0,200.0,0.0,373.0,11627.0,1.0,1,28,4566.0,11627,200.0,373.0,573.0,0.12549277266754272,0.12549277266754272,0
977002,,2,1993,6,5,3,2.0,1.0,,1144.0,,0,,9624.0,9048.0,11760,0,0,0,0,0,324.0,0.0,240.0,11760.0,1.0,1,31,1144.0,11760,324.0,240.0,564.0,0.493006993006993,0.493006993006993,1
977003,,2,1997,6,5,3,2.0,1.0,,3492.0,,0,,9624.0,9048.0,11760,0,0,0,0,0,324.0,0.0,240.0,11760.0,1.0,1,27,3492.0,11760,324.0,240.0,564.0,0.16151202749140894,0.16151202749140894,0
978503,,2,1986,7,5,3,6.0,,,,2150.0,0,,4145.0,3269.0,38000,0,0,12000,0,0,2144.0,360.0,0.0,32000.0,1.0,1,38,2150.0,50000,2504.0,0.0,2504.0,1.1646511627906977,1.1646511627906977,1
1000403,,2,2005,6,5,1,9.0,,,121.0,,0,,9041.0,7949.0,3700,0,0,0,0,0,0.0,246.0,,,,5,19,121.0,3700,246.0,0.0,246.0,2.0330578512396693,2.0330578512396693,1
1000602,,2,1987,6,1,2,1.0,1.0,2400.0,,,0,,14596.0,12844.0,0,0,290,44000,0,0,0.0,0.0,0.0,0.0,1.0,3,37,2400.0,44290,0.0,0.0,0.0,0.0,0.0,0
1001802,,1,1988,8,5,1,6.0,,,,610.0,0,,5116.0,4936.0,15000,0,150,0,0,0,600.0,0.0,0.0,15000.0,1.0,2,36,610.0,15150,600.0,0.0,600.0,0.9836065573770492,0.9836065573770492,1
1002301,,1,1991,6,1,1,1.0,1.0,4937.0,,,0,,7597.0,6829.0,16182,0,220,0,0,0,420.0,2400.0,384.0,13182.0,1.0,1,33,4937.0,16402,2820.0,384.0,3204.0,0.6489771116062386,0.6489771116062386,1
1002302,,2,1990,6,1,1,2.0,1.0,,2290.0,,0,,7597.0,6829.0,16182,0,220,0,0,0,420.0,2400.0,384.0,13182.0,1.0,1,34,2290.0,16402,2820.0,384.0,3204.0,1.3991266375545852,1.3991266375545852,1
1002403,,1,1995,6,5,1,1.0,1.0,2310.0,,,0,,8030.0,7142.0,11994,0,2440,0,0,0,358.0,180.0,806.0,11994.0,1.0,1,29,2310.0,14434,538.0,806.0,1344.0,0.5818181818181818,0.5818181818181818,1
1003701,,1,1988,7,1,1,1.0,1.0,4044.0,,,0,,8759.0,7835.0,11800,0,0,0,0,0,300.0,0.0,1200.0,11800.0,1.0,1,36,4044.0,11800,300.0,1200.0,1500.0,0.37091988130563797,0.37091988130563797,0
1003702,,2,1988,7,1,1,1.0,1.0,3944.0,,,0,,8759.0,7835.0,11800,0,0,0,0,0,300.0,0.0,1200.0,11800.0,1.0,1,36,3944.0,11800,300.0,1200.0,1500.0,0.3803245436105477,0.3803245436105477,0
1003902,,1,1995,5,5,1,2.0,1.0,,800.0,2100.0,0,,7760.0,7340.0,1325,0,0,0,0,0,250.0,0.0,0.0,0.0,1.0,3,29,2900.0,1325,250.0,0.0,250.0,0.08620689655172414,0.08620689655172414,0
1004503,,2,1996,7,5,1,1.0,1.0,2480.0,,,0,,16484.0,14360.0,0,0,0,20000,2200,0,0.0,0.0,0.0,0.0,1.0,2,28,2480.0,22200,0.0,0.0,0.0,0.0,0.0,0
1005103,,1,1994,5,5,1,2.0,1.0,,3520.0,,0,,6110.0,5618.0,0,0,300,0,0,0,0.0,36.0,0.0,0.0,1.0,3,30,3520.0,300,36.0,0.0,36.0,0.010227272727272727,0.010227272727272727,0
1005151,,1,1991,5,1,1,2.0,2.0,,5280.0,,0,,5532.0,5280.0,0,0,0,0,0,0,0.0,0.0,,,,4,33,5280.0,0,0.0,0.0,0.0,0.0,0.0,0
1005403,,1,1996,5,5,1,2.0,1.0,,1344.0,,0,,5778.0,5394.0,0,0,0,0,0,0,0.0,0.0,0.0,0.0,1.0,1,28,1344.0,0,0.0,0.0,0.0,0.0,0.0,0
1005802,,2,1988,7,1,1,1.0,1.0,4470.0,,,0,,14859.0,12339.0,3000,0,0,0,0,0,132.0,0.0,0.0,3000.0,1.0,3,36,4470.0,3000,132.0,0.0,132.0,0.02953020134228188,0.02953020134228188,0
1006003,,1,1989,6,5,1,2.0,1.0,,3852.0,,0,,15565.0,14161.0,84980,0,0,60900,0,0,0.0,4626.0,0.0,0.0,1.0,1,35,3852.0,145880,4626.0,0.0,4626.0,1.2009345794392523,1.2009345794392523,1
1007503,,2,1985,7,5,1,8.0,,,1645.0,,0,,4393.0,4177.0,0,900,0,0,0,0,0.0,125.0,0.0,0.0,1.0,3,39,1645.0,900,125.0,0.0,125.0,0.07598784194528875,0.07598784194528875,0
1007902,,2,1988,7,5,1,2.0,1.0,,1380.0,,0,,9230.0,8558.0,0,0,0,0,0,0,0.0,0.0,0.0,0.0,1.0,3,36,1380.0,0,0.0,0.0,0.0,0.0,0.0,0
1007903,,1,2002,5,5,1,2.0,1.0,,1800.0,,0,,9230.0,8558.0,0,0,0,0,0,0,0.0,0.0,0.0,0.0,1.0,3,22,1800.0,0,0.0,0.0,0.0,0.0,0.0,0
1008301,,1,1985,6,1,1,2.0,1.0,,3405.0,,0,,6232.0,5884.0,0,0,0,0,0,0,0.0,0.0,0.0,0.0,1.0,3,39,3405.0,0,0.0,0.0,0.0,0.0,0.0,0
1008502,,2,1985,3,1,1,2.0,1.0,,3120.0,,0,,8392.0,7960.0,1500,0,0,0,0,0,41.0,0.0,500.0,1500.0,1.0,1,39,3120.0,1500,41.0,500.0,541.0,0.1733974358974359,0.1733974358974359,0
1008701,,2,2001,5,5,2,2.0,1.0,,1260.0,,0,,2660.0,2634.8,13000,0,0,0,0,0,0.0,0.0,0.0,0.0,1.0,3,23,1260.0,13000,0.0,0.0,0.0,0.0,0.0,0
1010503,,2,1996,6,5,1,2.0,1.0,,1723.0,,0,,9162.0,8274.0,0,0,0,16000,0,0,0.0,0.0,0.0,0.0,1.0,1,28,1723.0,16000,0.0,0.0,0.0,0.0,0.0,0
1010602,,1,1986,6,5,1,1.0,1.0,4120.0,,,0,,8204.0,7688.0,10000,0,0,0,0,0,600.0,0.0,0.0,10000.0,1.0,1,38,4120.0,10000,600.0,0.0,600.0,0.14563106796116504,0.14563106796116504,0
1012202,,2,1985,9,5,1,1.0,1.0,4790.0,2000.0,,0,,11343.0,10623.0,0,0,300,2000,0,0,0.0,0.0,0.0,0.0,1.0,1,39,6790.0,2300,0.0,0.0,0.0,0.0,0.0,0
1012703,,2,1996,7,5,1,1.0,1.0,3502.0,,,0,,11722.0,9646.0,16734,0,0,0,0,0,1054.0,0.0,266.0,16734.0,1.0,1,28,3502.0,16734,1054.0,266.0,1320.0,0.37692747001713306,0.37692747001713306,0
1013501,,1,1996,7,5,2,1.0,1.0,3744.0,,,0,,3744.0,3240.0,0,0,0,0,0,0,0.0,0.0,,,,6,28,3744.0,0,0.0,0.0,0.0,0.0,0.0,0
1013603,,1,1992,6,5,2,1.0,1.0,3780.0,,,0,,17300.0,15620.0,0,0,0,0,0,0,0.0,0.0,0.0,0.0,1.0,1,32,3780.0,0,0.0,0.0,0.0,0.0,0.0,0
1013604,,1,1994,6,5,2,1.0,1.0,4320.0,,,0,,17300.0,15620.0,0,0,0,0,0,0,0.0,0.0,0.0,0.0,1.0,1,30,4320.0,0,0.0,0.0,0.0,0.0,0.0,0
1013901,,2,1996,7,5,2,2.0,1.0,,1872.0,,0,,2402.0,2309.6,0,0,0,0,0,0,0.0,0.0,0.0,0.0,1.0,3,28,1872.0,0,0.0,0.0,0.0,0.0,0.0,0
1014303,,2,1992,6,5,2,1.0,1.0,3651.0,,,0,,5176.0,4828.0,0,0,150,0,0,0,0.0,0.0,0.0,0.0,1.0,1,32,3651.0,150,0.0,0.0,0.0,0.0,0.0,0
1014302,,2,1990,7,5,1,1.0,1.0,5352.0,,,0,,5620.8,4900.8,6500,0,120,0,0,0,132.0,84.0,1000.0,3000.0,1.0,2,34,5352.0,6620,216.0,1000.0,1216.0,0.22720478325859492,0.22720478325859492,0
1016501,,1,1990,7,1,2,1.0,1.0,4320.0,,,0,,5875.0,5287.0,0,0,550,0,0,0,0.0,0.0,0.0,0.0,1.0,2,34,4320.0,550,0.0,0.0,0.0,0.0,0.0,0
1016603,,2,1991,6,5,2,2.0,1.0,,2240.0,,0,,6630.0,6054.0,0,0,220,0,0,0,0.0,0.0,0.0,0.0,1.0,1,33,2240.0,220,0.0,0.0,0.0,0.0,0.0,0
1016702,,2,1996,5,5,2,1.0,1.0,2783.0,,,0,,5463.0,4983.0,0,0,200,0,0,0,0.0,0.0,0.0,0.0,1.0,3,28,2783.0,200,0.0,0.0,0.0,0.0,0.0,0
1016801,,2,1992,7,5,3,1.0,1.0,4541.0,,,0,,4591.0,4015.0,0,0,0,0,0,0,0.0,0.0,,,,4,32,4541.0,0,0.0,0.0,0.0,0.0,0.0,0
1018101,,2,1991,4,3,2,2.0,2.0,,3310.0,,0,,3315.0,3171.0,26200,0,0,0,0,0,1682.0,0.0,238.0,26200.0,1.0,1,33,3310.0,26200,1682.0,238.0,1920.0,0.5800604229607251,0.5800604229607251,1
1018901,,1,1987,7,1,3,2.0,3.0,,10000.0,,0,,10350.0,10170.0,19200,0,0,0,0,0,1800.0,0.0,0.0,19200.0,1.0,2,37,10000.0,19200,1800.0,0.0,1800.0,0.18,0.18,0
1025203,,1,1995,5,5,3,2.0,1.0,,1610.0,,0,,9492.0,9180.0,0,0,0,0,0,0,0.0,0.0,0.0,0.0,1.0,1,29,1610.0,0,0.0,0.0,0.0,0.0,0.0,0
1026303,,2,2004,5,5,3,9.0,,,150.0,,0,,10268.0,9560.0,0,0,0,4000,0,0,0.0,0.0,0.0,0.0,1.0,1,20,150.0,4000,0.0,0.0,0.0,0.0,0.0,0
1026401,,1,1989,7,5,3,2.0,1.0,,960.0,,0,,1010.0,1010.0,0,0,0,0,0,0,0.0,0.0,0.0,0.0,1.0,3,35,960.0,0,0.0,0.0,0.0,0.0,0.0,0
1026501,,2,1987,7,5,3,1.0,1.0,4560.0,780.0,,0,,5390.0,4766.0,10200,0,0,0,0,0,264.0,0.0,336.0,10200.0,1.0,1,37,5340.0,10200,264.0,336.0,600.0,0.11235955056179775,0.11235955056179775,0
1026702,,1,1995,5,5,3,9.0,,,103.0,,0,,1790.0,1754.0,0,0,0,0,0,0,0.0,0.0,0.0,0.0,1.0,2,29,103.0,0,0.0,0.0,0.0,0.0,0.0,0
1027301,,1,1991,5,1,3,1.0,1.0,6802.0,,,0,,8743.0,7459.0,14000,0,600,0,0,0,300.0,60.0,0.0,14000.0,1.0,2,33,6802.0,14600,360.0,0.0,360.0,0.05292561011467216,0.05292561011467216,0
1027302,,2,1987,8,1,3,2.0,2.0,,1200.0,,0,,8743.0,7459.0,14000,0,600,0,0,0,300.0,60.0,0.0,14000.0,1.0,2,37,1200.0,14600,360.0,0.0,360.0,0.3,0.3,0
1028402,,2,1986,5,5,3,9.0,,,,,300,,5860.0,5858.8,0,0,0,0,0,0,0.0,0.0,0.0,0.0,1.0,3,38,300.0,0,0.0,0.0,0.0,0.0,0.0,0
1028503,,2,1992,7,1,3,2.0,1.0,,2940.0,,0,,6912.0,6240.0,22400,0,0,0,0,0,276.0,0.0,0.0,14400.0,1.0,2,32,2940.0,22400,276.0,0.0,276.0,0.09387755102040816,0.09387755102040816,0
1028551,,1,1992,6,1,3,2.0,1.0,,3720.0,,0,,6912.0,6240.0,22400,0,0,0,0,0,276.0,0.0,0.0,14400.0,1.0,2,32,3720.0,22400,276.0,0.0,276.0,0.07419354838709677,0.07419354838709677,0
1028703,,1,1989,7,5,3,1.0,1.0,4420.0,,,0,,12659.0,11735.0,0,0,0,0,0,0,0.0,0.0,0.0,0.0,1.0,1,35,4420.0,0,0.0,0.0,0.0,0.0,0.0,0
1028704,,2,1994,7,5,3,2.0,1.0,,3355.0,,0,,12659.0,11735.0,0,0,0,0,0,0,0.0,0.0,0.0,0.0,1.0,1,30,3355.0,0,0.0,0.0,0.0,0.0,0.0,0
1028903,,1,1992,7,5,3,9.0,,,,1100.0,0,,6716.0,6356.0,8000,0,2500,0,0,0,240.0,23.0,388.0,8000.0,1.0,1,32,1100.0,10500,263.0,388.0,651.0,0.5918181818181818,0.5918181818181818,1
1029002,,1,2000,7,5,3,9.0,,,240.0,,0,,4175.0,3971.0,0,0,0,0,0,0,0.0,0.0,0.0,0.0,1.0,3,24,240.0,0,0.0,0.0,0.0,0.0,0.0,0
1030502,,1,1997,6,5,3,2.0,1.0,,2760.0,,0,,10112.0,9560.0,70000,0,0,2000,0,0,1020.0,3100.0,0.0,15000.0,1.0,1,27,2760.0,72000,4120.0,0.0,4120.0,1.4927536231884058,1.4927536231884058,1
1030703,,1,1989,6,5,3,2.0,1.0,,2940.0,,0,,11400.0,10536.0,2450,0,0,0,0,0,0.0,156.0,0.0,0.0,1.0,1,35,2940.0,2450,156.0,0.0,156.0,0.053061224489795916,0.053061224489795916,0
1030802,,2,2005,5,5,3,9.0,,,900.0,,0,,1983.0,1899.0,0,0,0,0,0,0,0.0,0.0,,,,5,19,900.0,0,0.0,0.0,0.0,0.0,0.0,0
1031703,,2,2000,7,5,3,2.0,1.0,,1350.0,,0,,6261.0,6225.0,10800,0,0,0,0,0,276.0,0.0,346.0,10800.0,1.0,1,24,1350.0,10800,276.0,346.0,622.0,0.46074074074074073,0.46074074074074073,1
1031903,,2,1995,7,5,3,1.0,1.0,4632.0,,,0,,15769.0,13945.0,0,0,0,8000,0,0,0.0,0.0,0.0,0.0,1.0,1,29,4632.0,8000,0.0,0.0,0.0,0.0,0.0,0
1032403,,2,1997,6,5,3,1.0,1.0,3168.0,,,0,,12200.0,10724.0,0,0,0,0,0,0,0.0,0.0,8000.0,0.0,1.0,1,27,3168.0,0,0.0,8000.0,8000.0,2.525252525252525,2.525252525252525,1
1033002,,2,1985,5,5,3,2.0,1.0,,1440.0,,0,,3300.0,3036.0,0,0,0,0,0,0,0.0,0.0,0.0,0.0,1.0,1,39,1440.0,0,0.0,0.0,0.0,0.0,0.0,0
1034503,,1,1999,7,5,3,1.0,1.0,1440.0,,,0,,14755.0,12475.0,0,0,0,42000,0,0,0.0,0.0,0.0,0.0,1.0,1,25,1440.0,42000,0.0,0.0,0.0,0.0,0.0,0
1034504,,1,1996,7,5,3,9.0,,,1440.0,,0,,14755.0,12475.0,0,0,0,42000,0,0,0.0,0.0,0.0,0.0,1.0,1,28,1440.0,42000,0.0,0.0,0.0,0.0,0.0,0
1034601,,1,1985,5,1,3,1.0,1.0,2400.0,,,0,,9550.0,8734.0,20000,0,0,0,0,0,400.0,0.0,440.0,20000.0,1.0,1,39,2400.0,20000,400.0,440.0,840.0,0.35,0.35,0
1034602,,2,1985,5,1,3,5.0,,,,6000.0,0,,9550.0,8734.0,20000,0,0,0,0,0,400.0,0.0,440.0,20000.0,1.0,1,39,6000.0,20000,400.0,440.0,840.0,0.14,0.14,0
1034801,,1,1988,7,5,3,2.0,1.0,,3600.0,,0,,3740.0,3680.0,0,0,0,0,0,0,0.0,0.0,0.0,0.0,1.0,3,36,3600.0,0,0.0,0.0,0.0,0.0,0.0,0
1035601,,1,1986,7,1,1,1.0,1.0,12373.0,,,0,,14187.0,12063.0,0,0,0,0,0,0,0.0,0.0,0.0,0.0,1.0,2,38,12373.0,0,0.0,0.0,0.0,0.0,0.0,0
1036101,,1,1985,5,5,3,1.0,1.0,3510.0,,,0,,5526.0,5022.0,0,0,0,0,0,0,0.0,0.0,0.0,0.0,1.0,3,39,3510.0,0,0.0,0.0,0.0,0.0,0.0,0
1036802,,2,1995,5,1,3,2.0,2.0,,1520.0,,0,,11238.0,10698.0,22968,0,280,0,0,0,648.0,0.0,1032.0,22968.0,1.0,1,29,1520.0,23248,648.0,1032.0,1680.0,1.105263157894737,1.105263157894737,1
1037504,,2,1999,7,5,3,1.0,1.0,4040.0,,,0,,20060.0,17216.0,0,0,0,5000,0,0,0.0,0.0,0.0,0.0,1.0,1,25,4040.0,5000,0.0,0.0,0.0,0.0,0.0,0
1038101,,1,1988,5,5,3,2.0,2.0,,2389.0,,0,,2926.0,2770.0,0,0,0,0,0,0,0.0,0.0,0.0,0.0,1.0,3,36,2389.0,0,0.0,0.0,0.0,0.0,0.0,0
1038203,,2,2002,6,5,3,1.0,1.0,2440.0,,,0,,7326.0,7014.0,3350,0,0,0,0,0,0.0,45.0,0.0,0.0,1.0,1,22,2440.0,3350,45.0,0.0,45.0,0.018442622950819672,0.018442622950819672,0
1038303,,2,1985,5,1,3,2.0,2.0,,1500.0,,0,,5748.0,5412.0,0,0,0,0,0,0,0.0,0.0,0.0,0.0,1.0,3,39,1500.0,0,0.0,0.0,0.0,0.0,0.0,0
1038501,,1,1988,6,5,3,1.0,1.0,2700.0,,,0,,2734.0,2470.0,0,0,0,0,0,0,0.0,0.0,0.0,0.0,1.0,3,36,2700.0,0,0.0,0.0,0.0,0.0,0.0,0
1038701,,1,1985,5,1,3,1.0,1.0,3690.0,,,0,,7192.0,6436.0,15100,0,0,0,0,0,336.0,180.0,444.0,12100.0,1.0,1,39,3690.0,15100,516.0,444.0,960.0,0.2601626016260163,0.2601626016260163,0
1038702,,2,1988,7,1,3,1.0,2.0,2530.0,,,0,,7192.0,6436.0,15100,0,0,0,0,0,336.0,180.0,444.0,12100.0,1.0,1,36,2530.0,15100,516.0,444.0,960.0,0.3794466403162055,0.3794466403162055,0
1038803,,1,1991,7,5,3,2.0,2.0,,4135.0,,0,,9748.0,8668.0,0,0,0,0,0,0,0.0,0.0,0.0,0.0,1.0,1,33,4135.0,0,0.0,0.0,0.0,0.0,0.0,0
1039301,,1,1990,7,5,3,1.0,1.0,4823.0,2000.0,,0,,6943.0,5899.0,0,0,0,0,0,0,0.0,0.0,0.0,0.0,1.0,3,34,6823.0,0,0.0,0.0,0.0,0.0,0.0,0
1039401,,1,1991,7,1,3,1.0,1.0,5664.0,,,0,,10578.0,9198.0,19999,0,0,0,0,0,42.0,0.0,146.0,19999.0,1.0,1,33,5664.0,19999,42.0,146.0,188.0,0.033192090395480225,0.033192090395480225,0
1039402,,2,1990,7,1,3,1.0,1.0,4204.0,,,0,,10578.0,9198.0,19999,0,0,0,0,0,42.0,0.0,146.0,19999.0,1.0,1,34,4204.0,19999,42.0,146.0,188.0,0.04471931493815414,0.04471931493815414,0
1042201,,1,1997,6,1,4,1.0,1.0,3956.0,,,0,,7004.0,6284.0,2384,0,0,0,0,0,0.0,26.0,,,,5,27,3956.0,2384,26.0,0.0,26.0,0.006572295247724975,0.006572295247724975,0
1042202,,2,1997,6,1,4,1.0,1.0,1838.0,,,0,,7004.0,6284.0,2384,0,0,0,0,0,0.0,26.0,,,,5,27,1838.0,2384,26.0,0.0,26.0,0.014145810663764961,0.014145810663764961,0
1042402,,1,2003,6,5,4,2.0,1.0,,1385.0,,0,,3397.0,3157.0,0,0,0,0,0,0,0.0,0.0,0.0,0.0,1.0,1,21,1385.0,0,0.0,0.0,0.0,0.0,0.0,0
1043404,,1,1987,7,5,2,1.0,1.0,4450.0,,,0,,7148.0,6536.0,2766,0,0,0,0,0,78.0,0.0,234.0,2766.0,1.0,1,37,4450.0,2766,78.0,234.0,312.0,0.0701123595505618,0.0701123595505618,0
1044403,,2,1998,6,5,2,2.0,1.0,,3220.0,,0,,4886.0,4598.0,0,0,0,0,0,0,0.0,0.0,0.0,0.0,1.0,1,26,3220.0,0,0.0,0.0,0.0,0.0,0.0,0
1045403,,2,1992,8,5,3,2.0,1.0,,1968.0,,0,,23179.0,19207.0,0,0,0,15000,0,0,0.0,0.0,0.0,0.0,1.0,2,32,1968.0,15000,0.0,0.0,0.0,0.0,0.0,0
1045503,,2,1992,7,5,3,9.0,,,1040.0,,0,,8570.0,7334.0,0,0,0,0,0,0,0.0,0.0,0.0,0.0,1.0,2,32,1040.0,0,0.0,0.0,0.0,0.0,0.0,0
1045802,,2,1985,5,1,2,1.0,1.0,2645.0,,,0,,6735.0,6003.0,1703,0,0,0,0,0,35.0,0.0,697.0,1703.0,1.0,1,39,2645.0,1703,35.0,697.0,732.0,0.2767485822306238,0.2767485822306238,0
1046003,,1,1993,7,5,2,1.0,1.0,4080.0,1500.0,,0,,9981.0,8985.0,0,0,0,0,0,0,0.0,0.0,0.0,0.0,1.0,1,31,5580.0,0,0.0,0.0,0.0,0.0,0.0,0
1048004,,1,2000,7,5,2,2.0,1.0,,1260.0,,0,,11544.0,11172.0,3000,0,0,0,0,0,0.0,216.0,,,,5,24,1260.0,3000,216.0,0.0,216.0,0.17142857142857143,0.17142857142857143,0
1048003,,1,1999,5,5,4,1.0,1.0,2736.0,,,0,,3072.0,2844.0,0,0,0,0,0,0,0.0,0.0,0.0,0.0,1.0,2,25,2736.0,0,0.0,0.0,0.0,0.0,0.0,0
1048203,,2,1999,7,5,2,2.0,1.0,,3300.0,,0,,9098.0,7574.0,0,0,0,0,0,0,0.0,0.0,0.0,0.0,1.0,1,25,3300.0,0,0.0,0.0,0.0,0.0,0.0,0
1049801,,1,1985,7,1,2,1.0,1.0,7750.0,,,0,,11762.0,10334.0,3000,0,0,0,0,0,0.0,0.0,0.0,0.0,1.0,2,39,7750.0,3000,0.0,0.0,0.0,0.0,0.0,0
1049802,,2,1987,7,1,2,2.0,1.0,,2670.0,,0,,11762.0,10334.0,3000,0,0,0,0,0,0.0,0.0,0.0,0.0,1.0,2,37,2670.0,3000,0.0,0.0,0.0,0.0,0.0,0
1050601,,1,1989,8,1,2,2.0,1.0,,4100.0,,0,,6020.0,5324.0,0,10000,0,0,0,0,360.0,0.0,0.0,10000.0,1.0,1,35,4100.0,10000,360.0,0.0,360.0,0.08780487804878048,0.08780487804878048,0
1050803,,2,1987,7,5,2,1.0,1.0,1284.0,,,0,,10264.0,9544.0,5480,0,0,4500,0,0,299.0,0.0,1260.0,5480.0,1.0,1,37,1284.0,9980,299.0,1260.0,1559.0,1.2141744548286604,1.2141744548286604,1
1051101,,1,1994,6,1,2,2.0,1.0,,3000.0,,0,,5780.0,5240.0,8418,0,0,0,0,0,336.0,34.0,0.0,8000.0,1.0,2,30,3000.0,8418,370.0,0.0,370.0,0.12333333333333334,0.12333333333333334,0
1051102,,2,1989,5,1,2,2.0,1.0,,2540.0,,30,,5780.0,5240.0,8418,0,0,0,0,0,336.0,34.0,0.0,8000.0,1.0,2,35,2570.0,8418,370.0,0.0,370.0,0.14396887159533073,0.14396887159533073,0
1051703,,2,1996,7,3,2,2.0,1.0,,1200.0,,0,,5741.0,5573.0,0,0,0,0,0,0,0.0,0.0,0.0,0.0,1.0,1,28,1200.0,0,0.0,0.0,0.0,0.0,0.0,0
1053104,,1,2000,7,5,2,9.0,,,260.0,,0,,6243.0,5679.0,0,0,0,0,0,0,0.0,0.0,0.0,0.0,1.0,1,24,260.0,0,0.0,0.0,0.0,0.0,0.0,0
1054403,,1,1999,7,5,5,9.0,,,1080.0,,0,,3352.0,3148.0,0,0,240,0,0,0,0.0,4.0,0.0,0.0,1.0,3,25,1080.0,240,4.0,0.0,4.0,0.003703703703703704,0.003703703703703704,0
1055201,,1,1985,7,1,5,1.0,1.0,3750.0,,,0,,7410.0,6750.0,7000,0,0,0,0,0,154.0,0.0,4000.0,7000.0,1.0,1,39,3750.0,7000,154.0,4000.0,4154.0,1.1077333333333332,1.1077333333333332,1
1055202,,2,1989,7,1,5,1.0,1.0,2250.0,,,0,,7410.0,6750.0,7000,0,0,0,0,0,154.0,0.0,4000.0,7000.0,1.0,1,35,2250.0,7000,154.0,4000.0,4154.0,1.8462222222222222,1.8462222222222222,1
1056501,,1,1990,5,1,5,3.0,2.0,,3888.0,,0,,7372.0,6412.0,8000,0,0,0,0,0,152.0,0.0,792.0,8000.0,1.0,1,34,3888.0,8000,152.0,792.0,944.0,0.24279835390946503,0.24279835390946503,0
1056502,,2,1992,7,1,5,1.0,1.0,1336.0,,,0,,7372.0,6412.0,8000,0,0,0,0,0,152.0,0.0,792.0,8000.0,1.0,1,32,1336.0,8000,152.0,792.0,944.0,0.7065868263473054,0.7065868263473054,1
1058303,,1,1998,7,5,2,2.0,1.0,,1400.0,,0,,11834.0,9950.0,30000,0,0,0,0,0,0.0,450.0,0.0,0.0,1.0,3,26,1400.0,30000,450.0,0.0,450.0,0.32142857142857145,0.32142857142857145,0
1058901,,1,1986,8,1,2,1.0,1.0,3570.0,,,0,,5668.0,5642.8,0,0,0,0,0,0,0.0,0.0,,,,6,38,3570.0,0,0.0,0.0,0.0,0.0,0.0,0
1060103,,2,2004,7,5,2,9.0,,,334.0,,0,,6727.0,6547.0,0,0,0,0,0,0,0.0,0.0,0.0,0.0,1.0,1,20,334.0,0,0.0,0.0,0.0,0.0,0.0,0
1060501,,1,1991,7,5,4,1.0,1.0,10587.0,,,0,,10737.0,8553.0,0,0,0,0,0,0,0.0,0.0,0.0,0.0,1.0,2,33,10587.0,0,0.0,0.0,0.0,0.0,0.0,0
1061002,,1,1987,6,5,5,1.0,1.0,3720.0,,,0,,7510.0,6610.0,0,0,0,400,0,0,0.0,0.0,0.0,0.0,1.0,1,37,3720.0,400,0.0,0.0,0.0,0.0,0.0,0
1061103,,1,1996,7,5,5,2.0,1.0,,642.0,,837,,4522.0,4402.0,0,0,0,0,0,0,0.0,0.0,0.0,0.0,1.0,1,28,1479.0,0,0.0,0.0,0.0,0.0,0.0,0
1061402,,2,1987,7,1,5,2.0,1.0,,880.0,,0,,6806.0,6074.0,15000,0,0,0,0,0,330.0,0.0,0.0,15000.0,1.0,1,37,880.0,15000,330.0,0.0,330.0,0.375,0.375,0
1061502,,1,1998,5,5,5,1.0,1.0,5910.0,,,0,,11125.0,9361.0,0,0,0,0,0,0,0.0,0.0,0.0,0.0,1.0,1,26,5910.0,0,0.0,0.0,0.0,0.0,0.0,0
1061903,,2,1998,7,5,5,2.0,1.0,,219.0,,0,,13409.0,10241.0,1300,0,0,0,0,0,27.0,0.0,0.0,1300.0,1.0,1,26,219.0,1300,27.0,0.0,27.0,0.1232876712328767,0.1232876712328767,0
1063001,,1,1988,7,1,5,1.0,1.0,5180.0,,,0,,5936.0,5228.0,2258,0,0,0,0,0,109.0,0.0,124.0,2258.0,1.0,1,36,5180.0,2258,109.0,124.0,233.0,0.04498069498069498,0.04498069498069498,0
1069602,,2,1988,7,1,3,1.0,1.0,3026.0,,,0,,9071.0,8003.0,10827,0,0,0,0,0,256.0,3.0,305.0,10692.0,1.0,1,36,3026.0,10827,259.0,305.0,564.0,0.18638466622604097,0.18638466622604097,0
1070103,,1,1987,7,5,3,1.0,1.0,3640.0,,,0,,4666.0,4270.0,30000,0,0,1500,0,0,1800.0,0.0,0.0,30000.0,1.0,1,37,3640.0,31500,1800.0,0.0,1800.0,0.4945054945054945,0.4945054945054945,1
1070403,,1,1996,6,5,3,1.0,1.0,3700.0,,,0,,14838.0,13902.0,0,0,0,0,0,0,0.0,0.0,0.0,0.0,1.0,1,28,3700.0,0,0.0,0.0,0.0,0.0,0.0,0
1070901,,1,1988,7,1,3,1.0,1.0,9130.0,,,0,,10216.0,8668.0,0,0,0,0,0,0,180.0,0.0,5000.0,0.0,1.0,2,36,9130.0,0,180.0,5000.0,5180.0,0.5673603504928806,0.5673603504928806,1
1071101,,1,1986,7,1,3,1.0,1.0,7140.0,,,0,,9195.0,7875.0,16500,0,0,1000,0,0,660.0,0.0,264.0,16500.0,1.0,1,38,7140.0,17500,660.0,264.0,924.0,0.12941176470588237,0.12941176470588237,0
1071401,,1,1987,7,1,3,1.0,1.0,6000.0,,,0,,6486.0,5646.0,0,0,0,0,0,0,0.0,0.0,0.0,0.0,1.0,3,37,6000.0,0,0.0,0.0,0.0,0.0,0.0,0
1071501,,1,1989,5,5,3,1.0,1.0,7330.0,,,0,,7340.0,6140.0,3684,0,0,0,0,0,0.0,612.0,0.0,0.0,1.0,2,35,7330.0,3684,612.0,0.0,612.0,0.0834924965893588,0.0834924965893588,0
1072101,,2,2002,7,5,5,9.0,,,380.0,,0,,1503.0,1503.0,0,0,0,0,0,0,0.0,0.0,,,,5,22,380.0,0,0.0,0.0,0.0,0.0,0.0,0
1073102,,2,1990,7,5,3,1.0,1.0,4180.0,,,0,,5038.0,4462.0,2500,0,0,0,0,0,40.0,0.0,0.0,2500.0,1.0,3,34,4180.0,2500,40.0,0.0,40.0,0.009569377990430622,0.009569377990430622,0
1073501,,1,1991,5,1,3,1.0,1.0,3864.0,,,0,,6170.0,5714.0,12930,0,0,0,0,0,270.0,0.0,870.0,12930.0,1.0,1,33,3864.0,12930,270.0,870.0,1140.0,0.2950310559006211,0.2950310559006211,0
1073502,,2,1990,5,1,3,2.0,1.0,,1580.0,,0,,6170.0,5714.0,12930,0,0,0,0,0,270.0,0.0,870.0,12930.0,1.0,1,34,1580.0,12930,270.0,870.0,1140.0,0.7215189873417721,0.7215189873417721,1
1073603,,1,1990,5,5,3,1.0,1.0,3840.0,,,0,,8568.0,7512.0,14824,0,0,0,0,0,23.0,436.0,0.0,1000.0,1.0,1,34,3840.0,14824,459.0,0.0,459.0,0.11953125,0.11953125,0
1073902,,1,1990,8,5,3,1.0,1.0,2062.0,420.0,,100,,3070.0,2686.0,11990,0,0,0,0,0,600.0,480.0,0.0,9000.0,1.0,1,34,2582.0,11990,1080.0,0.0,1080.0,0.418280402788536,0.418280402788536,1
1074203,,2,2004,7,5,3,2.0,1.0,,250.0,,0,,8795.0,8027.0,10607,0,0,0,0,0,279.0,0.0,393.0,1607.0,1.0,1,20,250.0,10607,279.0,393.0,672.0,2.688,2.688,1
1074504,,1,1998,6,5,3,1.0,1.0,7120.0,,,0,,13807.0,11839.0,828,0,0,19800,0,0,0.0,50.0,0.0,0.0,1.0,1,26,7120.0,20628,50.0,0.0,50.0,0.007022471910112359,0.007022471910112359,0
1075101,,2,1990,7,5,1,1.0,1.0,1040.0,,,0,,1640.0,1520.0,0,0,0,0,0,0,0.0,0.0,,,,4,34,1040.0,0,0.0,0.0,0.0,0.0,0.0,0
1075703,,2,1987,7,5,3,1.0,1.0,3236.0,,,0,,12921.0,11817.0,0,0,0,3000,0,0,0.0,0.0,0.0,0.0,1.0,1,37,3236.0,3000,0.0,0.0,0.0,0.0,0.0,0
1075803,,1,1999,6,5,3,1.0,1.0,2940.0,,,0,,13761.0,13041.0,0,0,0,500,0,0,0.0,0.0,0.0,0.0,1.0,1,25,2940.0,500,0.0,0.0,0.0,0.0,0.0,0
1076902,,1,1997,7,5,3,2.0,1.0,,3440.0,,0,,4294.0,3922.0,7000,0,0,0,0,0,0.0,0.0,0.0,0.0,1.0,1,27,3440.0,7000,0.0,0.0,0.0,0.0,0.0,0
1081101,,1,1990,8,1,2,1.0,1.0,4850.0,,,0,,10990.0,9310.0,28000,0,0,0,0,0,0.0,0.0,0.0,0.0,1.0,2,34,4850.0,28000,0.0,0.0,0.0,0.0,0.0,0
1082303,,2,2001,7,5,2,2.0,1.0,,750.0,,0,,8980.0,8596.0,0,10000,0,0,0,0,0.0,1400.0,,,,5,23,750.0,10000,1400.0,0.0,1400.0,1.8666666666666667,1.8666666666666667,1
1084003,,2,2003,5,5,2,2.0,1.0,,750.0,,0,,3561.0,3552.6,0,0,0,0,0,0,0.0,0.0,,,,5,21,750.0,0,0.0,0.0,0.0,0.0,0.0,0
1084904,,1,1995,5,5,2,3.0,1.0,,2838.0,,0,,10994.0,10454.0,3836,0,0,0,0,0,160.0,0.0,164.0,3836.0,1.0,1,29,2838.0,3836,160.0,164.0,324.0,0.11416490486257928,0.11416490486257928,0
1084903,,2,1990,7,1,2,1.0,1.0,4130.0,,,0,,4191.0,3735.0,15000,0,0,0,0,0,193.0,0.0,0.0,15000.0,1.0,2,34,4130.0,15000,193.0,0.0,193.0,0.046731234866828085,0.046731234866828085,0
1085204,,1,2000,7,5,2,9.0,,,,,1070,,8218.0,7282.0,0,0,0,15500,0,0,0.0,0.0,0.0,0.0,1.0,2,24,1070.0,15500,0.0,0.0,0.0,0.0,0.0,0
1085203,,1,1996,7,5,2,8.0,,3312.0,,,0,,3450.0,3030.0,0,0,0,0,0,0,0.0,0.0,,,,5,28,3312.0,0,0.0,0.0,0.0,0.0,0.0,0
1085402,,1,2001,7,5,2,9.0,,,,,753,,3058.0,2938.0,3692,0,0,0,0,0,0.0,60.0,0.0,0.0,1.0,1,23,753.0,3692,60.0,0.0,60.0,0.0796812749003984,0.0796812749003984,0
1086901,,1,1985,5,4,2,1.0,1.0,7198.0,,,0,,12694.0,10798.0,1405,0,0,0,0,0,0.0,132.0,0.0,0.0,1.0,3,39,7198.0,1405,132.0,0.0,132.0,0.018338427340928037,0.018338427340928037,0
1088302,,2,1988,7,1,2,6.0,,,,2882.0,0,,6901.0,6037.0,11040,0,0,0,0,0,360.0,0.0,960.0,11040.0,1.0,1,36,2882.0,11040,360.0,960.0,1320.0,0.4580152671755725,0.4580152671755725,1
1091603,,2,1989,7,5,3,1.0,1.0,2500.0,,,0,,4366.0,4078.0,0,0,0,0,0,0,0.0,0.0,0.0,0.0,1.0,1,35,2500.0,0,0.0,0.0,0.0,0.0,0.0,0
1092203,,1,1992,7,1,3,1.0,2.0,3920.0,,,0,,9410.0,8570.0,16270,0,0,0,0,0,270.0,13.0,546.0,12270.0,1.0,1,32,3920.0,16270,283.0,546.0,829.0,0.2114795918367347,0.2114795918367347,0
1092503,,2,1985,5,3,3,2.0,1.0,,2400.0,,0,,8240.0,7988.0,15000,0,0,0,0,0,180.0,552.0,0.0,5000.0,1.0,1,39,2400.0,15000,732.0,0.0,732.0,0.305,0.305,0
1092902,,2,1992,7,1,3,1.0,1.0,3300.0,,,0,,10380.0,9312.0,23852,0,0,0,0,0,0.0,252.0,0.0,14000.0,1.0,2,32,3300.0,23852,252.0,0.0,252.0,0.07636363636363637,0.07636363636363637,0
1092951,,1,1992,6,1,3,1.0,1.0,5700.0,,,0,,10380.0,9312.0,23852,0,0,0,0,0,0.0,252.0,0.0,14000.0,1.0,2,32,5700.0,23852,252.0,0.0,252.0,0.04421052631578947,0.04421052631578947,0
1093704,,1,1989,7,5,3,1.0,1.0,7481.0,,,0,,15401.0,14501.0,0,0,0,0,0,0,0.0,0.0,0.0,0.0,1.0,1,35,7481.0,0,0.0,0.0,0.0,0.0,0.0,0
1095203,,2,1994,7,5,3,1.0,1.0,2880.0,,,0,,6758.0,6266.0,0,0,0,0,0,0,0.0,0.0,0.0,0.0,1.0,1,30,2880.0,0,0.0,0.0,0.0,0.0,0.0,0
1095903,,1,1993,7,5,3,1.0,1.0,3720.0,,,0,,7577.0,6989.0,0,0,0,0,0,0,0.0,0.0,0.0,0.0,1.0,1,31,3720.0,0,0.0,0.0,0.0,0.0,0.0,0
1096201,,1,1987,7,1,3,1.0,1.0,1350.0,,,0,,4576.0,3892.0,1500,0,1600,0,0,0,0.0,180.0,0.0,0.0,1.0,2,37,1350.0,3100,180.0,0.0,180.0,0.13333333333333333,0.13333333333333333,0
1096202,,2,1992,7,1,3,1.0,1.0,2580.0,,,0,,4576.0,3892.0,1500,0,1600,0,0,0,0.0,180.0,0.0,0.0,1.0,2,32,2580.0,3100,180.0,0.0,180.0,0.06976744186046512,0.06976744186046512,0
1097701,,1,1989,5,5,3,1.0,1.0,4040.0,,,0,,4040.0,3332.0,0,0,0,0,0,0,0.0,0.0,0.0,0.0,1.0,3,35,4040.0,0,0.0,0.0,0.0,0.0,0.0,0
1098001,,1,1990,7,5,3,2.0,1.0,,2940.0,,0,,3340.0,3028.0,0,0,0,0,0,0,0.0,0.0,,,,5,34,2940.0,0,0.0,0.0,0.0,0.0,0.0,0
1098101,,1,1994,7,5,3,1.0,1.0,2576.0,2160.0,,0,,4866.0,4170.0,0,0,0,0,0,0,0.0,0.0,0.0,0.0,1.0,3,30,4736.0,0,0.0,0.0,0.0,0.0,0.0,0
1101101,,1,1988,7,5,3,1.0,1.0,4220.0,,,0,,4383.0,3951.0,0,0,0,0,0,0,0.0,0.0,0.0,0.0,1.0,3,36,4220.0,0,0.0,0.0,0.0,0.0,0.0,0
1101401,,1,1987,6,1,3,6.0,,,,5840.0,0,,7820.0,7424.0,2882,0,0,3000,0,0,125.0,0.0,259.0,2882.0,1.0,1,37,5840.0,5882,125.0,259.0,384.0,0.06575342465753424,0.06575342465753424,0
1101402,,2,1987,7,1,3,2.0,1.0,,550.0,,0,,7820.0,7424.0,2882,0,0,3000,0,0,125.0,0.0,259.0,2882.0,1.0,1,37,550.0,5882,125.0,259.0,384.0,0.6981818181818182,0.6981818181818182,1
1103503,,1,1985,7,1,4,1.0,1.0,3576.0,,,0,,9685.0,9301.0,0,0,0,0,0,0,0.0,0.0,0.0,0.0,1.0,1,39,3576.0,0,0.0,0.0,0.0,0.0,0.0,0
1103504,,2,1995,5,1,4,2.0,1.0,,1862.0,,0,,9685.0,9301.0,0,0,0,0,0,0,0.0,0.0,0.0,0.0,1.0,1,29,1862.0,0,0.0,0.0,0.0,0.0,0.0,0
1104701,,2,1998,6,5,4,1.0,1.0,2640.0,,,0,,2776.0,2500.0,360,0,0,0,0,0,0.0,36.0,0.0,0.0,1.0,3,26,2640.0,360,36.0,0.0,36.0,0.013636363636363636,0.013636363636363636,0
1107703,,2,1998,5,5,2,9.0,,,108.0,,0,,766.0,740.8,0,0,0,0,0,0,0.0,0.0,0.0,0.0,1.0,3,26,108.0,0,0.0,0.0,0.0,0.0,0.0,0
1107702,,2,1997,6,1,2,9.0,,588.0,,,0,,4668.0,4368.0,700,0,0,0,0,0,0.0,0.0,0.0,0.0,1.0,3,27,588.0,700,0.0,0.0,0.0,0.0,0.0,0
1107751,,1,1994,6,1,2,2.0,3.0,1764.0,1980.0,,0,,4668.0,4368.0,700,0,0,0,0,0,0.0,0.0,0.0,0.0,1.0,3,30,3744.0,700,0.0,0.0,0.0,0.0,0.0,0
1108501,,1,1987,7,5,2,8.0,,824.0,,,0,,824.0,464.0,0,0,0,0,0,0,0.0,0.0,0.0,0.0,1.0,1,37,824.0,0,0.0,0.0,0.0,0.0,0.0,0
1110102,,1,1993,5,5,2,9.0,,,,,192,,2598.0,2488.8,0,0,0,0,0,0,0.0,0.0,0.0,0.0,1.0,3,31,192.0,0,0.0,0.0,0.0,0.0,0.0,0
1110303,,1,1997,7,5,2,2.0,1.0,,2040.0,,0,,5433.0,5073.0,215,0,0,0,0,0,0.0,36.0,0.0,0.0,1.0,1,27,2040.0,215,36.0,0.0,36.0,0.01764705882352941,0.01764705882352941,0
1110503,,2,1998,7,5,2,9.0,,,600.0,,0,,8090.0,7526.0,6000,0,0,0,0,0,0.0,360.0,0.0,0.0,1.0,1,26,600.0,6000,360.0,0.0,360.0,0.6,0.6,1
1110504,,1,2000,6,5,2,9.0,,,600.0,,0,,8090.0,7526.0,6000,0,0,0,0,0,0.0,360.0,0.0,0.0,1.0,1,24,600.0,6000,360.0,0.0,360.0,0.6,0.6,1
1110505,,2,2002,7,5,2,9.0,,,190.0,,0,,8090.0,7526.0,6000,0,0,0,0,0,0.0,360.0,0.0,0.0,1.0,1,22,190.0,6000,360.0,0.0,360.0,1.894736842105263,1.894736842105263,1
1110604,,2,2002,6,5,2,9.0,,,270.0,,0,,9303.0,8079.0,0,0,0,0,0,0,0.0,0.0,0.0,0.0,1.0,1,22,270.0,0,0.0,0.0,0.0,0.0,0.0,0
1110701,,1,1991,7,1,2,1.0,1.0,4000.0,,,0,,7214.0,6482.0,0,0,0,0,0,0,0.0,0.0,0.0,0.0,1.0,2,33,4000.0,0,0.0,0.0,0.0,0.0,0.0,0
1110702,,2,1995,6,1,2,1.0,1.0,3194.0,,,0,,7214.0,6482.0,0,0,0,0,0,0,0.0,0.0,0.0,0.0,1.0,2,29,3194.0,0,0.0,0.0,0.0,0.0,0.0,0
1110803,,2,2005,5,5,2,9.0,,,118.0,,0,,6411.0,5823.0,350,0,0,0,0,0,0.0,216.0,0.0,0.0,1.0,3,19,118.0,350,216.0,0.0,216.0,1.8305084745762712,1.8305084745762712,1
1112403,,2,1996,7,5,2,2.0,1.0,,4500.0,,0,,17370.0,14550.0,0,0,0,0,0,0,0.0,0.0,0.0,0.0,1.0,1,28,4500.0,0,0.0,0.0,0.0,0.0,0.0,0
1112503,,2,1995,6,5,2,1.0,1.0,3500.0,,,0,,21254.0,17918.0,0,0,0,40000,0,0,0.0,0.0,,,,5,29,3500.0,40000,0.0,0.0,0.0,0.0,0.0,0
1112703,,1,2005,7,5,2,9.0,,,1045.0,,0,,20153.0,17717.0,0,0,0,0,0,0,0.0,0.0,0.0,0.0,1.0,1,19,1045.0,0,0.0,0.0,0.0,0.0,0.0,0
1114102,,1,1997,5,5,3,2.0,1.0,,1940.0,,0,,3432.0,3390.0,0,0,0,0,0,0,0.0,0.0,,,,5,27,1940.0,0,0.0,0.0,0.0,0.0,0.0,0
1114502,,1,1999,5,5,3,2.0,1.0,,7200.0,,0,,15650.0,13418.0,23000,0,0,3000,0,0,0.0,690.0,0.0,0.0,1.0,3,25,7200.0,26000,690.0,0.0,690.0,0.09583333333333334,0.09583333333333334,0
1115902,,2,1999,6,5,3,2.0,1.0,,716.0,,0,,5002.0,4474.0,10000,0,0,0,0,0,0.0,0.0,0.0,0.0,1.0,3,25,716.0,10000,0.0,0.0,0.0,0.0,0.0,0
1117601,,1,1987,7,1,3,1.0,1.0,5010.0,,,0,,6786.0,6246.0,10000,0,0,0,0,0,450.0,0.0,0.0,10000.0,1.0,1,37,5010.0,10000,450.0,0.0,450.0,0.08982035928143713,0.08982035928143713,0
1118204,,1,2004,5,5,3,1.0,1.0,2654.0,413.0,,0,,8966.0,8210.0,800,0,0,6500,0,0,0.0,56.0,0.0,0.0,1.0,1,20,3067.0,7300,56.0,0.0,56.0,0.018258884903814804,0.018258884903814804,0
1118901,,1,1994,7,5,3,2.0,3.0,,4200.0,,0,,4250.0,3926.0,3400,0,0,0,0,0,16.0,70.0,0.0,0.0,1.0,3,30,4200.0,3400,86.0,0.0,86.0,0.020476190476190478,0.020476190476190478,0
1119002,,1,1994,6,5,3,3.0,1.0,,1708.0,,0,,2149.0,1972.6,2000,0,0,0,0,0,0.0,126.0,0.0,0.0,1.0,1,30,1708.0,2000,126.0,0.0,126.0,0.07377049180327869,0.07377049180327869,0
1119301,,1,1986,7,1,3,1.0,1.0,2903.0,,,0,,8367.0,7071.0,12711,0,0,0,0,0,381.0,0.0,289.0,12711.0,1.0,1,38,2903.0,12711,381.0,289.0,670.0,0.23079572855666552,0.23079572855666552,0
1119703,,1,1986,7,5,3,1.0,1.0,4335.0,,,0,,6322.0,5938.0,0,0,0,0,0,0,0.0,0.0,0.0,0.0,1.0,1,38,4335.0,0,0.0,0.0,0.0,0.0,0.0,0
1121001,,2,1987,5,5,3,6.0,,,,5400.0,0,,5631.0,5475.0,0,0,0,0,0,0,0.0,210.0,0.0,0.0,1.0,1,37,5400.0,0,210.0,0.0,210.0,0.03888888888888889,0.03888888888888889,0
1123703,,1,2001,7,5,4,2.0,1.0,,2784.0,,0,,12772.0,11116.0,32948,0,0,0,0,0,732.0,210.0,0.0,11000.0,1.0,2,23,2784.0,32948,942.0,0.0,942.0,0.33836206896551724,0.33836206896551724,0
1124203,,2,2000,6,5,4,1.0,1.0,2695.0,,,0,,9024.0,8220.0,6400,0,0,0,0,0,420.0,30.0,0.0,6000.0,1.0,1,24,2695.0,6400,450.0,0.0,450.0,0.16697588126159554,0.16697588126159554,0
1126703,,2,1998,7,5,2,2.0,2.0,,2310.0,,0,,8650.0,7942.0,0,0,0,0,0,0,0.0,0.0,,,,5,26,2310.0,0,0.0,0.0,0.0,0.0,0.0,0
1126704,,2,1997,7,5,2,1.0,1.0,3000.0,,,0,,8650.0,7942.0,0,0,0,0,0,0,0.0,0.0,,,,5,27,3000.0,0,0.0,0.0,0.0,0.0,0.0,0
1127003,,1,1988,7,5,2,1.0,1.0,5360.0,,,0,,11561.0,10301.0,0,0,0,0,0,0,0.0,0.0,0.0,0.0,1.0,1,36,5360.0,0,0.0,0.0,0.0,0.0,0.0,0
1128801,,1,1986,6,1,3,1.0,1.0,4200.0,,,0,,10670.0,9626.0,20000,0,0,0,0,0,220.0,0.0,0.0,20000.0,1.0,1,38,4200.0,20000,220.0,0.0,220.0,0.05238095238095238,0.05238095238095238,0
1128901,,1,1987,5,1,3,2.0,1.0,,2972.0,600.0,0,,6499.0,6211.0,7182,0,0,0,0,0,321.0,35.0,0.0,7000.0,1.0,2,37,3572.0,7182,356.0,0.0,356.0,0.09966405375139978,0.09966405375139978,0
1129303,,1,2002,7,5,3,9.0,,,131.0,,0,,8368.0,7060.0,0,0,0,0,0,0,0.0,0.0,0.0,0.0,1.0,1,22,131.0,0,0.0,0.0,0.0,0.0,0.0,0
1129304,,1,1995,7,5,3,6.0,,,,1100.0,0,,8368.0,7060.0,0,0,0,0,0,0,0.0,0.0,0.0,0.0,1.0,1,29,1100.0,0,0.0,0.0,0.0,0.0,0.0,0
1129903,,1,1990,7,5,3,1.0,1.0,4030.0,,,0,,9874.0,8914.0,0,0,0,0,0,0,0.0,0.0,0.0,0.0,1.0,1,34,4030.0,0,0.0,0.0,0.0,0.0,0.0,0
1130603,,1,1994,7,5,3,1.0,1.0,4387.0,,,0,,8757.0,7521.0,0,0,0,0,0,0,0.0,0.0,0.0,0.0,1.0,1,30,4387.0,0,0.0,0.0,0.0,0.0,0.0,0
1130702,,2,1994,4,1,3,1.0,1.0,2520.0,,,0,,9316.0,8356.0,6390,0,0,0,0,0,0.0,90.0,0.0,0.0,1.0,3,30,2520.0,6390,90.0,0.0,90.0,0.03571428571428571,0.03571428571428571,0
1131203,,1,1998,6,1,3,1.0,1.0,3840.0,,,0,,6240.0,5760.0,0,0,0,0,0,0,0.0,0.0,,,,4,26,3840.0,0,0.0,0.0,0.0,0.0,0.0,0
1131251,,2,1997,6,1,3,9.0,,,1440.0,,0,,6240.0,5760.0,0,0,0,0,0,0,0.0,0.0,,,,4,27,1440.0,0,0.0,0.0,0.0,0.0,0.0,0
1131503,,2,1998,7,5,3,1.0,1.0,3300.0,,,0,,3500.0,3164.0,0,0,0,0,0,0,0.0,0.0,0.0,0.0,1.0,3,26,3300.0,0,0.0,0.0,0.0,0.0,0.0,0
1132101,,1,1991,7,1,3,1.0,1.0,4880.0,,,0,,9421.0,7957.0,19800,0,0,0,0,0,960.0,0.0,200.0,19800.0,1.0,1,33,4880.0,19800,960.0,200.0,1160.0,0.23770491803278687,0.23770491803278687,0
1132102,,2,1994,7,1,3,1.0,1.0,4496.0,,,0,,9421.0,7957.0,19800,0,0,0,0,0,960.0,0.0,200.0,19800.0,1.0,1,30,4496.0,19800,960.0,200.0,1160.0,0.2580071174377224,0.2580071174377224,0
1133002,,1,2004,5,5,3,9.0,,,,,15,,2152.0,2147.2,0,0,0,0,0,0,0.0,0.0,0.0,0.0,1.0,1,20,15.0,0,0.0,0.0,0.0,0.0,0.0,0
1134904,,1,2002,7,5,3,9.0,,,,,1179,,10373.0,9305.0,9368,0,0,0,0,0,312.0,0.0,432.0,7068.0,1.0,1,22,1179.0,9368,312.0,432.0,744.0,0.6310432569974554,0.6310432569974554,1
1135603,,1,1992,7,5,3,1.0,1.0,576.0,,,0,,7636.0,7216.0,0,0,0,0,0,0,0.0,0.0,0.0,0.0,1.0,1,32,576.0,0,0.0,0.0,0.0,0.0,0.0,0
1138401,,1,1986,7,1,4,1.0,1.0,4200.0,,,0,,5306.0,4994.0,4500,0,0,0,0,0,216.0,200.0,0.0,2500.0,1.0,1,38,4200.0,4500,416.0,0.0,416.0,0.09904761904761905,0.09904761904761905,0
1138503,,2,1987,7,1,4,1.0,1.0,2400.0,,,0,,6920.0,6476.0,0,0,0,0,0,0,0.0,0.0,0.0,0.0,1.0,1,37,2400.0,0,0.0,0.0,0.0,0.0,0.0,0
1138703,,1,1991,7,5,4,1.0,1.0,6100.0,,,0,,14723.0,14075.0,0,0,0,0,0,0,0.0,0.0,0.0,0.0,1.0,1,33,6100.0,0,0.0,0.0,0.0,0.0,0.0,0
1138803,,2,1995,7,5,4,1.0,1.0,1024.0,,,0,,8454.0,7950.0,0,0,0,0,0,0,0.0,0.0,0.0,0.0,1.0,1,29,1024.0,0,0.0,0.0,0.0,0.0,0.0,0
1139203,,2,1991,7,5,4,1.0,1.0,3164.0,,,0,,7564.0,7120.0,0,0,0,0,0,0,0.0,0.0,0.0,0.0,1.0,1,33,3164.0,0,0.0,0.0,0.0,0.0,0.0,0
1139803,,1,1986,7,5,3,6.0,,,,1000.0,0,,3841.0,3517.0,2000,0,0,3300,0,0,0.0,88.0,0.0,0.0,1.0,1,38,1000.0,5300,88.0,0.0,88.0,0.088,0.088,0
1141201,,2,1989,5,5,3,4.0,2.0,,2160.0,,0,,2925.0,2901.0,0,0,0,0,0,0,0.0,0.0,0.0,0.0,1.0,3,35,2160.0,0,0.0,0.0,0.0,0.0,0.0,0
1142103,,2,1994,7,5,3,8.0,,2010.0,,,0,,14191.0,13567.0,53000,0,0,40000,0,0,240.0,1800.0,600.0,6000.0,1.0,1,30,2010.0,93000,2040.0,600.0,2640.0,1.3134328358208955,1.3134328358208955,1
1143401,,1,1991,5,5,3,2.0,2.0,,3000.0,,200,,3570.0,3318.0,0,0,0,0,0,1000,0.0,0.0,0.0,0.0,1.0,3,33,3200.0,1000,0.0,0.0,0.0,0.0,0.0,0
1143502,,1,1985,7,5,3,2.0,3.0,,2002.0,,0,,4920.0,4524.0,0,0,0,0,0,0,0.0,0.0,0.0,0.0,1.0,1,39,2002.0,0,0.0,0.0,0.0,0.0,0.0,0
1144701,,1,1990,6,5,3,1.0,1.0,5505.0,,,0,,9282.0,8022.0,3000,0,0,0,0,0,81.0,90.0,1800.0,3000.0,1.0,3,34,5505.0,3000,171.0,1800.0,1971.0,0.3580381471389646,0.3580381471389646,0
1144702,,2,1994,6,5,3,1.0,1.0,3705.0,,,0,,9282.0,8022.0,3000,0,0,0,0,0,81.0,90.0,1800.0,3000.0,1.0,3,30,3705.0,3000,171.0,1800.0,1971.0,0.5319838056680162,0.5319838056680162,1
1144851,,1,1993,7,5,2,6.0,,,,3055.0,0,,5242.0,5050.0,0,0,0,0,0,0,0.0,0.0,,,,6,31,3055.0,0,0.0,0.0,0.0,0.0,0.0,0
1145003,,1,1998,6,5,4,1.0,1.0,2700.0,,,0,,6165.8,5985.8,2000,0,0,0,0,0,44.0,0.0,0.0,2000.0,1.0,1,26,2700.0,2000,44.0,0.0,44.0,0.016296296296296295,0.016296296296296295,0
1146401,,1,1985,6,5,4,1.0,1.0,4845.0,,,0,,8549.0,7949.0,0,0,0,0,0,0,0.0,0.0,0.0,0.0,1.0,1,39,4845.0,0,0.0,0.0,0.0,0.0,0.0,0
1148403,,1,1989,7,5,4,6.0,,,,3300.0,0,,9222.0,9042.0,0,0,0,0,0,0,0.0,0.0,0.0,0.0,1.0,1,35,3300.0,0,0.0,0.0,0.0,0.0,0.0,0
1150603,,1,1997,6,5,4,2.0,1.0,,3000.0,,0,,11556.0,10884.0,12000,0,0,0,0,0,840.0,0.0,0.0,12000.0,1.0,1,27,3000.0,12000,840.0,0.0,840.0,0.28,0.28,0
1151102,,1,1990,4,3,3,6.0,,,,4360.0,0,,9861.0,9537.0,3000,2000,5000,0,0,2500,0.0,0.0,0.0,0.0,1.0,3,34,4360.0,12500,0.0,0.0,0.0,0.0,0.0,0
1151104,,1,1993,5,5,3,1.0,1.0,2185.0,491.0,,0,,9861.0,9537.0,3000,2000,5000,0,0,2500,0.0,0.0,0.0,0.0,1.0,3,31,2676.0,12500,0.0,0.0,0.0,0.0,0.0,0
1152603,,2,1992,7,5,2,2.0,1.0,,3000.0,,0,,5338.0,4714.0,0,0,0,0,0,0,0.0,0.0,0.0,0.0,1.0,3,32,3000.0,0,0.0,0.0,0.0,0.0,0.0,0
1153303,,1,1990,5,5,2,9.0,,,240.0,,0,,3760.0,3700.0,600,0,4380,0,0,0,0.0,143.0,0.0,0.0,1.0,1,34,240.0,4980,143.0,0.0,143.0,0.5958333333333333,0.5958333333333333,1
1154203,,1,1996,7,5,2,9.0,,,960.0,,0,,9768.0,9072.0,17265,5000,70,1000,0,0,456.0,270.0,385.0,11615.0,1.0,1,28,960.0,23335,726.0,385.0,1111.0,1.1572916666666666,1.1572916666666666,1
1154204,,1,2000,7,5,2,9.0,,,575.0,,0,,9768.0,9072.0,17265,5000,70,1000,0,0,456.0,270.0,385.0,11615.0,1.0,1,24,575.0,23335,726.0,385.0,1111.0,1.9321739130434783,1.9321739130434783,1
1155203,,2,1997,7,5,2,2.0,1.0,,1848.0,,0,,5760.0,5532.0,0,0,0,0,0,0,160.0,0.0,13213.0,0.0,1.0,1,27,1848.0,0,160.0,13213.0,13373.0,7.236471861471862,5.0,1
1157201,,2,1996,7,5,1,1.0,1.0,2000.0,,,0,,2844.0,2640.0,7000,0,0,0,0,0,0.0,200.0,0.0,0.0,1.0,3,28,2000.0,7000,200.0,0.0,200.0,0.1,0.1,0
1158803,,2,2003,7,5,3,9.0,,,256.0,,0,,11717.0,10109.0,8000,0,0,0,0,0,196.0,0.0,0.0,8000.0,1.0,1,21,256.0,8000,196.0,0.0,196.0,0.765625,0.765625,1
1159603,,1,1985,7,5,3,1.0,1.0,2544.0,,,0,,2712.0,2424.0,0,0,0,0,0,0,0.0,0.0,0.0,0.0,1.0,3,39,2544.0,0,0.0,0.0,0.0,0.0,0.0,0
1171603,,2,1991,7,5,3,1.0,1.0,2400.0,,,0,,7255.0,6679.0,0,0,0,0,0,0,0.0,0.0,0.0,0.0,1.0,1,33,2400.0,0,0.0,0.0,0.0,0.0,0.0,0
1171604,,1,1995,7,5,3,2.0,1.0,,3000.0,,0,,7255.0,6679.0,0,0,0,0,0,0,0.0,0.0,0.0,0.0,1.0,1,29,3000.0,0,0.0,0.0,0.0,0.0,0.0,0
1175203,,2,1996,7,5,3,9.0,,,800.0,,0,,22218.0,16650.0,0,0,0,0,0,0,0.0,0.0,0.0,0.0,1.0,1,28,800.0,0,0.0,0.0,0.0,0.0,0.0,0
1176102,,2,1993,7,5,3,1.0,1.0,3912.0,,,0,,12822.0,11910.0,13231,0,0,300,0,0,791.0,240.0,649.0,13231.0,1.0,1,31,3912.0,13531,1031.0,649.0,1680.0,0.4294478527607362,0.4294478527607362,1
1177401,,1,2000,7,5,3,9.0,,,1300.0,,0,,1863.0,1863.0,0,0,0,0,0,0,0.0,0.0,0.0,0.0,1.0,2,24,1300.0,0,0.0,0.0,0.0,0.0,0.0,0
1177501,,1,1998,6,5,3,9.0,,,1041.0,,0,,1359.0,1282.2,0,0,0,0,0,0,0.0,0.0,0.0,0.0,1.0,3,26,1041.0,0,0.0,0.0,0.0,0.0,0.0,0
1179503,,2,2003,7,5,4,9.0,,,495.0,,0,,3301.0,3205.0,6100,0,0,0,0,0,0.0,389.0,0.0,0.0,1.0,1,21,495.0,6100,389.0,0.0,389.0,0.7858585858585858,0.7858585858585858,1
1179703,,2,2001,7,5,4,9.0,,,461.0,,0,,13618.0,12682.0,0,0,30,2000,0,0,0.0,0.0,0.0,0.0,1.0,1,23,461.0,2030,0.0,0.0,0.0,0.0,0.0,0
1182003,,1,1995,7,1,4,1.0,1.0,6000.0,,,0,,18306.0,17346.0,0,0,0,4000,0,0,0.0,0.0,0.0,0.0,1.0,1,29,6000.0,4000,0.0,0.0,0.0,0.0,0.0,0
1182301,,1,1997,7,5,4,2.0,1.0,,640.0,,0,,1526.0,1478.0,6600,0,0,0,0,0,96.0,0.0,0.0,3600.0,1.0,2,27,640.0,6600,96.0,0.0,96.0,0.15,0.15,0
1183503,,1,1987,7,5,4,9.0,,,70.0,,0,,6728.0,6356.0,1700,0,0,0,0,324,50.0,15.0,300.0,1700.0,1.0,1,37,70.0,2024,65.0,300.0,365.0,5.214285714285714,5.0,1
1183504,,1,1985,7,1,4,1.0,1.0,3142.0,,,0,,6728.0,6356.0,1700,0,0,0,0,324,50.0,15.0,300.0,1700.0,1.0,1,39,3142.0,2024,65.0,300.0,365.0,0.11616804583068109,0.11616804583068109,0
1185603,,1,1997,6,5,3,1.0,1.0,4344.0,,,0,,12277.0,11449.0,0,0,0,0,0,0,0.0,0.0,0.0,0.0,1.0,1,27,4344.0,0,0.0,0.0,0.0,0.0,0.0,0
1185703,,2,2004,5,5,3,3.0,1.0,,646.0,,0,,9698.0,9158.0,20000,0,0,1000,0,0,0.0,760.0,,,,4,20,646.0,21000,760.0,0.0,760.0,1.1764705882352942,1.1764705882352942,1
1185802,,2,1990,7,1,3,1.0,1.0,2594.0,,,0,,7073.0,6305.0,0,0,0,0,0,0,0.0,0.0,0.0,0.0,1.0,3,34,2594.0,0,0.0,0.0,0.0,0.0,0.0,0
1186103,,1,1990,7,5,3,2.0,1.0,,3600.0,,0,,13810.0,12814.0,0,0,0,0,0,0,0.0,0.0,0.0,0.0,1.0,1,34,3600.0,0,0.0,0.0,0.0,0.0,0.0,0
1187101,,1,1995,5,1,3,1.0,1.0,4644.0,,,0,,6925.0,6169.0,8000,0,0,0,0,0,360.0,0.0,800.0,8000.0,1.0,1,29,4644.0,8000,360.0,800.0,1160.0,0.24978466838931956,0.24978466838931956,0
1187904,,1,2000,6,5,3,2.0,1.0,,1320.0,,0,,7051.0,6907.0,0,0,4856,0,0,0,0.0,124.0,0.0,0.0,1.0,1,24,1320.0,4856,124.0,0.0,124.0,0.09393939393939393,0.09393939393939393,0
1188402,,1,2002,6,5,3,9.0,,,682.0,,0,,2232.0,2178.0,10000,0,0,0,0,0,0.0,900.0,0.0,0.0,1.0,3,22,682.0,10000,900.0,0.0,900.0,1.3196480938416422,1.3196480938416422,1
1188603,,1,1993,5,5,3,9.0,,,1800.0,,0,,12446.0,11762.0,11000,0,1636,0,0,0,0.0,736.0,0.0,0.0,1.0,3,31,1800.0,12636,736.0,0.0,736.0,0.4088888888888889,0.4088888888888889,1
1188702,,2,1992,7,3,3,2.0,3.0,,1000.0,,0,,2080.0,1916.8,0,0,0,0,0,0,0.0,0.0,0.0,0.0,1.0,3,32,1000.0,0,0.0,0.0,0.0,0.0,0.0,0
1189701,,1,1992,7,1,3,1.0,1.0,4800.0,,,0,,5671.0,5011.0,6607,0,0,0,0,0,143.0,0.0,529.0,6607.0,1.0,1,32,4800.0,6607,143.0,529.0,672.0,0.14,0.14,0
1190003,,1,1996,7,5,3,9.0,,,210.0,,0,,4170.0,3954.0,0,0,0,0,0,0,0.0,0.0,,,,4,28,210.0,0,0.0,0.0,0.0,0.0,0.0,0
1190501,,2,1995,5,5,3,2.0,1.0,,5170.0,,0,,5230.0,5170.0,900,0,0,0,0,0,0.0,190.0,0.0,0.0,1.0,3,29,5170.0,900,190.0,0.0,190.0,0.0367504835589942,0.0367504835589942,0
1190801,,1,1987,7,1,3,1.0,1.0,3940.0,,,0,,7607.0,6923.0,16753,0,0,0,0,0,295.0,0.0,629.0,16753.0,1.0,1,37,3940.0,16753,295.0,629.0,924.0,0.23451776649746192,0.23451776649746192,0
1190802,,2,1987,6,1,3,1.0,1.0,3380.0,,,0,,7607.0,6923.0,16753,0,0,0,0,0,295.0,0.0,629.0,16753.0,1.0,1,37,3380.0,16753,295.0,629.0,924.0,0.2733727810650888,0.2733727810650888,0
1191001,,1,1988,7,1,3,1.0,1.0,4590.0,,,0,,13456.0,12748.0,14906,0,0,0,0,0,466.0,0.0,1094.0,14906.0,1.0,1,36,4590.0,14906,466.0,1094.0,1560.0,0.33986928104575165,0.33986928104575165,0
1191002,,2,1993,5,1,3,6.0,,,,8666.0,0,,13456.0,12748.0,14906,0,0,0,0,0,466.0,0.0,1094.0,14906.0,1.0,1,31,8666.0,14906,466.0,1094.0,1560.0,0.18001384721901684,0.18001384721901684,0
1191602,,2,1995,5,5,3,9.0,,,231.0,,0,,1321.0,1321.0,0,0,0,0,0,400,0.0,0.0,0.0,0.0,1.0,3,29,231.0,400,0.0,0.0,0.0,0.0,0.0,0
1191903,,2,1994,7,5,3,1.0,1.0,3021.0,,,0,,6244.0,5764.0,0,0,0,0,0,0,0.0,0.0,0.0,0.0,1.0,1,30,3021.0,0,0.0,0.0,0.0,0.0,0.0,0
1196203,,1,1998,5,5,3,1.0,1.0,2784.0,,,0,,8227.0,7435.0,0,0,0,0,0,0,0.0,0.0,0.0,0.0,1.0,2,26,2784.0,0,0.0,0.0,0.0,0.0,0.0,0
1197002,,2,1986,5,1,3,1.0,1.0,2550.0,,,0,,7603.0,6979.0,580,0,0,0,0,0,0.0,110.0,0.0,0.0,1.0,1,38,2550.0,580,110.0,0.0,110.0,0.043137254901960784,0.043137254901960784,0
1198302,,2,1995,7,1,2,1.0,1.0,3112.0,,,0,,3787.0,3511.0,0,25000,0,0,0,0,0.0,175.0,0.0,0.0,1.0,3,29,3112.0,25000,175.0,0.0,175.0,0.05623393316195373,0.05623393316195373,0
1198502,,2,1988,7,1,3,1.0,1.0,2766.0,,,0,,8489.0,7397.0,21820,0,0,0,0,0,360.0,198.0,840.0,18320.0,1.0,1,36,2766.0,21820,558.0,840.0,1398.0,0.5054229934924078,0.5054229934924078,1
1200503,,1,1990,7,5,3,2.0,2.0,,1440.0,,0,,11484.0,9984.0,9000,0,0,0,0,0,270.0,0.0,0.0,9000.0,1.0,1,34,1440.0,9000,270.0,0.0,270.0,0.1875,0.1875,0
1200504,,2,1997,6,5,3,1.0,1.0,3120.0,,,0,,11484.0,9984.0,9000,0,0,0,0,0,270.0,0.0,0.0,9000.0,1.0,1,27,3120.0,9000,270.0,0.0,270.0,0.08653846153846154,0.08653846153846154,0
